nama	kelas	n_pemakai	homograf_kbbi
Muhammed	orang:nama-depan	237	tidak
Eddy	orang:nama-depan	145	tidak
Amir	orang:nama-depan	88	ya
Herman	orang:nama-depan	84	tidak
Ahmad	orang:nama-depan	71	tidak
Retno	orang:nama-depan	66	tidak
Farida	orang:nama-depan	64	tidak
Abdul	orang:nama-depan	60	ya
John	orang:nama-depan	54	tidak
Mohammad	orang:nama-depan	51	tidak
Eva	orang:nama-depan	51	tidak
Denny	orang:nama-depan	49	tidak
Frans	orang:nama-depan	49	tidak
Erwin	orang:nama-depan	48	tidak
Ali	orang:nama-depan	45	ya
Robert	orang:nama-depan	43	tidak
Maria	orang:nama-depan	38	ya
Dani	orang:nama-depan	38	tidak
Anna	orang:nama-depan	36	tidak
Irma	orang:nama-depan	35	tidak
Anita	orang:nama-depan	35	tidak
Annisa	orang:nama-depan	34	tidak
Dina	orang:nama-depan	34	ya
Anggraini	orang:nama-keluarga	34	tidak
Johan	orang:nama-depan	33	ya
Samuel	orang:nama-depan	33	tidak
Agus	orang:nama-depan	32	ya
Ida	orang:nama-depan	32	ya
Putri	orang:nama-depan	31	ya
Elly	orang:nama-depan	30	tidak
Andi	orang:nama-depan	30	tidak
Paulus	orang:nama-depan	30	tidak
Henry	orang:nama-depan	29	ya
Henny	orang:nama-depan	29	tidak
Hendra	orang:nama-depan	27	tidak
Thomas	orang:nama-depan	27	tidak
Johannes	orang:nama-depan	26	tidak
Albert	orang:nama-depan	26	tidak
Lina	orang:nama-depan	26	tidak
David	orang:nama-depan	25	tidak
Abdullah	orang:nama-depan	25	tidak
Victor	orang:nama-depan	24	tidak
Tommy	orang:nama-depan	24	tidak
Ida Bagus	orang:nama-depan	24	ya
Kurniawan	orang:nama-keluarga	24	tidak
Bobby	orang:nama-depan	23	tidak
Benny	orang:nama-depan	23	tidak
Edward	orang:nama-depan	23	tidak
Kevin	orang:nama-depan	23	tidak
James	orang:nama-depan	23	tidak
Wijaya	orang:nama-keluarga	23	ya
Dwi	orang:nama-depan	22	tidak
Indra	orang:nama-depan	22	ya
Joseph	orang:nama-depan	22	tidak
Daniel	orang:nama-depan	22	tidak
Putri	orang:nama-keluarga	22	ya
Alexander	orang:nama-depan	21	tidak
Rudy	orang:nama-depan	21	tidak
Michael	orang:nama-depan	21	tidak
Tony	orang:nama-depan	21	tidak
Bambang	orang:nama-depan	21	ya
Joko	orang:nama-depan	21	tidak
Theresia	orang:nama-depan	21	tidak
Ronny	orang:nama-depan	21	tidak
Rudi	orang:nama-depan	21	ya
Christian	orang:nama-depan	20	tidak
Jessica	orang:nama-depan	20	tidak
Arie	orang:nama-depan	20	tidak
Teddy	orang:nama-depan	20	tidak
Sarah	orang:nama-depan	20	tidak
Olivia	orang:nama-depan	20	tidak
Eka	orang:nama-depan	19	tidak
Ana	orang:nama-depan	19	ya
Amelia	orang:nama-depan	19	tidak
Adam	orang:nama-depan	19	ya
Anton	orang:nama-depan	19	tidak
Ricky	orang:nama-depan	19	tidak
Leo	orang:nama-depan	19	ya
Arief	orang:nama-depan	19	tidak
Diana	orang:nama-depan	19	tidak
Charles	orang:nama-depan	19	tidak
Gunawan	orang:nama-keluarga	19	ya
Linda	orang:nama-depan	18	tidak
Rizky	orang:nama-depan	18	tidak
Hasan	orang:nama-depan	18	ya
Siti	orang:nama-depan	18	ya
Ronald	orang:nama-depan	17	tidak
Elizabeth	orang:nama-depan	17	tidak
Achmad	orang:nama-depan	17	tidak
Richard	orang:nama-depan	17	tidak
Ryan	orang:nama-depan	17	tidak
Freddy	orang:nama-depan	17	tidak
Jimmy	orang:nama-depan	17	tidak
A.	orang:nama-depan	17	tidak
Amanda	orang:nama-depan	17	tidak
Adi	orang:nama-depan	17	tidak
Harry	orang:nama-depan	17	tidak
Irawati	orang:nama-keluarga	17	tidak
Santoso	orang:nama-keluarga	17	tidak
Natalia	orang:nama-depan	16	tidak
Grace	orang:nama-depan	16	tidak
Johny	orang:nama-depan	16	tidak
Rina	orang:nama-depan	16	tidak
Nadia	orang:nama-depan	16	tidak
Sylvia	orang:nama-depan	16	tidak
Vera	orang:nama-depan	16	tidak
Saputra	orang:nama-keluarga	16	tidak
Rizki	orang:nama-depan	15	tidak
Andre	orang:nama-depan	15	tidak
Donny	orang:nama-depan	15	tidak
Peter	orang:nama-depan	15	tidak
Regina	orang:nama-depan	15	tidak
M.	orang:nama-depan	15	tidak
Steven	orang:nama-depan	15	tidak
Maya	orang:nama-depan	15	ya
Rita	orang:nama-depan	15	tidak
Tina	orang:nama-depan	15	tidak
Dewi	orang:nama-keluarga	15	ya
Chen	orang:nama-keluarga	15	tidak
Sondakh	orang:nama-keluarga	15	tidak
Ade	orang:nama-depan	14	tidak
Yohanes	orang:nama-depan	14	tidak
Fanny	orang:nama-depan	14	tidak
Adrianus	orang:nama-depan	14	tidak
Mario	orang:nama-depan	14	tidak
Ria	orang:nama-depan	14	ya
Vicky	orang:nama-depan	14	tidak
William	orang:nama-depan	14	tidak
Kusuma	orang:nama-keluarga	14	ya
Tan	orang:nama-keluarga	14	ya
Sandy	orang:nama-depan	13	tidak
Sandra	orang:nama-depan	13	tidak
Hendrik	orang:nama-depan	13	tidak
Putra	orang:nama-depan	13	ya
Slamet	orang:nama-depan	13	tidak
Cindy	orang:nama-depan	13	tidak
Laila	orang:nama-depan	13	tidak
Natasha	orang:nama-depan	13	tidak
Nur	orang:nama-depan	13	ya
Hidayat	orang:nama-keluarga	13	ya
Putra	orang:nama-keluarga	13	ya
Adam	orang:nama-keluarga	13	ya
Wanggai	orang:nama-keluarga	13	tidak
Arifin	orang:nama-keluarga	13	ya
Ginting	orang:nama-keluarga	13	tidak
Emma	orang:nama-depan	12	tidak
Fransisca	orang:nama-depan	12	tidak
Abdurrahman	orang:nama-depan	12	tidak
Jonathan	orang:nama-depan	12	tidak
Hanna	orang:nama-depan	12	tidak
Ferry	orang:nama-depan	12	tidak
Jan	orang:nama-depan	12	tidak
Aisyah	orang:nama-depan	12	tidak
Alex	orang:nama-depan	12	tidak
Lukas	orang:nama-depan	12	tidak
Ari	orang:nama-depan	12	ya
Michelle	orang:nama-depan	12	tidak
Rachel	orang:nama-depan	12	tidak
Reza	orang:nama-depan	12	tidak
Paul	orang:nama-depan	12	ya
Roy	orang:nama-depan	12	tidak
Hana	orang:nama-depan	12	ya
Willy	orang:nama-depan	12	tidak
Hilda	orang:nama-depan	12	tidak
Hartono	orang:nama-keluarga	12	tidak
Widjaja	orang:nama-keluarga	12	tidak
Nasution	orang:nama-keluarga	12	tidak
Cynthia	orang:nama-depan	11	tidak
Edi	orang:nama-depan	11	tidak
Agung	orang:nama-depan	11	ya
Laura	orang:nama-depan	11	tidak
R.	orang:nama-depan	11	tidak
George	orang:nama-depan	11	tidak
Sutan	orang:nama-depan	11	ya
Sri	orang:nama-depan	11	ya
Ilham	orang:nama-depan	11	ya
Amalia	orang:nama-depan	11	tidak
Hadi / Hady	orang:nama-depan	11	tidak
Mohamad	orang:nama-depan	11	tidak
Sari	orang:nama-depan	11	ya
Nila	orang:nama-depan	11	ya
Johnny	orang:nama-depan	11	tidak
Mariana	orang:nama-depan	11	tidak
Martin	orang:nama-depan	11	tidak
Gina	orang:nama-depan	11	tidak
Gabriella	orang:nama-depan	11	tidak
Jauhari	orang:nama-keluarga	11	ya
Sari	orang:nama-keluarga	11	ya
Nugroho	orang:nama-keluarga	11	tidak
Papilaya	orang:nama-keluarga	11	tidak
Dewi	orang:nama-depan	10	ya
Antonius	orang:nama-depan	10	tidak
Billy	orang:nama-depan	10	tidak
Gita	orang:nama-depan	10	ya
Astrid	orang:nama-depan	10	tidak
Edwin	orang:nama-depan	10	tidak
Emmy	orang:nama-depan	10	tidak
Ivan	orang:nama-depan	10	tidak
Cahya	orang:nama-depan	10	tidak
Adrian	orang:nama-depan	10	tidak
Hans	orang:nama-depan	10	tidak
Emilia	orang:nama-depan	10	tidak
Andy	orang:nama-depan	10	tidak
Anwar	orang:nama-depan	10	tidak
Akbar	orang:nama-depan	10	ya
Helena	orang:nama-depan	10	tidak
Robby	orang:nama-depan	10	tidak
Claudia	orang:nama-depan	10	tidak
Said	orang:nama-depan	10	ya
Danny	orang:nama-depan	10	tidak
Pieter	orang:nama-depan	10	tidak
Mimi	orang:nama-depan	10	ya
Sofia	orang:nama-depan	10	tidak
Frederik	orang:nama-depan	10	tidak
Chandra	orang:nama-keluarga	10	tidak
Lin	orang:nama-keluarga	10	ya
Irawan	orang:nama-keluarga	10	tidak
Sitorus	orang:nama-keluarga	10	tidak
Hadju	orang:nama-keluarga	10	tidak
Waworuntu	orang:nama-keluarga	10	tidak
Iwan	orang:nama-depan	9	tidak
Dian	orang:nama-depan	9	ya
Alan	orang:nama-depan	9	tidak
Andreas	orang:nama-depan	9	tidak
Jacob	orang:nama-depan	9	tidak
Diah	orang:nama-depan	9	ya
Intan	orang:nama-depan	9	ya
Aloysius	orang:nama-depan	9	tidak
Simon	orang:nama-depan	9	tidak
Eddie	orang:nama-depan	9	tidak
Endi	orang:nama-depan	9	tidak
Ibrahim	orang:nama-depan	9	tidak
Abraham	orang:nama-depan	9	tidak
Agatha	orang:nama-depan	9	tidak
Karina	orang:nama-depan	9	ya
Lukman	orang:nama-depan	9	tidak
Lydia	orang:nama-depan	9	tidak
Arthur	orang:nama-depan	9	tidak
Chelsea	orang:nama-depan	9	tidak
Sheila	orang:nama-depan	9	tidak
Chandra	orang:nama-depan	9	tidak
Edy	orang:nama-depan	9	tidak
Aditya	orang:nama-depan	9	tidak
Halim	orang:nama-depan	9	ya
Mainaky	orang:nama-keluarga	9	tidak
Huang	orang:nama-keluarga	9	tidak
Lubis	orang:nama-keluarga	9	tidak
Devi	orang:nama-depan	8	tidak
Ferdinand	orang:nama-depan	8	tidak
Joshua	orang:nama-depan	8	tidak
S.	orang:nama-depan	8	tidak
Ignatius	orang:nama-depan	8	tidak
Tan	orang:nama-depan	8	ya
Arnold	orang:nama-depan	8	tidak
Fuad	orang:nama-depan	8	ya
Ruben	orang:nama-depan	8	tidak
Wahyu	orang:nama-depan	8	ya
Theodorus	orang:nama-depan	8	tidak
Ismail	orang:nama-depan	8	tidak
Elias	orang:nama-depan	8	tidak
Alwi	orang:nama-depan	8	tidak
Ken	orang:nama-depan	8	ya
Malik	orang:nama-depan	8	ya
Max	orang:nama-depan	8	tidak
Gregorius	orang:nama-depan	8	tidak
Calvin	orang:nama-depan	8	tidak
Clara	orang:nama-depan	8	tidak
Nina	orang:nama-depan	8	tidak
Angelina	orang:nama-depan	8	tidak
Veronica	orang:nama-depan	8	tidak
Martha	orang:nama-depan	8	tidak
Evi	orang:nama-depan	8	tidak
Bryan	orang:nama-depan	8	tidak
Jasmine	orang:nama-depan	8	tidak
Zahra	orang:nama-depan	8	tidak
Lie	orang:nama-keluarga	8	tidak
Ahmad	orang:nama-keluarga	8	tidak
Rachman	orang:nama-keluarga	8	tidak
Akbar	orang:nama-keluarga	8	ya
Ramadhani	orang:nama-keluarga	8	tidak
Rahayu	orang:nama-keluarga	8	ya
Da Silva	orang:nama-keluarga	8	tidak
Day	orang:nama-keluarga	8	tidak
Christopher	orang:nama-depan	7	tidak
Dede	orang:nama-depan	7	tidak
Ruth	orang:nama-depan	7	tidak
Sigit	orang:nama-depan	7	tidak
Eliza	orang:nama-depan	7	tidak
Della	orang:nama-depan	7	tidak
Debby	orang:nama-depan	7	tidak
Ellen	orang:nama-depan	7	tidak
Irfan	orang:nama-depan	7	tidak
Febby	orang:nama-depan	7	tidak
Agustinus	orang:nama-depan	7	tidak
Nova	orang:nama-depan	7	ya
Chris	orang:nama-depan	7	tidak
Bagus	orang:nama-depan	7	ya
Bob	orang:nama-depan	7	tidak
Lily	orang:nama-depan	7	tidak
Alfred	orang:nama-depan	7	tidak
Cornelis	orang:nama-depan	7	tidak
Irene	orang:nama-depan	7	tidak
Jack	orang:nama-depan	7	tidak
Jennifer	orang:nama-depan	7	tidak
Nana	orang:nama-depan	7	tidak
Alexandra	orang:nama-depan	7	tidak
Ali	orang:nama-depan	7	ya
Magdalena	orang:nama-depan	7	tidak
Didi	orang:nama-depan	7	tidak
Heri	orang:nama-depan	7	tidak
Andrea	orang:nama-depan	7	tidak
Ridwan	orang:nama-depan	7	tidak
Ricardo	orang:nama-depan	7	tidak
Rico	orang:nama-depan	7	tidak
Brian	orang:nama-depan	7	tidak
Dimas	orang:nama-depan	7	tidak
Otto	orang:nama-depan	7	tidak
Yusuf	orang:nama-depan	7	tidak
Hamid	orang:nama-depan	7	tidak
Julian	orang:nama-depan	7	tidak
Sonia	orang:nama-depan	7	tidak
Stephanie	orang:nama-depan	7	tidak
Randy	orang:nama-depan	7	tidak
Valentino	orang:nama-depan	7	tidak
Elsa	orang:nama-depan	7	tidak
Arif	orang:nama-depan	7	ya
Willem	orang:nama-depan	7	tidak
Christy	orang:nama-depan	7	tidak
Silvia	orang:nama-depan	7	tidak
Frits	orang:nama-depan	7	tidak
Jesslyn	orang:nama-depan	7	tidak
Selvie	orang:nama-depan	7	tidak
Betty	orang:nama-depan	7	tidak
Pratama	orang:nama-keluarga	7	tidak
Yusuf	orang:nama-keluarga	7	tidak
Sutrisna	orang:nama-keluarga	7	tidak
Sinaga	orang:nama-keluarga	7	tidak
Slamet	orang:nama-keluarga	7	tidak
Kairupan	orang:nama-keluarga	7	tidak
Zein	orang:nama-keluarga	7	tidak
Thomas	orang:nama-keluarga	7	tidak
Lapian	orang:nama-keluarga	7	tidak
Marten	orang:nama-keluarga	7	tidak
Pasaribu	orang:nama-keluarga	7	tidak
Li	orang:nama-keluarga	7	tidak
Laoh	orang:nama-keluarga	7	tidak
Hasan	orang:nama-keluarga	7	ya
Leo	orang:nama-keluarga	7	ya
Mintaredja	orang:nama-keluarga	7	tidak
Senduk	orang:nama-keluarga	7	ya
Zuber	orang:nama-keluarga	7	tidak
Stephen	orang:nama-depan	6	tidak
Darius	orang:nama-depan	6	tidak
Donald	orang:nama-depan	6	ya
Rian	orang:nama-depan	6	ya
Monica	orang:nama-depan	6	tidak
Fauzi	orang:nama-depan	6	tidak
Tri	orang:nama-depan	6	tidak
Anneke	orang:nama-depan	6	tidak
Imelda	orang:nama-depan	6	tidak
Adolf	orang:nama-depan	6	tidak
Albertus	orang:nama-depan	6	tidak
Petrus	orang:nama-depan	6	tidak
Christine	orang:nama-depan	6	tidak
Frida	orang:nama-depan	6	tidak
Gabriel	orang:nama-depan	6	tidak
Husein	orang:nama-depan	6	tidak
Josef	orang:nama-depan	6	tidak
Abd al-Qadir	orang:nama-depan	6	tidak
Glenn	orang:nama-depan	6	tidak
Angel	orang:nama-depan	6	ya
Abdi	orang:nama-depan	6	ya
Adelia	orang:nama-depan	6	tidak
Agustin	orang:nama-depan	6	tidak
Alvin	orang:nama-depan	6	tidak
Juliana	orang:nama-depan	6	tidak
Marcella	orang:nama-depan	6	tidak
Andrew	orang:nama-depan	6	tidak
Angelica	orang:nama-depan	6	tidak
Annie	orang:nama-depan	6	tidak
H.	orang:nama-depan	6	tidak
Nico	orang:nama-depan	6	tidak
Marsha	orang:nama-depan	6	tidak
Marwan	orang:nama-depan	6	tidak
Muslim	orang:nama-depan	6	ya
Rahma	orang:nama-depan	6	tidak
Sam	orang:nama-depan	6	tidak
I.	orang:nama-depan	6	tidak
Vania	orang:nama-depan	6	tidak
Evan	orang:nama-depan	6	tidak
Yahya	orang:nama-depan	6	tidak
Jeanne	orang:nama-depan	6	tidak
Adjie	orang:nama-depan	6	tidak
Felix	orang:nama-depan	6	tidak
Z.	orang:nama-depan	6	tidak
Gilbert	orang:nama-depan	6	tidak
Ikbal	orang:nama-depan	6	tidak
Ella	orang:nama-depan	6	tidak
Wibowo	orang:nama-keluarga	6	tidak
Oktavianti	orang:nama-keluarga	6	tidak
Martini	orang:nama-keluarga	6	ya
Abdullah	orang:nama-keluarga	6	tidak
Halim	orang:nama-keluarga	6	ya
Hermawan	orang:nama-keluarga	6	tidak
Monoarfa	orang:nama-keluarga	6	tidak
Lestari	orang:nama-keluarga	6	ya
Budi	orang:nama-depan	5	ya
Salim	orang:nama-depan	5	ya
Agnes	orang:nama-depan	5	tidak
Basuki	orang:nama-depan	5	tidak
Lucia	orang:nama-depan	5	tidak
Mustafa	orang:nama-depan	5	tidak
Julius	orang:nama-depan	5	tidak
Ananda	orang:nama-depan	5	ya
Christina	orang:nama-depan	5	tidak
Angga	orang:nama-depan	5	ya
D.	orang:nama-depan	5	tidak
Rudolf	orang:nama-depan	5	tidak
Joe	orang:nama-depan	5	tidak
Melati	orang:nama-depan	5	ya
Mike	orang:nama-depan	5	tidak
Erik	orang:nama-depan	5	ya
Erna	orang:nama-depan	5	tidak
Felicia	orang:nama-depan	5	tidak
Bella	orang:nama-depan	5	tidak
Citra	orang:nama-depan	5	ya
Dea	orang:nama-depan	5	tidak
Kartika	orang:nama-depan	5	ya
Jamal	orang:nama-depan	5	ya
Abubakar	orang:nama-depan	5	tidak
Adnan	orang:nama-depan	5	ya
Alya	orang:nama-depan	5	tidak
Julia	orang:nama-depan	5	tidak
Karel	orang:nama-depan	5	ya
Lia	orang:nama-depan	5	tidak
Liza	orang:nama-depan	5	tidak
Lucky	orang:nama-depan	5	tidak
Marisa	orang:nama-depan	5	tidak
F.	orang:nama-depan	5	tidak
Usman	orang:nama-depan	5	tidak
Anis	orang:nama-depan	5	ya
Armando	orang:nama-depan	5	tidak
Aulia	orang:nama-depan	5	ya
Bagas	orang:nama-depan	5	ya
Basri	orang:nama-depan	5	tidak
Ben	orang:nama-depan	5	tidak
Kelly	orang:nama-depan	5	tidak
Surya	orang:nama-depan	5	ya
Sartono	orang:nama-depan	5	tidak
Norman	orang:nama-depan	5	tidak
Patricia	orang:nama-depan	5	tidak
Juan	orang:nama-depan	5	tidak
Tamara	orang:nama-depan	5	tidak
Sofyan	orang:nama-depan	5	tidak
Tito	orang:nama-depan	5	tidak
Vanessa	orang:nama-depan	5	tidak
Victoria	orang:nama-depan	5	tidak
Wanda	orang:nama-depan	5	ya
Naomi	orang:nama-depan	5	tidak
Rizal	orang:nama-depan	5	tidak
Marius	orang:nama-depan	5	tidak
Markus	orang:nama-depan	5	tidak
Nora	orang:nama-depan	5	tidak
Rommy	orang:nama-depan	5	tidak
Adinda	orang:nama-depan	5	ya
Emil	orang:nama-depan	5	tidak
Haris	orang:nama-depan	5	ya
April	orang:nama-depan	5	ya
Hanny	orang:nama-depan	5	tidak
Ribka	orang:nama-depan	5	tidak
Carlos	orang:nama-depan	5	tidak
Monika	orang:nama-depan	5	tidak
Elisa	orang:nama-depan	5	tidak
Dicky	orang:nama-depan	5	tidak
Maureen	orang:nama-depan	5	tidak
Valencia	orang:nama-depan	5	tidak
Made	orang:nama-depan	5	tidak
I	orang:nama-depan	5	tidak
Esther	orang:nama-depan	5	tidak
Sabrina	orang:nama-depan	5	tidak
Jacqueline	orang:nama-depan	5	tidak
Erika	orang:nama-depan	5	tidak
Katharina	orang:nama-depan	5	tidak
Salsabila	orang:nama-depan	5	tidak
Margaretha	orang:nama-depan	5	tidak
Pahala	orang:nama-depan	5	ya
Dinda	orang:nama-depan	5	ya
Wiratama	orang:nama-keluarga	5	tidak
Lomban	orang:nama-keluarga	5	tidak
Oei	orang:nama-keluarga	5	tidak
Situmorang	orang:nama-keluarga	5	tidak
Sutanto	orang:nama-keluarga	5	tidak
Alatas	orang:nama-keluarga	5	tidak
Sugiarto	orang:nama-keluarga	5	tidak
Batubara	orang:nama-keluarga	5	tidak
Prasetyo	orang:nama-keluarga	5	tidak
Rahman	orang:nama-keluarga	5	ya
Hakim	orang:nama-keluarga	5	ya
Nainggolan	orang:nama-keluarga	5	tidak
Harahap	orang:nama-keluarga	5	tidak
Usman	orang:nama-keluarga	5	tidak
Simanjuntak	orang:nama-keluarga	5	tidak
Saleh	orang:nama-keluarga	5	ya
Oey	orang:nama-keluarga	5	tidak
Rose	orang:nama-keluarga	5	tidak
Tanoesoedibjo	orang:nama-keluarga	5	tidak
Sulistyo	orang:nama-keluarga	5	tidak
Pohan	orang:nama-keluarga	5	tidak
Teuku	orang:nama-keluarga	5	tidak
Pratiwi	orang:nama-keluarga	5	tidak
Maulana	orang:nama-keluarga	5	ya
Rahmawati	orang:nama-keluarga	5	tidak
Nicky	orang:nama-depan	4	tidak
Frank	orang:nama-depan	4	tidak
Martinus	orang:nama-depan	4	tidak
Fernando	orang:nama-depan	4	tidak
Jusuf	orang:nama-depan	4	tidak
Umar	orang:nama-depan	4	tidak
Taufik	orang:nama-depan	4	ya
Candra	orang:nama-depan	4	ya
Rahmat	orang:nama-depan	4	ya
Mona	orang:nama-depan	4	tidak
Leonard	orang:nama-depan	4	tidak
Nadine	orang:nama-depan	4	tidak
Jim	orang:nama-depan	4	ya
Yunita	orang:nama-depan	4	tidak
Ester	orang:nama-depan	4	ya
Franklin	orang:nama-depan	4	tidak
Fritz	orang:nama-depan	4	tidak
Gustaf	orang:nama-depan	4	tidak
Hidayat	orang:nama-depan	4	ya
Ian	orang:nama-depan	4	tidak
Indira	orang:nama-depan	4	tidak
Iqbal	orang:nama-depan	4	tidak
Ismet	orang:nama-depan	4	tidak
Jane	orang:nama-depan	4	tidak
Jason	orang:nama-depan	4	tidak
Jenny	orang:nama-depan	4	tidak
Jerry	orang:nama-depan	4	tidak
Brandon	orang:nama-depan	4	tidak
Cathy	orang:nama-depan	4	tidak
Clarissa	orang:nama-depan	4	tidak
Delia	orang:nama-depan	4	tidak
Ingrid	orang:nama-depan	4	tidak
Jeremy	orang:nama-depan	4	tidak
Kiki	orang:nama-depan	4	tidak
Abd al-Karīm	orang:nama-depan	4	tidak
Bernard	orang:nama-depan	4	tidak
Adriana	orang:nama-depan	4	tidak
Aida	orang:nama-depan	4	tidak
Alice	orang:nama-depan	4	tidak
Alyssa	orang:nama-depan	4	tidak
Lisa	orang:nama-depan	4	tidak
Dudi	orang:nama-depan	4	tidak
Erick	orang:nama-depan	4	tidak
Faisal	orang:nama-depan	4	tidak
Gerald	orang:nama-depan	4	tidak
Carolina	orang:nama-depan	4	tidak
Ario	orang:nama-depan	4	tidak
Benjamin	orang:nama-depan	4	tidak
Pierre	orang:nama-depan	4	tidak
Widodo	orang:nama-depan	4	tidak
Rustam	orang:nama-depan	4	tidak
Melissa	orang:nama-depan	4	tidak
Ririn	orang:nama-depan	4	tidak
Bram	orang:nama-depan	4	tidak
Carlo	orang:nama-depan	4	tidak
Charlie	orang:nama-depan	4	tidak
Daan	orang:nama-depan	4	tidak
Dendy	orang:nama-depan	4	tidak
Nelly	orang:nama-depan	4	tidak
Nia	orang:nama-depan	4	ya
Nicole	orang:nama-depan	4	tidak
Piet	orang:nama-depan	4	tidak
Vincent	orang:nama-depan	4	tidak
Jeff	orang:nama-depan	4	tidak
Mahmud	orang:nama-depan	4	ya
Arya	orang:nama-depan	4	ya
Eko	orang:nama-depan	4	tidak
Salman	orang:nama-depan	4	tidak
Josephine	orang:nama-depan	4	tidak
Tania	orang:nama-depan	4	ya
Helmi	orang:nama-depan	4	tidak
Theo	orang:nama-depan	4	tidak
Wendy	orang:nama-depan	4	tidak
Yasmine	orang:nama-depan	4	tidak
Rika	orang:nama-depan	4	tidak
Sebastian	orang:nama-depan	4	tidak
Anthony	orang:nama-depan	4	tidak
Habib	orang:nama-depan	4	ya
Dave	orang:nama-depan	4	tidak
Ni	orang:nama-depan	4	tidak
Emanuel	orang:nama-depan	4	tidak
Franciscus	orang:nama-depan	4	tidak
Sean	orang:nama-depan	4	tidak
Melani	orang:nama-depan	4	tidak
Husain	orang:nama-depan	4	tidak
Angela	orang:nama-depan	4	tidak
Roberto	orang:nama-depan	4	tidak
Lambertus	orang:nama-depan	4	tidak
Daisy	orang:nama-depan	4	tidak
Hary	orang:nama-depan	4	tidak
Robin	orang:nama-depan	4	tidak
Aura	orang:nama-depan	4	ya
Hendry	orang:nama-depan	4	tidak
Abigail	orang:nama-depan	4	tidak
Ferdian	orang:nama-depan	4	tidak
Gerard	orang:nama-depan	4	tidak
Nyoman	orang:nama-depan	4	ya
Dara	orang:nama-depan	4	ya
Aurelia	orang:nama-depan	4	tidak
Kristina	orang:nama-depan	4	tidak
P.	orang:nama-depan	4	tidak
Veronika	orang:nama-depan	4	tidak
Fitri	orang:nama-depan	4	ya
Dirk	orang:nama-depan	4	tidak
Reka	orang:nama-depan	4	ya
Katarina	orang:nama-depan	4	tidak
Mikael	orang:nama-depan	4	tidak
Lidia	orang:nama-depan	4	tidak
Reny	orang:nama-depan	4	tidak
Kanisius	orang:nama-depan	4	tidak
Salma	orang:nama-depan	4	tidak
Nabila	orang:nama-depan	4	tidak
Basuki	orang:nama-keluarga	4	tidak
Susanti	orang:nama-keluarga	4	tidak
Andini	orang:nama-keluarga	4	tidak
Mulia	orang:nama-keluarga	4	ya
Hassan	orang:nama-keluarga	4	tidak
Liem	orang:nama-keluarga	4	tidak
Zhang	orang:nama-keluarga	4	tidak
Wahid	orang:nama-keluarga	4	ya
Budiman	orang:nama-keluarga	4	ya
Aulia	orang:nama-keluarga	4	ya
Djojohadikusumo	orang:nama-keluarga	4	tidak
Anwar	orang:nama-keluarga	4	tidak
Fernandez	orang:nama-keluarga	4	tidak
Soejono	orang:nama-keluarga	4	tidak
Rorimpandey	orang:nama-keluarga	4	tidak
Tambunan	orang:nama-keluarga	4	ya
Muhammad	orang:nama-keluarga	4	ya
Arief	orang:nama-keluarga	4	tidak
Diana	orang:nama-keluarga	4	tidak
Panggabean	orang:nama-keluarga	4	tidak
Herman	orang:nama-keluarga	4	tidak
Iskandar	orang:nama-keluarga	4	tidak
Guo	orang:nama-keluarga	4	tidak
Zhong	orang:nama-keluarga	4	tidak
Yahya	orang:nama-keluarga	4	tidak
Pertiwi	orang:nama-keluarga	4	ya
Albar	orang:nama-keluarga	4	tidak
Hadi	orang:nama-keluarga	4	tidak
Moeloek	orang:nama-keluarga	4	tidak
Widodo	orang:nama-keluarga	4	tidak
Sarundajang	orang:nama-keluarga	4	tidak
Muis	orang:nama-keluarga	4	tidak
Karim	orang:nama-keluarga	4	ya
Akib	orang:nama-keluarga	4	tidak
Samuel	orang:nama-keluarga	4	tidak
Cahyadi	orang:nama-keluarga	4	tidak
Setiawati	orang:nama-keluarga	4	tidak
Larasati	orang:nama-keluarga	4	tidak
Ramadhan	orang:nama-keluarga	4	tidak
Maringka	orang:nama-keluarga	4	tidak
Nayoan	orang:nama-keluarga	4	tidak
Susilo	orang:nama-keluarga	4	tidak
Yeni	orang:nama-depan	3	tidak
Catherine	orang:nama-depan	3	tidak
Marco	orang:nama-depan	3	tidak
Justinus	orang:nama-depan	3	tidak
Eny	orang:nama-depan	3	tidak
Weni	orang:nama-depan	3	tidak
Leonardus	orang:nama-depan	3	tidak
Yayuk	orang:nama-depan	3	tidak
Francisca	orang:nama-depan	3	tidak
Louise	orang:nama-depan	3	tidak
Shinta	orang:nama-depan	3	tidak
Endang	orang:nama-depan	3	ya
Aprilia	orang:nama-depan	3	tidak
Rosalia	orang:nama-depan	3	tidak
Puspita	orang:nama-depan	3	ya
Hassan	orang:nama-depan	3	tidak
Anggun	orang:nama-depan	3	ya
K.	orang:nama-depan	3	tidak
Prima	orang:nama-depan	3	ya
Eduardus	orang:nama-depan	3	tidak
Aryono	orang:nama-depan	3	tidak
Rafael	orang:nama-depan	3	tidak
Barry	orang:nama-depan	3	tidak
Aris	orang:nama-depan	3	ya
Yonathan	orang:nama-depan	3	tidak
Marcus	orang:nama-depan	3	tidak
Gloria	orang:nama-depan	3	tidak
Halim	orang:nama-depan	3	ya
Rendy	orang:nama-depan	3	tidak
Amin	orang:nama-depan	3	ya
Ernest	orang:nama-depan	3	tidak
Elisabeth	orang:nama-depan	3	tidak
Farah	orang:nama-depan	3	tidak
Imran	orang:nama-depan	3	tidak
Ivo	orang:nama-depan	3	tidak
Ja'far	orang:nama-depan	3	tidak
Iman	orang:nama-depan	3	ya
Jean	orang:nama-depan	3	tidak
Donna	orang:nama-depan	3	tidak
Jihan	orang:nama-depan	3	tidak
Ira	orang:nama-depan	3	ya
Ketut	orang:nama-depan	3	tidak
Ramona	orang:nama-depan	3	tidak
Abd al-Aziz	orang:nama-depan	3	tidak
Abdul Hadi	orang:nama-depan	3	tidak
Abd al-Hakim	orang:nama-depan	3	tidak
Abdul Halim	orang:nama-depan	3	tidak
ʻAbd al-Wahhāb	orang:nama-depan	3	tidak
Adri	orang:nama-depan	3	tidak
Aldi	orang:nama-depan	3	tidak
Aldo	orang:nama-depan	3	tidak
Joy	orang:nama-depan	3	tidak
Juanita	orang:nama-depan	3	tidak
Justin	orang:nama-depan	3	tidak
Karim	orang:nama-depan	3	ya
Maulida	orang:nama-depan	3	tidak
Bianca	orang:nama-depan	3	tidak
Djoko	orang:nama-depan	3	tidak
Eduard	orang:nama-depan	3	tidak
Gideon	orang:nama-depan	3	tidak
Nicholas	orang:nama-depan	3	tidak
Jesse	orang:nama-depan	3	tidak
Antony	orang:nama-depan	3	tidak
Arina	orang:nama-depan	3	tidak
Aspar	orang:nama-depan	3	tidak
August	orang:nama-depan	3	tidak
Yuli	orang:nama-depan	3	tidak
Wisnu	orang:nama-depan	3	ya
Y.	orang:nama-depan	3	tidak
Diego	orang:nama-depan	3	tidak
Dita	orang:nama-depan	3	tidak
Louis	orang:nama-depan	3	tidak
Isyana	orang:nama-depan	3	tidak
Jakob	orang:nama-depan	3	tidak
Gerson	orang:nama-depan	3	tidak
Martina	orang:nama-depan	3	tidak
Mathias	orang:nama-depan	3	tidak
Medina	orang:nama-depan	3	tidak
Mieke	orang:nama-depan	3	tidak
Tika	orang:nama-depan	3	ya
Rebecca	orang:nama-depan	3	tidak
Riza	orang:nama-depan	3	tidak
Rose	orang:nama-depan	3	tidak
Saskia	orang:nama-depan	3	tidak
Silva	orang:nama-depan	3	tidak
Boy	orang:nama-depan	3	tidak
Zaini	orang:nama-depan	3	tidak
Nani	orang:nama-depan	3	tidak
Nelson	orang:nama-depan	3	tidak
Nuri	orang:nama-depan	3	ya
Pamela	orang:nama-depan	3	tidak
Paula	orang:nama-depan	3	tidak
Ita	orang:nama-depan	3	tidak
Titi	orang:nama-depan	3	ya
Priskila	orang:nama-depan	3	tidak
Julie	orang:nama-depan	3	tidak
Kemal	orang:nama-depan	3	ya
Romy	orang:nama-depan	3	tidak
Susan	orang:nama-depan	3	tidak
Renata	orang:nama-depan	3	tidak
Stevie	orang:nama-depan	3	tidak
Kim	orang:nama-depan	3	ya
Anne	orang:nama-depan	3	tidak
İhsan	orang:nama-depan	3	tidak
Ina	orang:nama-depan	3	ya
Kezia	orang:nama-depan	3	tidak
Tino	orang:nama-depan	3	tidak
Sonya	orang:nama-depan	3	tidak
Tessa	orang:nama-depan	3	tidak
Theodora	orang:nama-depan	3	tidak
Tiffany	orang:nama-depan	3	tidak
Tristan	orang:nama-depan	3	tidak
Yasmin	orang:nama-depan	3	ya
Nabilla	orang:nama-depan	3	tidak
Norma	orang:nama-depan	3	ya
Dany	orang:nama-depan	3	tidak
Dora	orang:nama-depan	3	tidak
Winston	orang:nama-depan	3	tidak
Marcello	orang:nama-depan	3	tidak
Dedy	orang:nama-depan	3	tidak
Maulana	orang:nama-depan	3	ya
Ray	orang:nama-depan	3	tidak
Abdulhamid	orang:nama-depan	3	tidak
Marcel	orang:nama-depan	3	tidak
Cornelia	orang:nama-depan	3	tidak
Made	orang:nama-depan	3	tidak
Elvira	orang:nama-depan	3	tidak
Djamal	orang:nama-depan	3	tidak
Nicolaus	orang:nama-depan	3	tidak
Ahmed	orang:nama-depan	3	tidak
Iskandar	orang:nama-depan	3	tidak
Amon	orang:nama-depan	3	tidak
Belinda	orang:nama-depan	3	tidak
Ardi	orang:nama-depan	3	ya
Luna	orang:nama-depan	3	tidak
Daud	orang:nama-depan	3	tidak
Sophia	orang:nama-depan	3	tidak
Effendy	orang:nama-depan	3	tidak
Fajar	orang:nama-depan	3	ya
Alfons	orang:nama-depan	3	tidak
Herry	orang:nama-depan	3	tidak
Valerie	orang:nama-depan	3	tidak
Reinhard	orang:nama-depan	3	tidak
Larissa	orang:nama-depan	3	tidak
Vivien	orang:nama-depan	3	tidak
Paulina	orang:nama-depan	3	tidak
Mariska	orang:nama-depan	3	tidak
Allan	orang:nama-depan	3	tidak
Debbie	orang:nama-depan	3	tidak
Rania	orang:nama-depan	3	tidak
Irvan	orang:nama-depan	3	tidak
Patrick	orang:nama-depan	3	tidak
Syifa	orang:nama-depan	3	tidak
Theodore	orang:nama-depan	3	tidak
Isabel	orang:nama-depan	3	tidak
T.	orang:nama-depan	3	tidak
Antoinette	orang:nama-depan	3	tidak
Yan	orang:nama-depan	3	tidak
Nunung	orang:nama-depan	3	tidak
Elina	orang:nama-depan	3	tidak
Yvonne	orang:nama-depan	3	tidak
Fredrik	orang:nama-depan	3	tidak
Endra	orang:nama-depan	3	tidak
Yulia	orang:nama-depan	3	tidak
Indah	orang:nama-depan	3	ya
Hermanus	orang:nama-depan	3	tidak
Widya	orang:nama-depan	3	tidak
Joan	orang:nama-depan	3	tidak
Sinyo	orang:nama-depan	3	ya
Gladys	orang:nama-depan	3	tidak
Valentina	orang:nama-depan	3	tidak
Mirza	orang:nama-depan	3	tidak
Nabila	orang:nama-depan	3	tidak
Dody	orang:nama-depan	3	tidak
Ditta	orang:nama-depan	3	tidak
Florence	orang:nama-depan	3	tidak
Herbert	orang:nama-depan	3	tidak
Klara	orang:nama-depan	3	tidak
Haslinda	orang:nama-depan	3	tidak
Mutiara	orang:nama-depan	3	ya
Nurul	orang:nama-depan	3	tidak
Dadan	orang:nama-depan	3	tidak
Ibu	orang:nama-depan	3	ya
Samson	orang:nama-depan	3	tidak
Edgar	orang:nama-depan	3	tidak
Bejo	orang:nama-depan	3	tidak
Joanne	orang:nama-depan	3	tidak
Ali Akbar	orang:nama-depan	3	tidak
Bruno	orang:nama-depan	3	tidak
Laurens	orang:nama-depan	3	tidak
Antonia	orang:nama-depan	3	tidak
Ilona	orang:nama-depan	3	tidak
Mathilda	orang:nama-depan	3	tidak
Priscilla	orang:nama-depan	3	tidak
Ramses	orang:nama-depan	3	tidak
Tasya	orang:nama-depan	3	tidak
Orpa	orang:nama-depan	3	tidak
Rinda	orang:nama-depan	3	tidak
Jovita	orang:nama-depan	3	tidak
Wahjudi	orang:nama-keluarga	3	tidak
Haris	orang:nama-keluarga	3	ya
Novita	orang:nama-keluarga	3	tidak
Ratnasari	orang:nama-keluarga	3	tidak
Fitriani	orang:nama-keluarga	3	tidak
Kawilarang	orang:nama-keluarga	3	tidak
Sartika	orang:nama-keluarga	3	tidak
Arbi	orang:nama-keluarga	3	tidak
Madjid	orang:nama-keluarga	3	tidak
Sadikin	orang:nama-keluarga	3	tidak
Ng	orang:nama-keluarga	3	tidak
Wang	orang:nama-keluarga	3	ya
Jordan	orang:nama-keluarga	3	tidak
Pamungkas	orang:nama-keluarga	3	ya
Yudhoyono	orang:nama-keluarga	3	tidak
Habibie	orang:nama-keluarga	3	tidak
Yulianti	orang:nama-keluarga	3	tidak
Jacob	orang:nama-keluarga	3	tidak
Wirawan	orang:nama-keluarga	3	ya
Agus	orang:nama-keluarga	3	ya
Liang	orang:nama-keluarga	3	ya
Haryanto	orang:nama-keluarga	3	tidak
Liu	orang:nama-keluarga	3	tidak
Christina	orang:nama-keluarga	3	tidak
Noer	orang:nama-keluarga	3	tidak
Pelupessy	orang:nama-keluarga	3	tidak
Rais	orang:nama-keluarga	3	ya
Sani	orang:nama-keluarga	3	ya
Ong	orang:nama-keluarga	3	ya
Santosa	orang:nama-keluarga	3	tidak
Palar	orang:nama-keluarga	3	ya
Ismail	orang:nama-keluarga	3	tidak
Mangindaan	orang:nama-keluarga	3	tidak
Rosa	orang:nama-keluarga	3	tidak
Husein	orang:nama-keluarga	3	tidak
Warouw	orang:nama-keluarga	3	tidak
Sugianto	orang:nama-keluarga	3	tidak
Sompotan	orang:nama-keluarga	3	tidak
Sandy	orang:nama-keluarga	3	tidak
Leonardo	orang:nama-keluarga	3	tidak
Natalia	orang:nama-keluarga	3	tidak
Said	orang:nama-keluarga	3	ya
Simbolon	orang:nama-keluarga	3	tidak
Harris	orang:nama-keluarga	3	tidak
Gelael	orang:nama-keluarga	3	tidak
Anjani	orang:nama-keluarga	3	tidak
Rotinsulu	orang:nama-keluarga	3	tidak
Sahilatua	orang:nama-keluarga	3	tidak
Rizal	orang:nama-keluarga	3	tidak
Edwin	orang:nama-keluarga	3	tidak
Sirait	orang:nama-keluarga	3	tidak
Christie	orang:nama-keluarga	3	tidak
Salim	orang:nama-keluarga	3	ya
Samin	orang:nama-keluarga	3	ya
Jusuf	orang:nama-keluarga	3	tidak
Rinaldi	orang:nama-keluarga	3	tidak
Lalu	orang:nama-keluarga	3	ya
Supriadi	orang:nama-keluarga	3	tidak
Kamal	orang:nama-keluarga	3	ya
Amelia	orang:nama-keluarga	3	tidak
Prasetya	orang:nama-keluarga	3	tidak
Hartanto	orang:nama-keluarga	3	tidak
Tambayong	orang:nama-keluarga	3	tidak
Sebastian	orang:nama-keluarga	3	tidak
Amin	orang:nama-keluarga	3	ya
Tjandra	orang:nama-keluarga	3	tidak
Zarkasyi	orang:nama-keluarga	3	tidak
Teti	orang:nama-keluarga	3	tidak
Baker	orang:nama-keluarga	3	tidak
Harto	orang:nama-keluarga	3	tidak
Lumentut	orang:nama-keluarga	3	tidak
Aspar	orang:nama-keluarga	3	tidak
Zheng	orang:nama-keluarga	3	tidak
Bulo	orang:nama-keluarga	3	tidak
Ticoalu	orang:nama-keluarga	3	tidak
Smith	orang:nama-keluarga	3	tidak
Marino	orang:nama-keluarga	3	tidak
Gani	orang:nama-keluarga	3	ya
The	orang:nama-keluarga	3	tidak
Laksono	orang:nama-keluarga	3	tidak
Litaay	orang:nama-keluarga	3	tidak
Azzahra	orang:nama-keluarga	3	tidak
Suhandinata	orang:nama-keluarga	3	tidak
Saripudin	orang:nama-keluarga	3	tidak
Salis	orang:nama-keluarga	3	tidak
Jaidi	orang:nama-keluarga	3	tidak
Nur	orang:nama-keluarga	3	ya
Zakaria	orang:nama-keluarga	3	tidak
Ali	orang:nama-keluarga	3	ya
Zahra	orang:nama-keluarga	3	tidak
Purwanto	orang:nama-keluarga	3	tidak
Cosmas	orang:nama-depan	2	tidak
Jordi	orang:nama-depan	2	tidak
Darmadi	orang:nama-depan	2	tidak
Tika	orang:nama-depan	2	ya
Devin	orang:nama-depan	2	tidak
Megah	orang:nama-depan	2	ya
Etty	orang:nama-depan	2	tidak
Lidya	orang:nama-depan	2	tidak
Puspa	orang:nama-depan	2	ya
Njoo	orang:nama-depan	2	tidak
Vita	orang:nama-depan	2	tidak
Johanna	orang:nama-depan	2	tidak
Yohan	orang:nama-depan	2	tidak
Anas	orang:nama-depan	2	tidak
Andrei	orang:nama-depan	2	tidak
Dick	orang:nama-depan	2	tidak
Lenny	orang:nama-depan	2	tidak
Lita	orang:nama-depan	2	tidak
Rani	orang:nama-depan	2	ya
Suci	orang:nama-depan	2	ya
Rosiana	orang:nama-depan	2	tidak
Jo	orang:nama-depan	2	tidak
Nadya	orang:nama-depan	2	tidak
Utami	orang:nama-depan	2	tidak
Richi	orang:nama-depan	2	tidak
Hamza	orang:nama-depan	2	tidak
Franz	orang:nama-depan	2	tidak
Pia	orang:nama-depan	2	tidak
Kristin	orang:nama-depan	2	tidak
Bing	orang:nama-depan	2	tidak
Manuel	orang:nama-depan	2	tidak
Olga	orang:nama-depan	2	tidak
Hubertus	orang:nama-depan	2	tidak
Bernardus	orang:nama-depan	2	tidak
G.	orang:nama-depan	2	tidak
Arnaldo	orang:nama-depan	2	tidak
Sony	orang:nama-depan	2	tidak
Rosalina	orang:nama-depan	2	tidak
Benyamin	orang:nama-depan	2	tidak
Berry	orang:nama-depan	2	tidak
Evert	orang:nama-depan	2	tidak
Ruslan	orang:nama-depan	2	tidak
Luluk	orang:nama-depan	2	ya
Francis	orang:nama-depan	2	tidak
Francisco	orang:nama-depan	2	tidak
Xaverius	orang:nama-depan	2	tidak
Fransiskus	orang:nama-depan	2	tidak
Indarti	orang:nama-depan	2	tidak
Hafiz	orang:nama-depan	2	ya
Happy	orang:nama-depan	2	tidak
Imam	orang:nama-depan	2	ya
Isak	orang:nama-depan	2	ya
Pius	orang:nama-depan	2	tidak
Julianus	orang:nama-depan	2	tidak
Mira	orang:nama-depan	2	tidak
Joey	orang:nama-depan	2	tidak
Rosaria	orang:nama-depan	2	tidak
Ernst	orang:nama-depan	2	tidak
Silvi	orang:nama-depan	2	tidak
Cristian	orang:nama-depan	2	tidak
Fiona	orang:nama-depan	2	tidak
André	orang:nama-depan	2	tidak
Vincentius	orang:nama-depan	2	tidak
Mochtar	orang:nama-depan	2	tidak
Dominique	orang:nama-depan	2	tidak
Don	orang:nama-depan	2	tidak
Effendi	orang:nama-depan	2	tidak
Farouk	orang:nama-depan	2	tidak
Gabriela	orang:nama-depan	2	tidak
Margareth	orang:nama-depan	2	tidak
Idham	orang:nama-depan	2	tidak
Inez	orang:nama-depan	2	tidak
Irena	orang:nama-depan	2	tidak
Iris	orang:nama-depan	2	ya
June	orang:nama-depan	2	tidak
Ivonne	orang:nama-depan	2	tidak
Joice	orang:nama-depan	2	tidak
Joop	orang:nama-depan	2	tidak
Abdul Malik	orang:nama-depan	2	tidak
Chicco	orang:nama-depan	2	tidak
Connie	orang:nama-depan	2	tidak
Damien	orang:nama-depan	2	tidak
Dennis	orang:nama-depan	2	tidak
Gary	orang:nama-depan	2	tidak
J.	orang:nama-depan	2	tidak
Jaka	orang:nama-depan	2	ya
Marianne	orang:nama-depan	2	tidak
Mohamed	orang:nama-depan	2	tidak
Abdul Qahar	orang:nama-depan	2	tidak
Aimee	orang:nama-depan	2	tidak
Albertina	orang:nama-depan	2	tidak
Alia	orang:nama-depan	2	tidak
Aline	orang:nama-depan	2	tidak
Alvaro	orang:nama-depan	2	tidak
Amalya	orang:nama-depan	2	tidak
Kādir	orang:nama-depan	2	tidak
Kimberly	orang:nama-depan	2	tidak
Kirana	orang:nama-depan	2	ya
Lola	orang:nama-depan	2	tidak
Lolita	orang:nama-depan	2	tidak
Lucy	orang:nama-depan	2	tidak
Mara	orang:nama-depan	2	ya
Mark	orang:nama-depan	2	ya
Diva	orang:nama-depan	2	tidak
Dustin	orang:nama-depan	2	tidak
E.	orang:nama-depan	2	tidak
Nessa	orang:nama-depan	2	tidak
Fred	orang:nama-depan	2	tidak
Guy	orang:nama-depan	2	tidak
Henricus	orang:nama-depan	2	tidak
Edo	orang:nama-depan	2	tidak
Gisela	orang:nama-depan	2	tidak
Amril	orang:nama-depan	2	ya
Asri	orang:nama-depan	2	ya
Audrey	orang:nama-depan	2	tidak
Wilhelm	orang:nama-depan	2	tidak
Yoga	orang:nama-depan	2	ya
Yuliani	orang:nama-depan	2	tidak
Omar	orang:nama-depan	2	tidak
Sendy	orang:nama-depan	2	tidak
Christiaan	orang:nama-depan	2	tidak
Romana	orang:nama-depan	2	tidak
Marga	orang:nama-depan	2	ya
Marthen	orang:nama-depan	2	tidak
Melanie	orang:nama-depan	2	tidak
Melody	orang:nama-depan	2	tidak
Merry	orang:nama-depan	2	tidak
Metta	orang:nama-depan	2	tidak
Michella	orang:nama-depan	2	tidak
Raisa	orang:nama-depan	2	tidak
Ram	orang:nama-depan	2	ya
Ramon	orang:nama-depan	2	tidak
Rosita	orang:nama-depan	2	tidak
Sally	orang:nama-depan	2	tidak
Sammy	orang:nama-depan	2	tidak
Sharon	orang:nama-depan	2	tidak
Silviana	orang:nama-depan	2	tidak
Patrice	orang:nama-depan	2	tidak
Brigitta	orang:nama-depan	2	tidak
Catharina	orang:nama-depan	2	tidak
Celine	orang:nama-depan	2	tidak
Dana	orang:nama-depan	2	ya
Abdul Ghani	orang:nama-depan	2	tidak
Nada	orang:nama-depan	2	ya
Nono	orang:nama-depan	2	tidak
Petra	orang:nama-depan	2	tidak
Imanuel	orang:nama-depan	2	tidak
Ami	orang:nama-depan	2	ya
Jessy	orang:nama-depan	2	tidak
Karen	orang:nama-depan	2	tidak
Abas	orang:nama-depan	2	tidak
Ledi	orang:nama-depan	2	tidak
Jonas	orang:nama-depan	2	tidak
Steve	orang:nama-depan	2	tidak
Miranda	orang:nama-depan	2	tidak
Peggy	orang:nama-depan	2	tidak
Shania	orang:nama-depan	2	tidak
Yenny	orang:nama-depan	2	tidak
Ardiansyah	orang:nama-depan	2	tidak
Timur	orang:nama-depan	2	ya
Elvis	orang:nama-depan	2	tidak
Oerip	orang:nama-depan	2	tidak
Sara	orang:nama-depan	2	ya
Patrich	orang:nama-depan	2	tidak
Stefanie	orang:nama-depan	2	tidak
Irvin	orang:nama-depan	2	tidak
Kamil	orang:nama-depan	2	ya
Sriwati	orang:nama-depan	2	tidak
Susanna	orang:nama-depan	2	tidak
Susi	orang:nama-depan	2	tidak
Syaukani	orang:nama-depan	2	tidak
Tasha	orang:nama-depan	2	tidak
Thalia	orang:nama-depan	2	tidak
Timothy	orang:nama-depan	2	tidak
Tom	orang:nama-depan	2	ya
Zara	orang:nama-depan	2	tidak
Nona	orang:nama-depan	2	ya
Sita	orang:nama-depan	2	ya
Richie	orang:nama-depan	2	tidak
Godfried	orang:nama-depan	2	tidak
Matthew	orang:nama-depan	2	tidak
Friedrich	orang:nama-depan	2	tidak
Sophie	orang:nama-depan	2	tidak
Lex	orang:nama-depan	2	tidak
Louisa	orang:nama-depan	2	tidak
Marc	orang:nama-depan	2	tidak
Robertus	orang:nama-depan	2	tidak
Fikri	orang:nama-depan	2	tidak
Bayu	orang:nama-depan	2	ya
Ihsan	orang:nama-depan	2	ya
Tonny	orang:nama-depan	2	tidak
Ariel	orang:nama-depan	2	tidak
Alicia	orang:nama-depan	2	tidak
Desy	orang:nama-depan	2	tidak
Hardi	orang:nama-depan	2	tidak
Emir	orang:nama-depan	2	ya
Alessandra	orang:nama-depan	2	tidak
Amadeus	orang:nama-depan	2	tidak
Lucas	orang:nama-depan	2	tidak
Marina	orang:nama-depan	2	ya
Rini	orang:nama-depan	2	ya
Nanda	orang:nama-depan	2	ya
Octavia	orang:nama-depan	2	tidak
Doris	orang:nama-depan	2	tidak
Saleh	orang:nama-depan	2	ya
Fitriani	orang:nama-depan	2	tidak
Carl	orang:nama-depan	2	tidak
Liliana	orang:nama-depan	2	tidak
Hikmat	orang:nama-depan	2	ya
Hugo	orang:nama-depan	2	tidak
Yogi	orang:nama-depan	2	ya
Gustav	orang:nama-depan	2	tidak
Idrus	orang:nama-depan	2	tidak
Erni	orang:nama-depan	2	tidak
Sultan	orang:nama-depan	2	ya
Verrell	orang:nama-depan	2	tidak
İsmail	orang:nama-depan	2	tidak
Natasya	orang:nama-depan	2	tidak
Lorenzo	orang:nama-depan	2	tidak
Melinda	orang:nama-depan	2	tidak
Nikita	orang:nama-depan	2	tidak
Ravi	orang:nama-depan	2	tidak
'Abd al-Wahid	orang:nama-depan	2	tidak
Anastasya	orang:nama-depan	2	tidak
Axel	orang:nama-depan	2	tidak
Sydney	orang:nama-depan	2	tidak
Jeffry	orang:nama-depan	2	tidak
Ivan	orang:nama-depan	2	tidak
Andri	orang:nama-depan	2	tidak
Syafaat	orang:nama-depan	2	ya
Betti	orang:nama-depan	2	tidak
Cliff	orang:nama-depan	2	tidak
Krishna	orang:nama-depan	2	tidak
Cornel	orang:nama-depan	2	tidak
Darren	orang:nama-depan	2	tidak
Farid	orang:nama-depan	2	tidak
Stanislaus	orang:nama-depan	2	tidak
Chintya	orang:nama-depan	2	tidak
Aaron	orang:nama-depan	2	tidak
Cecilia	orang:nama-depan	2	tidak
Sarita	orang:nama-depan	2	tidak
Reno	orang:nama-depan	2	tidak
Armand	orang:nama-depan	2	tidak
Thalita	orang:nama-depan	2	tidak
Murad	orang:nama-depan	2	ya
Bertha	orang:nama-depan	2	tidak
Rury	orang:nama-depan	2	tidak
Vivian	orang:nama-depan	2	tidak
Dyah	orang:nama-depan	2	tidak
Erica	orang:nama-depan	2	tidak
mahidin	orang:nama-depan	2	tidak
Antoni	orang:nama-depan	2	tidak
Caitlin	orang:nama-depan	2	tidak
Faiza	orang:nama-depan	2	tidak
Leonardo	orang:nama-depan	2	tidak
Ikhsan	orang:nama-depan	2	tidak
Prisca	orang:nama-depan	2	tidak
Marinus	orang:nama-depan	2	tidak
Perry	orang:nama-depan	2	tidak
Serena	orang:nama-depan	2	tidak
Stanley	orang:nama-depan	2	tidak
Maryam	orang:nama-depan	2	tidak
Fatih	orang:nama-depan	2	tidak
Philip	orang:nama-depan	2	tidak
Rory	orang:nama-depan	2	tidak
Marie	orang:nama-depan	2	tidak
Giovani	orang:nama-depan	2	tidak
Sonny	orang:nama-depan	2	tidak
Jessie	orang:nama-depan	2	tidak
Nella	orang:nama-depan	2	tidak
Shirin	orang:nama-depan	2	tidak
Toni	orang:nama-depan	2	tidak
Lies	orang:nama-depan	2	tidak
Puji	orang:nama-depan	2	ya
Burhan	orang:nama-depan	2	ya
Hellen	orang:nama-depan	2	tidak
Ema	orang:nama-depan	2	tidak
Gibran	orang:nama-depan	2	tidak
Dena	orang:nama-depan	2	ya
Taufiq	orang:nama-depan	2	tidak
Ika	orang:nama-depan	2	tidak
Panji	orang:nama-depan	2	ya
Hendri	orang:nama-depan	2	tidak
Meilani	orang:nama-depan	2	tidak
Bimo	orang:nama-depan	2	tidak
Aurora	orang:nama-depan	2	ya
Yeremia	orang:nama-depan	2	tidak
Rocky	orang:nama-depan	2	tidak
Timo	orang:nama-depan	2	tidak
Ujang	orang:nama-depan	2	ya
Liem Nio	orang:nama-depan	2	tidak
Sigid	orang:nama-depan	2	tidak
Wenny	orang:nama-depan	2	tidak
Izaac	orang:nama-depan	2	tidak
Syahrul	orang:nama-depan	2	tidak
Constant	orang:nama-depan	2	tidak
Caroline	orang:nama-depan	2	tidak
Stella	orang:nama-depan	2	tidak
Gerardus	orang:nama-depan	2	tidak
Gracia	orang:nama-depan	2	tidak
Hari	orang:nama-depan	2	ya
Oktavia	orang:nama-depan	2	tidak
Jamaluddin	orang:nama-depan	2	tidak
Emmanuel	orang:nama-depan	2	tidak
Alifa	orang:nama-depan	2	tidak
Muhammad	orang:nama-depan	2	ya
Lindsey	orang:nama-depan	2	tidak
Komang	orang:nama-depan	2	tidak
Liêm	orang:nama-depan	2	tidak
Ratu	orang:nama-depan	2	ya
Rahmi	orang:nama-depan	2	tidak
Oskar	orang:nama-depan	2	tidak
Frederika	orang:nama-depan	2	tidak
Jesica	orang:nama-depan	2	tidak
Saiful	orang:nama-depan	2	tidak
Dini	orang:nama-depan	2	ya
Azzahra	orang:nama-depan	2	tidak
Afifah	orang:nama-depan	2	tidak
Piter	orang:nama-depan	2	tidak
Dean	orang:nama-depan	2	tidak
Yasin	orang:nama-depan	2	tidak
Fredy	orang:nama-depan	2	tidak
Pemi	orang:nama-depan	2	tidak
Corina	orang:nama-depan	2	tidak
Khairul	orang:nama-depan	2	tidak
Oscar	orang:nama-depan	2	tidak
Jerome	orang:nama-depan	2	tidak
Ariella	orang:nama-depan	2	tidak
Calista	orang:nama-depan	2	tidak
Restu	orang:nama-depan	2	ya
Kurnia	orang:nama-depan	2	tidak
Yudi	orang:nama-depan	2	tidak
Nathaniel	orang:nama-depan	2	tidak
Mary	orang:nama-depan	2	tidak
Eri	orang:nama-depan	2	tidak
Ayu	orang:nama-depan	2	ya
Gan	orang:nama-depan	2	tidak
Hoo	orang:nama-depan	2	tidak
Aisha	orang:nama-depan	2	tidak
Kasim	orang:nama-depan	2	ya
Callista	orang:nama-depan	2	tidak
Nasir	orang:nama-depan	2	tidak
Tobias	orang:nama-depan	2	tidak
Eveline	orang:nama-depan	2	tidak
Antonio	orang:nama-depan	2	tidak
Margareta	orang:nama-depan	2	tidak
Anike	orang:nama-depan	2	tidak
Soraya	orang:nama-depan	2	tidak
Warren	orang:nama-depan	2	tidak
Franka	orang:nama-depan	2	tidak
Yolanda	orang:nama-depan	2	tidak
Maharani	orang:nama-depan	2	ya
Bunga	orang:nama-depan	2	ya
Carol	orang:nama-depan	2	tidak
Felicitas	orang:nama-depan	2	tidak
France	orang:nama-depan	2	tidak
Eugenia	orang:nama-depan	2	tidak
Yunus	orang:nama-depan	2	tidak
Alida	orang:nama-depan	2	tidak
Jasmin	orang:nama-depan	2	tidak
Silvana	orang:nama-depan	2	tidak
Fernanda	orang:nama-depan	2	tidak
Margaret	orang:nama-depan	2	tidak
Nathalie	orang:nama-depan	2	tidak
Adeline	orang:nama-depan	2	tidak
Dianita	orang:nama-depan	2	tidak
Leyla	orang:nama-depan	2	tidak
Thesya	orang:nama-depan	2	tidak
Theresa	orang:nama-depan	2	tidak
Lulu	orang:nama-depan	2	tidak
Chaterine	orang:nama-depan	2	tidak
Jeanine	orang:nama-depan	2	tidak
Katrina	orang:nama-depan	2	tidak
Washington	orang:nama-depan	2	ya
Luana	orang:nama-depan	2	tidak
Hudi	orang:nama-depan	2	tidak
Matheus	orang:nama-depan	2	tidak
Shandi	orang:nama-depan	2	tidak
Josefina	orang:nama-depan	2	tidak
Guido	orang:nama-depan	2	tidak
Rino	orang:nama-depan	2	tidak
Feliks	orang:nama-depan	2	tidak
Yustin	orang:nama-depan	2	tidak
Anindya	orang:nama-depan	2	tidak
Rizka	orang:nama-depan	2	tidak
Az	orang:nama-depan	2	tidak
Nikolaus	orang:nama-depan	2	tidak
Mahendra	orang:nama-depan	2	tidak
Loise	orang:nama-depan	2	tidak
Raymond	orang:nama-depan	2	tidak
Aiko	orang:nama-depan	2	tidak
Purnama	orang:nama-depan	2	ya
Abrar	orang:nama-depan	2	ya
Zainab	orang:nama-depan	2	tidak
Nabil	orang:nama-depan	2	tidak
Zulkifli	orang:nama-depan	2	tidak
Savira	orang:nama-depan	2	tidak
Rahman	orang:nama-depan	2	ya
Husni	orang:nama-depan	2	tidak
Nurdin	orang:nama-depan	2	tidak
Hakim	orang:nama-depan	2	ya
Conradus	orang:nama-depan	2	tidak
Aurellia	orang:nama-depan	2	tidak
Sesilia	orang:nama-depan	2	tidak
Ivana	orang:nama-depan	2	tidak
Wulan	orang:nama-depan	2	ya
Kadek	orang:nama-depan	2	tidak
Danisa	orang:nama-depan	2	tidak
Esteria	orang:nama-depan	2	tidak
Aquino	orang:nama-depan	2	tidak
Mohd	orang:nama-depan	2	tidak
Naila	orang:nama-depan	2	tidak
Syukri	orang:nama-depan	2	tidak
Fuadi	orang:nama-depan	2	tidak
Abel	orang:nama-depan	2	tidak
Zaki	orang:nama-depan	2	tidak
Mega	orang:nama-depan	2	ya
Novalita	orang:nama-depan	2	tidak
Ratna	orang:nama-depan	2	ya
Jaden	orang:nama-depan	2	tidak
Rizki	orang:nama-depan	2	tidak
Fadillah	orang:nama-depan	2	tidak
Tita	orang:nama-depan	2	tidak
Surya	orang:nama-depan	2	ya
Rafi	orang:nama-depan	2	ya
Riska	orang:nama-depan	2	tidak
Debora	orang:nama-depan	2	tidak
Alif	orang:nama-depan	2	ya
Justian	orang:nama-depan	2	tidak
Rafika	orang:nama-depan	2	tidak
Teguh	orang:nama-depan	2	ya
Yulianto	orang:nama-keluarga	2	tidak
Rumbewas	orang:nama-keluarga	2	tidak
Pongoh	orang:nama-keluarga	2	tidak
Heryanto	orang:nama-keluarga	2	tidak
Natsir	orang:nama-keluarga	2	tidak
Abubakar	orang:nama-keluarga	2	tidak
Kusumastuti	orang:nama-keluarga	2	tidak
Hendra	orang:nama-keluarga	2	tidak
Adistia	orang:nama-keluarga	2	tidak
Melati	orang:nama-keluarga	2	ya
Maheswari	orang:nama-keluarga	2	tidak
Saputro	orang:nama-keluarga	2	tidak
Tampi	orang:nama-keluarga	2	ya
Wong	orang:nama-keluarga	2	ya
Yuliana	orang:nama-keluarga	2	tidak
Jansen	orang:nama-keluarga	2	tidak
Damayanti	orang:nama-keluarga	2	tidak
Latief	orang:nama-keluarga	2	tidak
Subagja	orang:nama-keluarga	2	tidak
Tantri	orang:nama-keluarga	2	tidak
Hendrawan	orang:nama-keluarga	2	tidak
Sonneville	orang:nama-keluarga	2	tidak
Wiranata	orang:nama-keluarga	2	tidak
Setiadi	orang:nama-keluarga	2	tidak
Kuncoro	orang:nama-keluarga	2	tidak
Widianto	orang:nama-keluarga	2	tidak
John	orang:nama-keluarga	2	tidak
Suprianto	orang:nama-keluarga	2	tidak
Suwarno	orang:nama-keluarga	2	tidak
Hatta	orang:nama-keluarga	2	ya
Malik	orang:nama-keluarga	2	ya
Yang	orang:nama-keluarga	2	ya
Teng	orang:nama-keluarga	2	ya
Toer	orang:nama-keluarga	2	tidak
Lukas	orang:nama-keluarga	2	tidak
Adnan	orang:nama-keluarga	2	ya
Urbach	orang:nama-keluarga	2	tidak
Limpele	orang:nama-keluarga	2	tidak
Gideon	orang:nama-keluarga	2	tidak
Jaya	orang:nama-keluarga	2	ya
Mandagi	orang:nama-keluarga	2	tidak
Sodikin	orang:nama-keluarga	2	tidak
Xie	orang:nama-keluarga	2	tidak
Diah	orang:nama-keluarga	2	ya
Riyadi	orang:nama-keluarga	2	tidak
Sunarko	orang:nama-keluarga	2	tidak
Razak	orang:nama-keluarga	2	tidak
Marzuki	orang:nama-keluarga	2	tidak
Tjan	orang:nama-keluarga	2	tidak
Djamaluddin	orang:nama-keluarga	2	tidak
Kartika	orang:nama-keluarga	2	ya
Ariani	orang:nama-keluarga	2	tidak
Sastrowardoyo	orang:nama-keluarga	2	tidak
William	orang:nama-keluarga	2	tidak
Oka	orang:nama-keluarga	2	tidak
Lesmana	orang:nama-keluarga	2	tidak
Devi	orang:nama-keluarga	2	tidak
Walandouw	orang:nama-keluarga	2	tidak
Quinn	orang:nama-keluarga	2	tidak
Rudy	orang:nama-keluarga	2	tidak
Suharto	orang:nama-keluarga	2	tidak
Sanusi	orang:nama-keluarga	2	tidak
Murad	orang:nama-keluarga	2	ya
Anas	orang:nama-keluarga	2	tidak
Abidin	orang:nama-keluarga	2	ya
Chaniago	orang:nama-keluarga	2	tidak
Klopper	orang:nama-keluarga	2	tidak
Ryder	orang:nama-keluarga	2	tidak
Wilson	orang:nama-keluarga	2	tidak
Wenas	orang:nama-keluarga	2	tidak
Taher	orang:nama-keluarga	2	tidak
Fatah	orang:nama-keluarga	2	ya
Lee	orang:nama-keluarga	2	tidak
Ibrahim	orang:nama-keluarga	2	tidak
Sarah	orang:nama-keluarga	2	tidak
Boer	orang:nama-keluarga	2	tidak
Joseph	orang:nama-keluarga	2	tidak
Salam	orang:nama-keluarga	2	ya
Idris	orang:nama-keluarga	2	tidak
Basri	orang:nama-keluarga	2	tidak
Karamoy	orang:nama-keluarga	2	tidak
Simon	orang:nama-keluarga	2	tidak
Rumbiak	orang:nama-keluarga	2	tidak
Tobing	orang:nama-keluarga	2	tidak
Xu	orang:nama-keluarga	2	tidak
Nazif	orang:nama-keluarga	2	tidak
Triana	orang:nama-keluarga	2	tidak
Pical	orang:nama-keluarga	2	tidak
Siahaan	orang:nama-keluarga	2	tidak
Elizabeth	orang:nama-keluarga	2	tidak
Tampubolon	orang:nama-keluarga	2	tidak
Lydia	orang:nama-keluarga	2	tidak
Verhoeven	orang:nama-keluarga	2	tidak
Alia	orang:nama-keluarga	2	tidak
Effendy	orang:nama-keluarga	2	tidak
Alim	orang:nama-keluarga	2	ya
Koto	orang:nama-keluarga	2	tidak
Jessica	orang:nama-keluarga	2	tidak
Saladin	orang:nama-keluarga	2	tidak
Smit	orang:nama-keluarga	2	tidak
Ye	orang:nama-keluarga	2	ya
Tjoa	orang:nama-keluarga	2	tidak
Herawati	orang:nama-keluarga	2	tidak
Dinata	orang:nama-keluarga	2	tidak
Pane	orang:nama-keluarga	2	tidak
Gumulya	orang:nama-keluarga	2	tidak
Pangestu	orang:nama-keluarga	2	ya
Wu	orang:nama-keluarga	2	tidak
Hardi	orang:nama-keluarga	2	tidak
Lamo	orang:nama-keluarga	2	tidak
Ryan	orang:nama-keluarga	2	tidak
Ramdhan	orang:nama-keluarga	2	tidak
Sidin	orang:nama-keluarga	2	tidak
Utomo	orang:nama-keluarga	2	tidak
Sumanti	orang:nama-keluarga	2	tidak
Aditya	orang:nama-keluarga	2	tidak
Dahlan	orang:nama-keluarga	2	tidak
Maramis	orang:nama-keluarga	2	tidak
White	orang:nama-keluarga	2	tidak
Zhao	orang:nama-keluarga	2	tidak
Wardana	orang:nama-keluarga	2	tidak
Hattu	orang:nama-keluarga	2	tidak
Cai	orang:nama-keluarga	2	tidak
Callebaut	orang:nama-keluarga	2	tidak
Kamil	orang:nama-keluarga	2	ya
Eden	orang:nama-keluarga	2	tidak
Sasongko	orang:nama-keluarga	2	tidak
Limpo	orang:nama-keluarga	2	tidak
Mende	orang:nama-keluarga	2	tidak
Putro	orang:nama-keluarga	2	tidak
Darwin	orang:nama-keluarga	2	tidak
Agnes	orang:nama-keluarga	2	tidak
Prima	orang:nama-keluarga	2	ya
Ardianto	orang:nama-keluarga	2	tidak
Farida	orang:nama-keluarga	2	tidak
Paulus	orang:nama-keluarga	2	tidak
Abraham	orang:nama-keluarga	2	tidak
Miranda	orang:nama-keluarga	2	tidak
Rompis	orang:nama-keluarga	2	tidak
Sembiring	orang:nama-keluarga	2	tidak
Alam	orang:nama-keluarga	2	ya
Waas	orang:nama-keluarga	2	tidak
Natali	orang:nama-keluarga	2	tidak
Hartawan	orang:nama-keluarga	2	ya
Andreas	orang:nama-keluarga	2	tidak
Tulus	orang:nama-keluarga	2	ya
Saba	orang:nama-keluarga	2	ya
Sagala	orang:nama-keluarga	2	tidak
Austin	orang:nama-keluarga	2	tidak
Marpaung	orang:nama-keluarga	2	tidak
Ramdani	orang:nama-keluarga	2	tidak
Alexa	orang:nama-keluarga	2	tidak
Dondokambey	orang:nama-keluarga	2	tidak
Kandow	orang:nama-keluarga	2	tidak
Leonard	orang:nama-keluarga	2	tidak
Noor	orang:nama-keluarga	2	tidak
Rositawati	orang:nama-keluarga	2	tidak
Ulfa	orang:nama-keluarga	2	tidak
Yunita	orang:nama-keluarga	2	tidak
Yuwono	orang:nama-keluarga	2	tidak
Dendeng	orang:nama-keluarga	2	ya
Tjioe	orang:nama-keluarga	2	tidak
Cahyo	orang:nama-keluarga	2	tidak
Rivai	orang:nama-keluarga	2	tidak
Sudrajad	orang:nama-keluarga	2	tidak
Arif	orang:nama-keluarga	2	ya
Thio	orang:nama-keluarga	2	tidak
Khasanah	orang:nama-keluarga	2	tidak
Plate	orang:nama-keluarga	2	tidak
Marlina	orang:nama-keluarga	2	tidak
Wardoyo	orang:nama-keluarga	2	tidak
Purnomo	orang:nama-keluarga	2	tidak
Prakoso	orang:nama-keluarga	2	tidak
Winarto	orang:nama-keluarga	2	tidak
Wulansari	orang:nama-keluarga	2	tidak
Aryanto	orang:nama-keluarga	2	tidak
Purnama	orang:nama-keluarga	2	ya
Martin	orang:nama-keluarga	2	tidak
Joesoef	orang:nama-keluarga	2	tidak
Tumbelaka	orang:nama-keluarga	2	tidak
Bachtiar	orang:nama-keluarga	2	tidak
Made	orang:nama-keluarga	2	tidak
Bintang	orang:nama-keluarga	2	ya
Azhar	orang:nama-keluarga	2	tidak
Hermansyah	orang:nama-keluarga	2	tidak
Wahab	orang:nama-keluarga	2	tidak
Sudrajat	orang:nama-keluarga	2	tidak
Fauzi	orang:nama-keluarga	2	tidak
Jafar	orang:nama-keluarga	2	tidak
Kusumawati	orang:nama-keluarga	2	tidak
Yu	orang:nama-keluarga	2	ya
Ellis	orang:nama-keluarga	2	tidak
Nabila	orang:nama-keluarga	2	tidak
Fadillah	orang:nama-keluarga	2	tidak
Jackson	orang:nama-keluarga	2	tidak
Sijabat	orang:nama-keluarga	2	tidak
Rangga	orang:nama-keluarga	2	ya
Raka	orang:nama-keluarga	2	ya
Mahendra	orang:nama-keluarga	2	tidak
Bibra	orang:nama-keluarga	2	tidak
Scheunemann	orang:nama-keluarga	2	tidak
Dafandi	orang:nama-keluarga	2	tidak
Arafixqli	orang:nama-keluarga	2	tidak
Supit	orang:nama-keluarga	2	ya
Trisnanto	orang:nama-keluarga	2	tidak
Wulandari	orang:nama-keluarga	2	tidak
Latuconsina (marga)	orang:nama-keluarga	2	tidak
Patriani	orang:nama-keluarga	2	tidak
Kondi	orang:nama-keluarga	2	tidak
Suni	orang:nama-keluarga	2	ya
Thie	orang:nama-keluarga	2	tidak
Mayasari	orang:nama-keluarga	2	tidak
Puspitasari	orang:nama-keluarga	2	tidak
Syahputra	orang:nama-keluarga	2	tidak
Purbowati	orang:nama-keluarga	2	tidak
Joris	orang:nama-keluarga	2	tidak
Hanafi	orang:nama-keluarga	2	ya
Wicaksono	orang:nama-keluarga	2	tidak
Pramono	orang:nama-keluarga	2	tidak
Hasibuan	orang:nama-keluarga	2	tidak
Catur	orang:nama-keluarga	2	ya
Novianti	orang:nama-keluarga	2	tidak
Permata	orang:nama-keluarga	2	ya
Ayu	orang:nama-keluarga	2	ya
Farrell	orang:nama-keluarga	2	tidak
Sutisna	orang:nama-keluarga	2	tidak
Rumajar	orang:nama-keluarga	2	tidak
Kurniahu	orang:nama-keluarga	2	tidak
Gosal	orang:nama-keluarga	2	tidak
Saraswati	orang:nama-keluarga	2	tidak
Illahi	orang:nama-keluarga	2	tidak
Salsabila	orang:nama-keluarga	2	tidak
Efendi	orang:nama-keluarga	2	ya
Aryadi	orang:nama-keluarga	2	tidak
Aprilia	orang:nama-keluarga	2	tidak
Sary	orang:nama-keluarga	2	tidak
Munanda	orang:nama-keluarga	2	tidak
Pala	orang:nama-keluarga	2	ya
Maga	orang:nama-keluarga	2	tidak
Delon	orang:nama-depan	1	tidak
Carmelita	orang:nama-depan	1	tidak
Tia	orang:nama-depan	1	tidak
Fushou	orang:nama-depan	1	tidak
Yuniang	orang:nama-depan	1	tidak
Corry	orang:nama-depan	1	tidak
Dandi	orang:nama-depan	1	ya
Pek Sen	orang:nama-depan	1	tidak
Dellis	orang:nama-depan	1	tidak
Deyana	orang:nama-depan	1	tidak
Dhany	orang:nama-depan	1	tidak
Dharma	orang:nama-depan	1	tidak
Rexy	orang:nama-depan	1	tidak
Donatus	orang:nama-depan	1	tidak
Dorothea	orang:nama-depan	1	tidak
Guna	orang:nama-depan	1	ya
Alrie	orang:nama-depan	1	tidak
Jones	orang:nama-depan	1	tidak
Ralfy	orang:nama-depan	1	tidak
Moreno	orang:nama-depan	1	tidak
Rendra	orang:nama-depan	1	tidak
Poo Djian	orang:nama-depan	1	tidak
Riyanto	orang:nama-depan	1	tidak
Eng	orang:nama-depan	1	tidak
Patria	orang:nama-depan	1	tidak
Erma	orang:nama-depan	1	tidak
Lesmina	orang:nama-depan	1	tidak
Jenna	orang:nama-depan	1	tidak
Rob	orang:nama-depan	1	tidak
Nikolay	orang:nama-depan	1	tidak
Guilherme	orang:nama-depan	1	tidak
Aji	orang:nama-depan	1	ya
Komala	orang:nama-depan	1	tidak
Shendy	orang:nama-depan	1	tidak
Ivanna	orang:nama-depan	1	tidak
Tanya	orang:nama-depan	1	ya
Alvent	orang:nama-depan	1	tidak
Raema	orang:nama-depan	1	tidak
Feng	orang:nama-depan	1	tidak
Fung	orang:nama-depan	1	tidak
Lius	orang:nama-depan	1	tidak
Hariamanto	orang:nama-depan	1	tidak
Liliyana	orang:nama-depan	1	tidak
Andrianus	orang:nama-depan	1	tidak
Aprida	orang:nama-depan	1	tidak
Meiliana	orang:nama-depan	1	tidak
Greysia	orang:nama-depan	1	tidak
Febe	orang:nama-depan	1	tidak
Dionysius	orang:nama-depan	1	tidak
Hayom	orang:nama-depan	1	tidak
Imay	orang:nama-depan	1	tidak
Andhika	orang:nama-depan	1	tidak
Tontowi	orang:nama-depan	1	tidak
Mulia	orang:nama-depan	1	ya
Aadijatmiko	orang:nama-depan	1	tidak
Gebby	orang:nama-depan	1	tidak
Ristiyani	orang:nama-depan	1	tidak
Destiara	orang:nama-depan	1	tidak
Sarwendah	orang:nama-depan	1	tidak
Taty	orang:nama-depan	1	tidak
Feinya	orang:nama-depan	1	tidak
Minarni	orang:nama-depan	1	tidak
Nitya	orang:nama-depan	1	tidak
Krishinda	orang:nama-depan	1	tidak
Cindana	orang:nama-depan	1	tidak
Hayam	orang:nama-depan	1	tidak
Suharto	orang:nama-depan	1	tidak
Marty	orang:nama-depan	1	tidak
Riky	orang:nama-depan	1	tidak
Try	orang:nama-depan	1	tidak
Berthold	orang:nama-depan	1	tidak
Raphael	orang:nama-depan	1	tidak
Joe Hok	orang:nama-depan	1	tidak
Fran	orang:nama-depan	1	tidak
Zelin	orang:nama-depan	1	tidak
Bellaetrix	orang:nama-depan	1	tidak
Minarti	orang:nama-depan	1	tidak
Mia	orang:nama-depan	1	tidak
Ludwig	orang:nama-depan	1	tidak
Kaisa	orang:nama-depan	1	tidak
Patah	orang:nama-depan	1	ya
Pramoedya	orang:nama-depan	1	tidak
Ananta	orang:nama-depan	1	tidak
Abu Bakar	orang:nama-depan	1	tidak
Iie	orang:nama-depan	1	tidak
Fauzi	orang:nama-depan	1	tidak
Adriyanti	orang:nama-depan	1	tidak
Afiat	orang:nama-depan	1	ya
Yuris	orang:nama-depan	1	ya
Agripina	orang:nama-depan	1	tidak
Annemarie	orang:nama-depan	1	tidak
Yevgeni	orang:nama-depan	1	tidak
Angelique	orang:nama-depan	1	tidak
Bona	orang:nama-depan	1	tidak
Apriliana	orang:nama-depan	1	tidak
Ardy	orang:nama-depan	1	tidak
Swie King	orang:nama-depan	1	tidak
Lida	orang:nama-depan	1	tidak
Filep	orang:nama-depan	1	tidak
Semuel	orang:nama-depan	1	tidak
Atik	orang:nama-depan	1	tidak
Atu	orang:nama-depan	1	tidak
Wifqi	orang:nama-depan	1	tidak
Benyamin	orang:nama-depan	1	tidak
Didit	orang:nama-depan	1	tidak
Renna	orang:nama-depan	1	tidak
Setyo	orang:nama-depan	1	tidak
Praveen	orang:nama-depan	1	tidak
Ertanto	orang:nama-depan	1	tidak
Willie	orang:nama-depan	1	tidak
Keshya	orang:nama-depan	1	tidak
Nurvita	orang:nama-depan	1	tidak
Hermawan	orang:nama-depan	1	tidak
Nazril	orang:nama-depan	1	tidak
Ruud	orang:nama-depan	1	tidak
Flandy	orang:nama-depan	1	tidak
Florentinus	orang:nama-depan	1	tidak
Rocharjanta	orang:nama-depan	1	tidak
Victo	orang:nama-depan	1	tidak
Sylvina	orang:nama-depan	1	tidak
Gaspar	orang:nama-depan	1	tidak
Hieronymus	orang:nama-depan	1	tidak
Fernaldi	orang:nama-depan	1	tidak
Girulfus	orang:nama-depan	1	tidak
Emanuelle	orang:nama-depan	1	tidak
Icuk	orang:nama-depan	1	tidak
Gustiani	orang:nama-depan	1	tidak
Tjeng Kiang	orang:nama-depan	1	tidak
Hastomo	orang:nama-depan	1	tidak
Heni	orang:nama-depan	1	tidak
Hera	orang:nama-depan	1	tidak
Desi	orang:nama-depan	1	tidak
Hilarius	orang:nama-depan	1	tidak
Tahir	orang:nama-depan	1	ya
Rieke	orang:nama-depan	1	tidak
Nurhaena	orang:nama-depan	1	tidak
Jeffer	orang:nama-depan	1	tidak
Shella	orang:nama-depan	1	tidak
Josephus	orang:nama-depan	1	tidak
King Gwan	orang:nama-depan	1	tidak
Aras	orang:nama-depan	1	ya
Tiong Ping	orang:nama-depan	1	tidak
Suwardi	orang:nama-depan	1	tidak
Holvy	orang:nama-depan	1	tidak
Lilik	orang:nama-depan	1	tidak
Lingga	orang:nama-depan	1	ya
Elfira	orang:nama-depan	1	tidak
Marleve	orang:nama-depan	1	tidak
Daeva	orang:nama-depan	1	tidak
Muljadi	orang:nama-depan	1	tidak
Mário	orang:nama-depan	1	tidak
Nara	orang:nama-depan	1	ya
Very	orang:nama-depan	1	tidak
Selena	orang:nama-depan	1	tidak
Purwati	orang:nama-depan	1	tidak
Yanu	orang:nama-depan	1	tidak
Rony	orang:nama-depan	1	tidak
Yusfin	orang:nama-depan	1	tidak
Sandiarto	orang:nama-depan	1	tidak
Nicolaas	orang:nama-depan	1	tidak
Senatria	orang:nama-depan	1	tidak
Hiren	orang:nama-depan	1	tidak
Shesar	orang:nama-depan	1	tidak
Ilija	orang:nama-depan	1	tidak
Stenny	orang:nama-depan	1	tidak
Iko	orang:nama-depan	1	tidak
General	orang:nama-depan	1	tidak
Riri	orang:nama-depan	1	tidak
Isaak	orang:nama-depan	1	tidak
Tjun	orang:nama-depan	1	tidak
Chunsheng	orang:nama-depan	1	tidak
Tutang	orang:nama-depan	1	tidak
Guillaume	orang:nama-depan	1	tidak
Aprilsasi	orang:nama-depan	1	tidak
Wenjiao	orang:nama-depan	1	tidak
Boen Kao	orang:nama-depan	1	tidak
Alamsyah	orang:nama-depan	1	tidak
Ed	orang:nama-depan	1	tidak
Edmund	orang:nama-depan	1	tidak
Edmon	orang:nama-depan	1	tidak
Egidia	orang:nama-depan	1	tidak
Elbert	orang:nama-depan	1	tidak
Elmir	orang:nama-depan	1	tidak
Eman	orang:nama-depan	1	tidak
Enda	orang:nama-depan	1	tidak
Ermina	orang:nama-depan	1	tidak
Erny	orang:nama-depan	1	tidak
Eron	orang:nama-depan	1	tidak
Estelle	orang:nama-depan	1	tidak
Celia	orang:nama-depan	1	tidak
Fasli	orang:nama-depan	1	tidak
Ferzi	orang:nama-depan	1	tidak
Filomeno	orang:nama-depan	1	tidak
Gadiza	orang:nama-depan	1	tidak
Ganjar	orang:nama-depan	1	ya
Gavin	orang:nama-depan	1	tidak
Ilana	orang:nama-depan	1	tidak
Ines	orang:nama-depan	1	tidak
Irish	orang:nama-depan	1	tidak
Ivy	orang:nama-depan	1	tidak
Jill	orang:nama-depan	1	tidak
Joanna	orang:nama-depan	1	tidak
Gerhard	orang:nama-depan	1	tidak
Johann	orang:nama-depan	1	tidak
Christoph	orang:nama-depan	1	tidak
Ditmar	orang:nama-depan	1	tidak
Edric	orang:nama-depan	1	tidak
Eileen	orang:nama-depan	1	tidak
Izaak	orang:nama-depan	1	tidak
Fahira	orang:nama-depan	1	tidak
Giovanni	orang:nama-depan	1	tidak
María	orang:nama-depan	1	tidak
Nini	orang:nama-depan	1	ya
Fatin	orang:nama-depan	1	tidak
Nabilah	orang:nama-depan	1	tidak
Abdel	orang:nama-depan	1	tidak
Abdul Hafiz	orang:nama-depan	1	tidak
ʿAbd al-Ṣamad	orang:nama-depan	1	tidak
Achiel	orang:nama-depan	1	tidak
Adra	orang:nama-depan	1	tidak
Pricilla	orang:nama-depan	1	tidak
Aischa	orang:nama-depan	1	tidak
Alessandro	orang:nama-depan	1	tidak
Alessia	orang:nama-depan	1	tidak
Alissa	orang:nama-depan	1	tidak
Josua	orang:nama-depan	1	tidak
Junior	orang:nama-depan	1	ya
Katinka	orang:nama-depan	1	tidak
Kees	orang:nama-depan	1	tidak
Kelvin	orang:nama-depan	1	tidak
Kieran	orang:nama-depan	1	tidak
Klemen	orang:nama-depan	1	tidak
Yulan	orang:nama-depan	1	tidak
Lea	orang:nama-depan	1	tidak
Lella	orang:nama-depan	1	tidak
Leona	orang:nama-depan	1	tidak
Lyra	orang:nama-depan	1	tidak
Maggie	orang:nama-depan	1	tidak
Manuella	orang:nama-depan	1	tidak
Marlis	orang:nama-depan	1	tidak
Marlon	orang:nama-depan	1	tidak
Edison	orang:nama-depan	1	tidak
Engelbert	orang:nama-depan	1	tidak
Eros	orang:nama-depan	1	tidak
Ersa	orang:nama-depan	1	tidak
Fabiano	orang:nama-depan	1	tidak
Flip	orang:nama-depan	1	tidak
Soejatmi	orang:nama-depan	1	tidak
Haidar	orang:nama-depan	1	tidak
Cliffton	orang:nama-depan	1	tidak
Conny	orang:nama-depan	1	tidak
Donnie	orang:nama-depan	1	tidak
Eno	orang:nama-depan	1	tidak
Hubert	orang:nama-depan	1	tidak
Harvey	orang:nama-depan	1	tidak
Amy	orang:nama-depan	1	tidak
Anand	orang:nama-depan	1	tidak
Anastasia	orang:nama-depan	1	tidak
Anicetus	orang:nama-depan	1	tidak
Archie	orang:nama-depan	1	tidak
Man	orang:nama-depan	1	ya
Asti	orang:nama-depan	1	tidak
Diandra	orang:nama-depan	1	tidak
Balthasar	orang:nama-depan	1	tidak
Reguna	orang:nama-depan	1	tidak
Bando	orang:nama-depan	1	ya
Basir	orang:nama-depan	1	ya
Bastian	orang:nama-depan	1	tidak
Bennedict	orang:nama-depan	1	tidak
Yanti	orang:nama-depan	1	tidak
Yoseph	orang:nama-depan	1	tidak
Yuni	orang:nama-depan	1	tidak
Gertrudes	orang:nama-depan	1	tidak
Garin	orang:nama-depan	1	tidak
Noor	orang:nama-depan	1	tidak
Kade	orang:nama-depan	1	ya
Vic	orang:nama-depan	1	tidak
Kassian	orang:nama-depan	1	tidak
Morgan	orang:nama-depan	1	tidak
Bisma	orang:nama-depan	1	tidak
Rifat	orang:nama-depan	1	tidak
Udo	orang:nama-depan	1	ya
Mari	orang:nama-depan	1	ya
Elie	orang:nama-depan	1	tidak
Suzanna	orang:nama-depan	1	tidak
Thom	orang:nama-depan	1	tidak
Leila	orang:nama-depan	1	tidak
Suwarsih	orang:nama-depan	1	tidak
Mateus	orang:nama-depan	1	tidak
Maxime	orang:nama-depan	1	tidak
Miriam	orang:nama-depan	1	tidak
Mirta	orang:nama-depan	1	tidak
Mischa	orang:nama-depan	1	tidak
Monita	orang:nama-depan	1	tidak
Monique	orang:nama-depan	1	tidak
Monty	orang:nama-depan	1	tidak
Akhdan	orang:nama-depan	1	tidak
Rafiddias	orang:nama-depan	1	tidak
Reinout	orang:nama-depan	1	tidak
Renatus	orang:nama-depan	1	tidak
Reuben	orang:nama-depan	1	tidak
Riana	orang:nama-depan	1	tidak
Rieka	orang:nama-depan	1	tidak
Romeo	orang:nama-depan	1	tidak
Rosemarie	orang:nama-depan	1	tidak
Ruby	orang:nama-depan	1	tidak
Saadah	orang:nama-depan	1	ya
Sandrina	orang:nama-depan	1	tidak
Saphira	orang:nama-depan	1	tidak
Sheryl	orang:nama-depan	1	tidak
Silas	orang:nama-depan	1	tidak
Bernadette	orang:nama-depan	1	tidak
Bill	orang:nama-depan	1	tidak
Cali	orang:nama-depan	1	tidak
Cas	orang:nama-depan	1	ya
Chand	orang:nama-depan	1	tidak
Chelsie	orang:nama-depan	1	tidak
Chelsy	orang:nama-depan	1	tidak
Chitra	orang:nama-depan	1	tidak
Christoffer	orang:nama-depan	1	tidak
Cleopatra	orang:nama-depan	1	tidak
Conchita	orang:nama-depan	1	tidak
Deariska	orang:nama-depan	1	tidak
Dahlia	orang:nama-depan	1	ya
Dion	orang:nama-depan	1	tidak
Djair	orang:nama-depan	1	tidak
Muni	orang:nama-depan	1	tidak
Nancy	orang:nama-depan	1	tidak
Nazif	orang:nama-depan	1	tidak
Nestor	orang:nama-depan	1	ya
Nick	orang:nama-depan	1	tidak
Nizar	orang:nama-depan	1	tidak
Nola	orang:nama-depan	1	tidak
Nurul	orang:nama-depan	1	tidak
Oeripan	orang:nama-depan	1	tidak
Onno	orang:nama-depan	1	tidak
Paquita	orang:nama-depan	1	tidak
Pino	orang:nama-depan	1	tidak
Heidy	orang:nama-depan	1	tidak
Hermann	orang:nama-depan	1	tidak
Hetty	orang:nama-depan	1	tidak
Jody	orang:nama-depan	1	tidak
Karis	orang:nama-depan	1	tidak
Bai	orang:nama-depan	1	tidak
Izak	orang:nama-depan	1	tidak
Reynold	orang:nama-depan	1	tidak
Rima	orang:nama-depan	1	ya
Sandro	orang:nama-depan	1	tidak
Sylvana	orang:nama-depan	1	tidak
Jamie	orang:nama-depan	1	tidak
Jacobus	orang:nama-depan	1	tidak
Aston	orang:nama-depan	1	tidak
José	orang:nama-depan	1	tidak
Radin	orang:nama-depan	1	ya
Sadrach	orang:nama-depan	1	tidak
Lavinia	orang:nama-depan	1	tidak
Linton	orang:nama-depan	1	tidak
Afgansyah	orang:nama-depan	1	tidak
Adelina	orang:nama-depan	1	tidak
Asma	orang:nama-depan	1	ya
Aurelie	orang:nama-depan	1	tidak
Lula	orang:nama-depan	1	tidak
Sudi	orang:nama-depan	1	ya
Shae	orang:nama-depan	1	tidak
Davis	orang:nama-depan	1	tidak
Nayaka	orang:nama-depan	1	ya
Lukhi	orang:nama-depan	1	tidak
Apri	orang:nama-depan	1	tidak
Gordon	orang:nama-depan	1	tidak
Nurbeta	orang:nama-depan	1	tidak
Alfian	orang:nama-depan	1	tidak
Leopold	orang:nama-depan	1	tidak
Anny	orang:nama-depan	1	tidak
Anya	orang:nama-depan	1	tidak
Mansur	orang:nama-depan	1	tidak
Linus	orang:nama-depan	1	tidak
Kamila	orang:nama-depan	1	tidak
Soeman	orang:nama-depan	1	tidak
Ludovikus	orang:nama-depan	1	tidak
Miro	orang:nama-depan	1	tidak
Krisna	orang:nama-depan	1	tidak
Charis	orang:nama-depan	1	tidak
Erol	orang:nama-depan	1	tidak
Rossa	orang:nama-depan	1	tidak
Tora	orang:nama-depan	1	tidak
Indy	orang:nama-depan	1	tidak
Dominggus	orang:nama-depan	1	tidak
Saul	orang:nama-depan	1	tidak
Gerungan	orang:nama-depan	1	tidak
Gareth	orang:nama-depan	1	tidak
Darwin	orang:nama-depan	1	tidak
Sunny	orang:nama-depan	1	tidak
Armida	orang:nama-depan	1	tidak
Selina	orang:nama-depan	1	tidak
Anissa	orang:nama-depan	1	tidak
Hannah	orang:nama-depan	1	tidak
Helen	orang:nama-depan	1	tidak
Hendrikus	orang:nama-depan	1	tidak
Idris	orang:nama-depan	1	tidak
Innes	orang:nama-depan	1	tidak
Ismael	orang:nama-depan	1	tidak
Jimi	orang:nama-depan	1	tidak
Umar	orang:nama-depan	1	tidak
Lana	orang:nama-depan	1	ya
Latasha	orang:nama-depan	1	tidak
Sissy	orang:nama-depan	1	tidak
Steny	orang:nama-depan	1	tidak
Stuart	orang:nama-depan	1	tidak
Sulistyo	orang:nama-depan	1	tidak
Terryana	orang:nama-depan	1	tidak
Tini	orang:nama-depan	1	tidak
Tirto	orang:nama-depan	1	tidak
Ugo	orang:nama-depan	1	tidak
Valerina	orang:nama-depan	1	tidak
Verna	orang:nama-depan	1	tidak
Vienna	orang:nama-depan	1	tidak
Vilia	orang:nama-depan	1	tidak
Vitalis	orang:nama-depan	1	tidak
Vivi	orang:nama-depan	1	tidak
Wimar	orang:nama-depan	1	tidak
Winson	orang:nama-depan	1	tidak
Yoan	orang:nama-depan	1	tidak
Yohanna	orang:nama-depan	1	tidak
Zelda	orang:nama-depan	1	tidak
Zsa Zsa	orang:nama-depan	1	tidak
Zsazsa	orang:nama-depan	1	tidak
Zulkarnain	orang:nama-depan	1	tidak
Cindi	orang:nama-depan	1	tidak
Noella	orang:nama-depan	1	tidak
Noura	orang:nama-depan	1	tidak
Jeremias	orang:nama-depan	1	tidak
Oslan	orang:nama-depan	1	tidak
Ralph	orang:nama-depan	1	tidak
Raquel	orang:nama-depan	1	tidak
Francine	orang:nama-depan	1	tidak
Shankar	orang:nama-depan	1	tidak
Salem	orang:nama-depan	1	ya
Natalie	orang:nama-depan	1	tidak
Santi	orang:nama-depan	1	tidak
Subagyo	orang:nama-depan	1	tidak
Paulo	orang:nama-depan	1	tidak
Levi	orang:nama-depan	1	tidak
Melvin	orang:nama-depan	1	tidak
Lodewijk	orang:nama-depan	1	tidak
Reni	orang:nama-depan	1	tidak
Ebrahim	orang:nama-depan	1	tidak
Sílvio	orang:nama-depan	1	tidak
Errol	orang:nama-depan	1	tidak
Dolly	orang:nama-depan	1	tidak
Melvira	orang:nama-depan	1	tidak
Ridha	orang:nama-depan	1	tidak
Ihsandi	orang:nama-depan	1	tidak
Maretha	orang:nama-depan	1	tidak
Sinisuka	orang:nama-depan	1	tidak
Elfa	orang:nama-depan	1	tidak
Fira	orang:nama-depan	1	tidak
Arzia	orang:nama-depan	1	tidak
Oxavia	orang:nama-depan	1	tidak
Kris	orang:nama-depan	1	tidak
Fariz	orang:nama-depan	1	tidak
Naoko	orang:nama-depan	1	tidak
Kang	orang:nama-depan	1	ya
Maribeth	orang:nama-depan	1	tidak
Najwa	orang:nama-depan	1	tidak
Maia	orang:nama-depan	1	tidak
Abdur Razzaq	orang:nama-depan	1	tidak
Jelita	orang:nama-depan	1	ya
Alanda	orang:nama-depan	1	tidak
Anda	orang:nama-depan	1	ya
Marciano	orang:nama-depan	1	tidak
Gisella	orang:nama-depan	1	tidak
Mikko	orang:nama-depan	1	tidak
Inka	orang:nama-depan	1	tidak
Mitchell	orang:nama-depan	1	tidak
Moses	orang:nama-depan	1	tidak
Myra	orang:nama-depan	1	tidak
Afif	orang:nama-depan	1	tidak
Bertrand	orang:nama-depan	1	tidak
Manoj	orang:nama-depan	1	tidak
Jonatan	orang:nama-depan	1	tidak
Paramytha	orang:nama-depan	1	tidak
Rosyita	orang:nama-depan	1	tidak
Selvanus	orang:nama-depan	1	tidak
Rahel	orang:nama-depan	1	tidak
Sanjaya	orang:nama-depan	1	tidak
Faris	orang:nama-depan	1	tidak
Àbduh	orang:nama-depan	1	tidak
Masita	orang:nama-depan	1	tidak
Ishak	orang:nama-depan	1	tidak
Tatjana	orang:nama-depan	1	tidak
Elfin	orang:nama-depan	1	tidak
Liana	orang:nama-depan	1	ya
Estelita (given name)	orang:nama-depan	1	tidak
Paschalis	orang:nama-depan	1	tidak
Lafran	orang:nama-depan	1	tidak
Aleta	orang:nama-depan	1	tidak
Arlan	orang:nama-depan	1	tidak
Stefan	orang:nama-depan	1	tidak
Dominic	orang:nama-depan	1	tidak
Akli	orang:nama-depan	1	ya
Anderson	orang:nama-depan	1	tidak
Auguste	orang:nama-depan	1	tidak
Engel	orang:nama-depan	1	tidak
Tami	orang:nama-depan	1	tidak
Miyu	orang:nama-depan	1	tidak
Salih	orang:nama-depan	1	ya
Abdul Ghaffar	orang:nama-depan	1	tidak
Cipto	orang:nama-depan	1	tidak
Sandi	orang:nama-depan	1	ya
Desmond	orang:nama-depan	1	tidak
Ezra	orang:nama-depan	1	tidak
Faye	orang:nama-depan	1	tidak
Nichole	orang:nama-depan	1	tidak
Coralie	orang:nama-depan	1	tidak
Netty	orang:nama-depan	1	tidak
Senna	orang:nama-depan	1	tidak
Iza	orang:nama-depan	1	tidak
Jon	orang:nama-depan	1	tidak
Janet	orang:nama-depan	1	tidak
Margret	orang:nama-depan	1	tidak
Natasa	orang:nama-depan	1	tidak
Karolin	orang:nama-depan	1	tidak
Olive	orang:nama-depan	1	tidak
Marten	orang:nama-depan	1	tidak
Mirzani	orang:nama-depan	1	tidak
Abdurahman	orang:nama-depan	1	tidak
Aidan	orang:nama-depan	1	tidak
Aiman	orang:nama-depan	1	tidak
Alis	orang:nama-depan	1	ya
Alisia	orang:nama-depan	1	tidak
Arman	orang:nama-depan	1	tidak
Boas	orang:nama-depan	1	tidak
Paola	orang:nama-depan	1	tidak
Yoel	orang:nama-depan	1	tidak
Vinny	orang:nama-depan	1	tidak
Zain	orang:nama-depan	1	tidak
Bryant	orang:nama-depan	1	tidak
Bobi	orang:nama-depan	1	tidak
Mamadou	orang:nama-depan	1	tidak
Mahadewi	orang:nama-depan	1	ya
Dallas	orang:nama-depan	1	tidak
Isabella	orang:nama-depan	1	tidak
Hamish	orang:nama-depan	1	tidak
Krista	orang:nama-depan	1	ya
Lynda	orang:nama-depan	1	tidak
Ani	orang:nama-depan	1	ya
Arbi	orang:nama-depan	1	tidak
Meliana	orang:nama-depan	1	tidak
Cessy	orang:nama-depan	1	tidak
Ashraf	orang:nama-depan	1	tidak
Marie-Claire	orang:nama-depan	1	tidak
Barnabas	orang:nama-depan	1	tidak
Beatrice	orang:nama-depan	1	tidak
Besar	orang:nama-depan	1	ya
Bio	orang:nama-depan	1	tidak
Joni	orang:nama-depan	1	tidak
Boaz	orang:nama-depan	1	tidak
Boni	orang:nama-depan	1	tidak
Kamidia	orang:nama-depan	1	tidak
Camelia	orang:nama-depan	1	tidak
Chairul	orang:nama-depan	1	tidak
Virgiawan	orang:nama-depan	1	tidak
Cinta	orang:nama-depan	1	ya
Cornelius	orang:nama-depan	1	tidak
Danil	orang:nama-depan	1	tidak
Greg	orang:nama-depan	1	tidak
Nino	orang:nama-depan	1	tidak
Deny	orang:nama-depan	1	tidak
Sherina	orang:nama-depan	1	tidak
Nike	orang:nama-depan	1	tidak
Immanuel	orang:nama-depan	1	tidak
Elma	orang:nama-depan	1	tidak
Evita	orang:nama-depan	1	tidak
Malvino	orang:nama-depan	1	tidak
Faruk	orang:nama-depan	1	tidak
François-Xavier	orang:nama-depan	1	tidak
Santa	orang:nama-depan	1	ya
Yohana	orang:nama-depan	1	tidak
Firman	orang:nama-depan	1	ya
Ruselli	orang:nama-depan	1	tidak
Hilmar	orang:nama-depan	1	tidak
Cisita	orang:nama-depan	1	tidak
Joity	orang:nama-depan	1	tidak
Millicent	orang:nama-depan	1	tidak
Kamala	orang:nama-depan	1	tidak
Juana	orang:nama-depan	1	tidak
Hok	orang:nama-depan	1	tidak
Hoei	orang:nama-depan	1	tidak
Jeffrey	orang:nama-depan	1	tidak
Augustin	orang:nama-depan	1	tidak
Deni	orang:nama-depan	1	tidak
Lionel	orang:nama-depan	1	tidak
Ignas	orang:nama-depan	1	tidak
Reymond	orang:nama-depan	1	tidak
Tim	orang:nama-depan	1	ya
Nikki	orang:nama-depan	1	tidak
Simson	orang:nama-depan	1	tidak
Natashia	orang:nama-depan	1	tidak
Risa	orang:nama-depan	1	ya
Sekar	orang:nama-depan	1	ya
Shireen	orang:nama-depan	1	tidak
Mikha	orang:nama-depan	1	tidak
Maudy	orang:nama-depan	1	tidak
Sigi	orang:nama-depan	1	ya
Stefani	orang:nama-depan	1	tidak
Silvester	orang:nama-depan	1	tidak
Tarik	orang:nama-depan	1	ya
Ted	orang:nama-depan	1	tidak
Titus	orang:nama-depan	1	tidak
Wim	orang:nama-depan	1	tidak
Wénzhèng	orang:nama-depan	1	tidak
Enoch	orang:nama-depan	1	tidak
Yana	orang:nama-depan	1	tidak
Andrias	orang:nama-depan	1	tidak
Berto	orang:nama-depan	1	tidak
Elaine	orang:nama-depan	1	tidak
Fabian	orang:nama-depan	1	tidak
Harsha	orang:nama-depan	1	tidak
Simone	orang:nama-depan	1	tidak
Baron	orang:nama-depan	1	ya
Mien	orang:nama-depan	1	tidak
Silvano	orang:nama-depan	1	tidak
Frederick	orang:nama-depan	1	tidak
Rain	orang:nama-depan	1	tidak
Krizia	orang:nama-depan	1	tidak
Dinar	orang:nama-depan	1	ya
Gregoria	orang:nama-depan	1	tidak
François	orang:nama-depan	1	tidak
Mina	orang:nama-depan	1	ya
Viviane	orang:nama-depan	1	tidak
Trisa	orang:nama-depan	1	tidak
Klemens	orang:nama-depan	1	tidak
Bonnie	orang:nama-depan	1	tidak
Olly	orang:nama-depan	1	tidak
Danilla	orang:nama-depan	1	tidak
Clay	orang:nama-depan	1	tidak
Kathy	orang:nama-depan	1	tidak
Aladin	orang:nama-depan	1	tidak
Hildi	orang:nama-depan	1	tidak
Kornelia	orang:nama-depan	1	tidak
Setyaldi	orang:nama-depan	1	tidak
Marko	orang:nama-depan	1	tidak
Gianluigi	orang:nama-depan	1	tidak
Lois	orang:nama-depan	1	tidak
Dera	orang:nama-depan	1	ya
Megan	orang:nama-depan	1	ya
Georgina	orang:nama-depan	1	tidak
Alverino	orang:nama-depan	1	tidak
Gian	orang:nama-depan	1	tidak
Vega	orang:nama-depan	1	tidak
Vio	orang:nama-depan	1	tidak
http://www.wikidata.org/.well-known/genid/0bb93aca38a75974e547aea7046393e7	orang:nama-depan	1	tidak
http://www.wikidata.org/.well-known/genid/7c4c207982713e4e4dc7b82d49e0257d	orang:nama-depan	1	tidak
Achintya	orang:nama-depan	1	tidak
Gono	orang:nama-depan	1	tidak
Ayman	orang:nama-depan	1	tidak
Luther	orang:nama-depan	1	tidak
Yulian	orang:nama-depan	1	tidak
Lyanny	orang:nama-depan	1	tidak
Robi	orang:nama-depan	1	tidak
Shawn	orang:nama-depan	1	tidak
Hermina	orang:nama-depan	1	tidak
Tara	orang:nama-depan	1	ya
Jodhi	orang:nama-depan	1	tidak
Boris	orang:nama-depan	1	tidak
Nicola	orang:nama-depan	1	tidak
Peni	orang:nama-depan	1	ya
Yakov	orang:nama-depan	1	tidak
Kanty	orang:nama-depan	1	tidak
Fadia	orang:nama-depan	1	tidak
Ariana	orang:nama-depan	1	tidak
Rehan	orang:nama-depan	1	tidak
Naufal	orang:nama-depan	1	tidak
Jaëll	orang:nama-depan	1	tidak
Ragnar	orang:nama-depan	1	tidak
Rene	orang:nama-depan	1	tidak
Masaji	orang:nama-depan	1	tidak
Giulio	orang:nama-depan	1	tidak
Hajar	orang:nama-depan	1	ya
Damayanti	orang:nama-depan	1	tidak
Ole	orang:nama-depan	1	tidak
Pere	orang:nama-depan	1	ya
Suharso	orang:nama-depan	1	tidak
Igor	orang:nama-depan	1	tidak
Indrawati	orang:nama-depan	1	tidak
Judith	orang:nama-depan	1	tidak
Antoine	orang:nama-depan	1	tidak
Shakila	orang:nama-depan	1	tidak
Sindy	orang:nama-depan	1	tidak
Barbara	orang:nama-depan	1	tidak
Zita	orang:nama-depan	1	tidak
Beatrix	orang:nama-depan	1	tidak
Ledia	orang:nama-depan	1	tidak
Annette	orang:nama-depan	1	tidak
Gerrit	orang:nama-depan	1	tidak
Sasha	orang:nama-depan	1	tidak
Marques	orang:nama-depan	1	tidak
http://www.wikidata.org/.well-known/genid/da73d2e94d9506036c710ecb65c6007b	orang:nama-depan	1	tidak
Tjoen Ing	orang:nama-depan	1	tidak
Gianluca	orang:nama-depan	1	tidak
Neil	orang:nama-depan	1	tidak
Zoya	orang:nama-depan	1	tidak
La	orang:nama-depan	1	ya
Eve	orang:nama-depan	1	tidak
Fridolin	orang:nama-depan	1	tidak
Tedi	orang:nama-depan	1	tidak
Inoki	orang:nama-depan	1	tidak
Theopilus	orang:nama-depan	1	tidak
Haryo	orang:nama-depan	1	tidak
Mychelle	orang:nama-depan	1	tidak
Crhystine	orang:nama-depan	1	tidak
Yulfira	orang:nama-depan	1	tidak
Marsheilla	orang:nama-depan	1	tidak
Gischa	orang:nama-depan	1	tidak
Rahmadhani	orang:nama-depan	1	tidak
Nisak	orang:nama-depan	1	tidak
Merisa	orang:nama-depan	1	tidak
Asty	orang:nama-depan	1	tidak
Lelyana	orang:nama-depan	1	tidak
Weng Ching	orang:nama-depan	1	tidak
Mei Hwa	orang:nama-depan	1	tidak
Ninik	orang:nama-depan	1	ya
Rusydina	orang:nama-depan	1	tidak
Kenas	orang:nama-depan	1	ya
Kiok Nio	orang:nama-depan	1	tidak
Lin Nio	orang:nama-depan	1	tidak
Hong Nio	orang:nama-depan	1	tidak
Rosnida	orang:nama-depan	1	tidak
Yehezkiel	orang:nama-depan	1	tidak
Tjiang Beng	orang:nama-depan	1	tidak
Luisa	orang:nama-depan	1	tidak
Aman	orang:nama-depan	1	ya
Denis	orang:nama-depan	1	tidak
Nonong	orang:nama-depan	1	ya
Reony	orang:nama-depan	1	tidak
Renny	orang:nama-depan	1	tidak
Conni	orang:nama-depan	1	tidak
Romanus	orang:nama-depan	1	tidak
Tomy	orang:nama-depan	1	tidak
Daniella	orang:nama-depan	1	tidak
Florensia	orang:nama-depan	1	tidak
Setyana	orang:nama-depan	1	tidak
Aurélien	orang:nama-depan	1	tidak
Roslin	orang:nama-depan	1	tidak
Jauza	orang:nama-depan	1	ya
Fadhila	orang:nama-depan	1	tidak
Apriyani	orang:nama-depan	1	tidak
Elora	orang:nama-depan	1	tidak
Jamarr	orang:nama-depan	1	tidak
Ivanka	orang:nama-depan	1	tidak
Priscillia	orang:nama-depan	1	tidak
Safira	orang:nama-depan	1	tidak
Anggie	orang:nama-depan	1	tidak
Shani	orang:nama-depan	1	tidak
Zakia	orang:nama-depan	1	tidak
Mulyana	orang:nama-depan	1	tidak
Angeline	orang:nama-depan	1	tidak
Upi	orang:nama-depan	1	tidak
Hermono	orang:nama-depan	1	tidak
Ninna	orang:nama-depan	1	tidak
Kok Kiong	orang:nama-depan	1	tidak
Vidre	orang:nama-depan	1	tidak
Santoso	orang:nama-depan	1	tidak
Rossy	orang:nama-depan	1	tidak
Sukma	orang:nama-depan	1	ya
Rangga	orang:nama-depan	1	ya
Yave	orang:nama-depan	1	tidak
Seiko	orang:nama-depan	1	tidak
Mega	orang:nama-depan	1	ya
Richa	orang:nama-depan	1	tidak
Enzi	orang:nama-depan	1	tidak
Hantoro	orang:nama-depan	1	tidak
Clinton	orang:nama-depan	1	tidak
Yantoni	orang:nama-depan	1	tidak
Frengky	orang:nama-depan	1	tidak
Sabar	orang:nama-depan	1	ya
Nimas	orang:nama-depan	1	tidak
Wen Wayne	orang:nama-depan	1	tidak
Émilie	orang:nama-depan	1	tidak
Chico	orang:nama-depan	1	tidak
C.	orang:nama-depan	1	tidak
Wandry	orang:nama-depan	1	tidak
Sartono	orang:nama-depan	1	tidak
Andika	orang:nama-depan	1	ya
Fachryza	orang:nama-depan	1	tidak
Fendy	orang:nama-depan	1	tidak
Rinov	orang:nama-depan	1	tidak
Suprobo	orang:nama-depan	1	tidak
Arianti	orang:nama-depan	1	tidak
Willani	orang:nama-depan	1	tidak
Cun Cun	orang:nama-depan	1	tidak
Jefry	orang:nama-depan	1	tidak
Mitzi	orang:nama-depan	1	tidak
Renaldi	orang:nama-depan	1	tidak
Hediana	orang:nama-depan	1	tidak
Virni	orang:nama-depan	1	tidak
Yosephine	orang:nama-depan	1	tidak
Febriana	orang:nama-depan	1	tidak
Dwipuji	orang:nama-depan	1	tidak
Erich	orang:nama-depan	1	tidak
Choirunnisa	orang:nama-depan	1	tidak
Yoshua	orang:nama-depan	1	tidak
Ghifari	orang:nama-depan	1	tidak
Anandaffa	orang:nama-depan	1	tidak
Alberto	orang:nama-depan	1	tidak
Nita	orang:nama-depan	1	tidak
Violina	orang:nama-depan	1	tidak
Rolly	orang:nama-depan	1	tidak
Yasnita	orang:nama-depan	1	tidak
Enggira	orang:nama-depan	1	tidak
Joao	orang:nama-depan	1	tidak
Armindo	orang:nama-depan	1	tidak
Asad	orang:nama-depan	1	ya
Ratri	orang:nama-depan	1	tidak
Leani	orang:nama-depan	1	tidak
Alberth	orang:nama-depan	1	tidak
Mudatsir	orang:nama-depan	1	tidak
Todd	orang:nama-depan	1	tidak
Lena	orang:nama-depan	1	ya
Wie Hong	orang:nama-depan	1	tidak
Olich	orang:nama-depan	1	tidak
Puryanto	orang:nama-depan	1	tidak
Simbarsono	orang:nama-depan	1	tidak
Suganyanto	orang:nama-depan	1	tidak
Hian Sioe	orang:nama-depan	1	tidak
Sioe Kiem	orang:nama-depan	1	tidak
Alfandy	orang:nama-depan	1	tidak
Angger	orang:nama-depan	1	tidak
Anggi	orang:nama-depan	1	tidak
Ayat	orang:nama-depan	1	ya
Davin	orang:nama-depan	1	tidak
Augustia	orang:nama-depan	1	tidak
Desandha	orang:nama-depan	1	tidak
Vegarani	orang:nama-depan	1	tidak
Djaliteng	orang:nama-depan	1	tidak
Randhy	orang:nama-depan	1	tidak
Erlina	orang:nama-depan	1	tidak
Eska	orang:nama-depan	1	tidak
Dwijayanti	orang:nama-depan	1	tidak
Asuro	orang:nama-depan	1	tidak
Khay Houw	orang:nama-depan	1	tidak
Ganis	orang:nama-depan	1	tidak
Atmaja	orang:nama-depan	1	tidak
Sawsan	orang:nama-depan	1	tidak
Soen Lok	orang:nama-depan	1	tidak
Herly	orang:nama-depan	1	tidak
Inten	orang:nama-depan	1	tidak
Jeka	orang:nama-depan	1	tidak
Maziyyah	orang:nama-depan	1	tidak
Nandang	orang:nama-depan	1	tidak
Tjiauw Tjiang	orang:nama-depan	1	tidak
Rio	orang:nama-depan	1	tidak
Samantha	orang:nama-depan	1	tidak
Jelang	orang:nama-depan	1	ya
Yok Sin	orang:nama-depan	1	tidak
Koen Eng	orang:nama-depan	1	tidak
Yu Wan	orang:nama-depan	1	tidak
Siam Tie	orang:nama-depan	1	tidak
Uswatun	orang:nama-depan	1	tidak
Wiwis	orang:nama-depan	1	tidak
Yayu	orang:nama-depan	1	ya
Cinthia	orang:nama-depan	1	tidak
Andres	orang:nama-depan	1	tidak
Syabda	orang:nama-depan	1	tidak
Dwiki	orang:nama-depan	1	tidak
Rafian	orang:nama-depan	1	tidak
Anggia	orang:nama-depan	1	tidak
Shitta	orang:nama-depan	1	tidak
Verawaty	orang:nama-depan	1	tidak
Lili	orang:nama-depan	1	ya
Markis	orang:nama-depan	1	ya
Kamal	orang:nama-depan	1	ya
Roger	orang:nama-depan	1	tidak
Zora	orang:nama-depan	1	tidak
Chantal	orang:nama-depan	1	tidak
Asha	orang:nama-depan	1	tidak
Amina	orang:nama-depan	1	ya
Gretha	orang:nama-depan	1	tidak
Gwen	orang:nama-depan	1	tidak
Hasyim	orang:nama-depan	1	tidak
Hein	orang:nama-depan	1	tidak
Helsi	orang:nama-depan	1	tidak
Henk	orang:nama-depan	1	tidak
Yoriko	orang:nama-depan	1	tidak
Mehdi	orang:nama-depan	1	tidak
Soendjoto	orang:nama-depan	1	tidak
Oza	orang:nama-depan	1	tidak
Evie	orang:nama-depan	1	tidak
Fergina	orang:nama-depan	1	tidak
Resky	orang:nama-depan	1	tidak
Aurum	orang:nama-depan	1	ya
Amri	orang:nama-depan	1	tidak
Aubry	orang:nama-depan	1	tidak
Jay	orang:nama-depan	1	tidak
Fadli	orang:nama-depan	1	tidak
Gustaaf	orang:nama-depan	1	tidak
Nafisa	orang:nama-depan	1	tidak
Winny	orang:nama-depan	1	tidak
Oktavina	orang:nama-depan	1	tidak
Pramudya	orang:nama-depan	1	tidak
Ewaldus	orang:nama-depan	1	tidak
Dallen	orang:nama-depan	1	tidak
Pitha	orang:nama-depan	1	tidak
Haningtyas	orang:nama-depan	1	tidak
Zed	orang:nama-depan	1	tidak
Amani	orang:nama-depan	1	tidak
Maarten	orang:nama-depan	1	tidak
Lambert	orang:nama-depan	1	ya
Sales	orang:nama-depan	1	tidak
Ifan	orang:nama-depan	1	tidak
Marion	orang:nama-depan	1	tidak
Matteo	orang:nama-depan	1	tidak
Jose	orang:nama-depan	1	tidak
Kenny	orang:nama-depan	1	tidak
Sharifah	orang:nama-depan	1	tidak
Timotheus	orang:nama-depan	1	tidak
Cornelio	orang:nama-depan	1	tidak
Benedictus	orang:nama-depan	1	tidak
Brianna	orang:nama-depan	1	tidak
Delfi	orang:nama-depan	1	tidak
Erwan	orang:nama-depan	1	tidak
Aurel	orang:nama-depan	1	tidak
Aziz	orang:nama-depan	1	ya
Rosy	orang:nama-depan	1	tidak
Ronne	orang:nama-depan	1	tidak
Maykel	orang:nama-depan	1	tidak
Kho	orang:nama-depan	1	tidak
Henrikho	orang:nama-depan	1	tidak
Ai Ling	orang:nama-depan	1	tidak
Mahbub	orang:nama-depan	1	ya
Thomi	orang:nama-depan	1	tidak
Meisy	orang:nama-depan	1	tidak
Febriyan	orang:nama-depan	1	tidak
Adriani	orang:nama-depan	1	tidak
Ridho	orang:nama-depan	1	tidak
Imma	orang:nama-depan	1	tidak
Mutiah	orang:nama-depan	1	tidak
Sholuhuddin	orang:nama-depan	1	tidak
Wahid	orang:nama-depan	1	ya
Tike	orang:nama-depan	1	ya
Arieda	orang:nama-depan	1	tidak
Riyo	orang:nama-depan	1	tidak
Rohmat	orang:nama-depan	1	ya
Freya	orang:nama-depan	1	tidak
Liane	orang:nama-depan	1	tidak
Rayssa	orang:nama-depan	1	tidak
Asmara	orang:nama-depan	1	ya
Ata	orang:nama-depan	1	tidak
Inayah	orang:nama-depan	1	tidak
Metya	orang:nama-depan	1	tidak
Abdulkadir	orang:nama-depan	1	tidak
Inge	orang:nama-depan	1	tidak
Adriano	orang:nama-depan	1	tidak
Alexis	orang:nama-depan	1	tidak
Jolene	orang:nama-depan	1	tidak
Devina	orang:nama-depan	1	tidak
Cisca	orang:nama-depan	1	tidak
Shohibul	orang:nama-depan	1	tidak
Rein	orang:nama-depan	1	tidak
Lorena	orang:nama-depan	1	tidak
Liz	orang:nama-depan	1	tidak
Maisha	orang:nama-depan	1	tidak
Toto	orang:nama-depan	1	tidak
Christoffel	orang:nama-depan	1	tidak
Kessya	orang:nama-depan	1	tidak
Hariawan	orang:nama-depan	1	tidak
Gustin	orang:nama-depan	1	tidak
Julio	orang:nama-depan	1	tidak
Nadin	orang:nama-depan	1	tidak
Alfia	orang:nama-depan	1	tidak
Amrullah	orang:nama-depan	1	tidak
Ziva	orang:nama-depan	1	tidak
Walter	orang:nama-depan	1	tidak
Isabelle	orang:nama-depan	1	tidak
Hızır	orang:nama-depan	1	tidak
Celina	orang:nama-depan	1	tidak
Yi	orang:nama-depan	1	tidak
Hin	orang:nama-depan	1	tidak
Ron	orang:nama-depan	1	tidak
Eliano	orang:nama-depan	1	tidak
Tracy	orang:nama-depan	1	tidak
Dávid	orang:nama-depan	1	tidak
Xue	orang:nama-depan	1	tidak
Liang	orang:nama-depan	1	ya
Nurani	orang:nama-depan	1	ya
Siradj	orang:nama-depan	1	tidak
Mimma	orang:nama-depan	1	tidak
Nathan	orang:nama-depan	1	tidak
Ronaldo	orang:nama-depan	1	tidak
Togu	orang:nama-depan	1	tidak
Dante	orang:nama-depan	1	tidak
http://www.wikidata.org/.well-known/genid/53c74a8ac2cf0ed7604da6acf279ccce	orang:nama-depan	1	tidak
Janny	orang:nama-depan	1	tidak
Azizah	orang:nama-depan	1	tidak
Lani	orang:nama-depan	1	tidak
Drajat	orang:nama-depan	1	tidak
Jesita	orang:nama-depan	1	tidak
Reinard	orang:nama-depan	1	tidak
Sinta	orang:nama-depan	1	tidak
Arum	orang:nama-depan	1	tidak
Syahrozi	orang:nama-depan	1	tidak
Syahrizal	orang:nama-depan	1	tidak
Karono	orang:nama-depan	1	tidak
Puri	orang:nama-depan	1	ya
Iyan	orang:nama-depan	1	tidak
Enroe	orang:nama-depan	1	tidak
Cleosa	orang:nama-depan	1	tidak
Gufran	orang:nama-depan	1	tidak
Suryo	orang:nama-depan	1	tidak
Khalimatus	orang:nama-depan	1	tidak
Karisma	orang:nama-depan	1	ya
Ukun	orang:nama-depan	1	tidak
Cyrus	orang:nama-depan	1	tidak
Lindy	orang:nama-depan	1	tidak
Nurumi	orang:nama-depan	1	tidak
Nandini	orang:nama-depan	1	tidak
Irving	orang:nama-depan	1	tidak
Gazali	orang:nama-depan	1	tidak
Artur	orang:nama-depan	1	tidak
Natanael	orang:nama-depan	1	tidak
Corona	orang:nama-depan	1	tidak
Safitri	orang:nama-depan	1	tidak
Heriansyah	orang:nama-depan	1	tidak
Rainy	orang:nama-depan	1	tidak
Sufardi	orang:nama-depan	1	tidak
Yusni	orang:nama-depan	1	tidak
Heru	orang:nama-depan	1	tidak
Fahlevi	orang:nama-depan	1	tidak
Mirna	orang:nama-depan	1	tidak
Indriani	orang:nama-depan	1	tidak
Vitus	orang:nama-depan	1	tidak
Ace	orang:nama-depan	1	tidak
Ramondo	orang:nama-depan	1	tidak
Azmeri	orang:nama-depan	1	tidak
Munadi	orang:nama-depan	1	tidak
Arnia	orang:nama-depan	1	tidak
Salmon	orang:nama-depan	1	ya
Katherine	orang:nama-depan	1	tidak
Ervina	orang:nama-depan	1	tidak
Trifena	orang:nama-depan	1	tidak
Kristiana	orang:nama-depan	1	tidak
Zoe	orang:nama-depan	1	tidak
Leon	orang:nama-depan	1	tidak
Renald	orang:nama-depan	1	tidak
Renatta	orang:nama-depan	1	tidak
Dewantoro	orang:nama-depan	1	tidak
Amal	orang:nama-depan	1	ya
Ghaida	orang:nama-depan	1	tidak
Ary	orang:nama-depan	1	tidak
Engga	orang:nama-depan	1	tidak
Hudiono	orang:nama-depan	1	tidak
Koen Liong	orang:nama-depan	1	tidak
Liem Hwa	orang:nama-depan	1	tidak
Ing Nio	orang:nama-depan	1	tidak
Muthia	orang:nama-depan	1	tidak
Anida	orang:nama-depan	1	tidak
Tjie Sing	orang:nama-depan	1	tidak
Pupin	orang:nama-depan	1	tidak
King Gie	orang:nama-depan	1	tidak
Subakti	orang:nama-depan	1	tidak
Wiempie	orang:nama-depan	1	tidak
Gatjra	orang:nama-depan	1	tidak
Piliang	orang:nama-depan	1	tidak
Fiqilahi	orang:nama-depan	1	tidak
Kaizar	orang:nama-depan	1	tidak
Ernestan	orang:nama-depan	1	tidak
Hafid	orang:nama-depan	1	tidak
Fitria	orang:nama-depan	1	tidak
Jericho	orang:nama-depan	1	tidak
Mahardika	orang:nama-depan	1	ya
Titon	orang:nama-depan	1	tidak
Priska	orang:nama-depan	1	tidak
Lo	orang:nama-depan	1	ya
Tegar	orang:nama-depan	1	ya
Dheva	orang:nama-depan	1	tidak
Sabaruddin	orang:nama-depan	1	tidak
Carla	orang:nama-depan	1	tidak
Carma	orang:nama-depan	1	tidak
Andrik	orang:nama-depan	1	tidak
Isaac	orang:nama-depan	1	tidak
Jopie	orang:nama-depan	1	tidak
Armin	orang:nama-depan	1	tidak
Moira	orang:nama-depan	1	tidak
Naya	orang:nama-depan	1	tidak
Samsul	orang:nama-depan	1	tidak
Salmantyo	orang:nama-depan	1	tidak
Enrico	orang:nama-depan	1	tidak
Shephard	orang:nama-depan	1	tidak
Gottfried	orang:nama-depan	1	tidak
Raha	orang:nama-depan	1	tidak
Roberth	orang:nama-depan	1	tidak
Augustine	orang:nama-depan	1	tidak
Ciara	orang:nama-depan	1	tidak
Azriel	orang:nama-depan	1	tidak
Eusebio	orang:nama-depan	1	tidak
Shanna	orang:nama-depan	1	tidak
Fathia	orang:nama-depan	1	tidak
Deliana	orang:nama-depan	1	tidak
Irawati	orang:nama-depan	1	tidak
Lyodra	orang:nama-depan	1	tidak
Teges	orang:nama-depan	1	tidak
Satriaji	orang:nama-depan	1	tidak
Cahyo	orang:nama-depan	1	tidak
Venus	orang:nama-depan	1	ya
Hannah	orang:nama-depan	1	tidak
Reiner	orang:nama-depan	1	tidak
Jalina	orang:nama-depan	1	tidak
Christiana	orang:nama-depan	1	tidak
Mees	orang:nama-depan	1	tidak
Eli	orang:nama-depan	1	tidak
Kimo	orang:nama-depan	1	ya
Faiz	orang:nama-depan	1	tidak
Berniece	orang:nama-depan	1	tidak
Nathania	orang:nama-depan	1	tidak
Katie	orang:nama-depan	1	tidak
Adelaide	orang:nama-depan	1	tidak
Lester	orang:nama-depan	1	tidak
Makayla	orang:nama-depan	1	tidak
Charice	orang:nama-depan	1	tidak
Alim	orang:nama-depan	1	ya
Giselle	orang:nama-depan	1	tidak
Claude	orang:nama-depan	1	tidak
Lawrence	orang:nama-depan	1	tidak
Ramzy	orang:nama-depan	1	tidak
Reza	orang:nama-depan	1	tidak
Ramadhani	orang:nama-depan	1	tidak
Rufika	orang:nama-depan	1	tidak
Han Tiong	orang:nama-depan	1	tidak
Andie	orang:nama-depan	1	tidak
Bandar	orang:nama-depan	1	ya
Budinan	orang:nama-depan	1	tidak
Yedija	orang:nama-depan	1	tidak
Chelin	orang:nama-depan	1	tidak
Nuruddin	orang:nama-depan	1	tidak
Okka	orang:nama-depan	1	tidak
Tate	orang:nama-depan	1	tidak
Aries	orang:nama-depan	1	ya
Jana	orang:nama-depan	1	tidak
Ilo	orang:nama-depan	1	tidak
Carmen	orang:nama-depan	1	tidak
Alaudin	orang:nama-depan	1	tidak
Rokus	orang:nama-depan	1	tidak
Wiratni	orang:nama-depan	1	tidak
Montserrat	orang:nama-depan	1	tidak
Giovanna	orang:nama-depan	1	tidak
Karolina	orang:nama-depan	1	tidak
Pote	orang:nama-depan	1	tidak
Priscilia	orang:nama-depan	1	tidak
Ermelina	orang:nama-depan	1	tidak
Denik	orang:nama-depan	1	tidak
Anna	orang:nama-depan	1	tidak
Lu'lu'	orang:nama-depan	1	tidak
Zuzana	orang:nama-depan	1	tidak
Keisya	orang:nama-depan	1	tidak
Angelia	orang:nama-depan	1	tidak
Kathrina	orang:nama-depan	1	tidak
Raissa	orang:nama-depan	1	tidak
Kiara	orang:nama-depan	1	ya
Jesselyn	orang:nama-depan	1	tidak
Carmela	orang:nama-depan	1	tidak
Alin	orang:nama-depan	1	ya
Hulda	orang:nama-depan	1	tidak
Susanti	orang:nama-depan	1	tidak
Flora	orang:nama-depan	1	ya
Adrienne	orang:nama-depan	1	tidak
Harun	orang:nama-depan	1	tidak
Elena	orang:nama-depan	1	tidak
Gamaliel	orang:nama-depan	1	tidak
Harris	orang:nama-depan	1	tidak
Lino	orang:nama-depan	1	tidak
Marcos	orang:nama-depan	1	tidak
Amar	orang:nama-depan	1	ya
Glori	orang:nama-depan	1	tidak
Jade	orang:nama-depan	1	tidak
Roney	orang:nama-depan	1	tidak
Tonin	orang:nama-depan	1	tidak
Vicktor	orang:nama-depan	1	tidak
Fabiola	orang:nama-depan	1	tidak
Randi	orang:nama-depan	1	ya
Rainer	orang:nama-depan	1	tidak
Maxwell	orang:nama-depan	1	tidak
Vasko	orang:nama-depan	1	tidak
Hidir	orang:nama-depan	1	tidak
Elyzabeth	orang:nama-depan	1	tidak
Patrik	orang:nama-depan	1	tidak
Sholeh	orang:nama-depan	1	tidak
Zulfikar	orang:nama-depan	1	ya
Randolph	orang:nama-depan	1	tidak
Catarina	orang:nama-depan	1	tidak
Sinna	orang:nama-depan	1	tidak
Amika	orang:nama-depan	1	tidak
Johanes	orang:nama-depan	1	tidak
Carolyn	orang:nama-depan	1	tidak
Octavio	orang:nama-depan	1	tidak
Adeleide	orang:nama-depan	1	tidak
Yves	orang:nama-depan	1	tidak
Berta	orang:nama-depan	1	tidak
Dwight	orang:nama-depan	1	tidak
Rosalynn	orang:nama-depan	1	tidak
Derek	orang:nama-depan	1	ya
Karim	orang:nama-depan	1	ya
Leonora	orang:nama-depan	1	tidak
Julita	orang:nama-depan	1	tidak
Yossy	orang:nama-depan	1	tidak
Molly	orang:nama-depan	1	tidak
Tatiana	orang:nama-depan	1	tidak
Suzanne	orang:nama-depan	1	tidak
Jahja	orang:nama-depan	1	tidak
Sonja	orang:nama-depan	1	tidak
Katrin	orang:nama-depan	1	tidak
Laurinda	orang:nama-depan	1	tidak
Arly	orang:nama-depan	1	tidak
Meriana	orang:nama-depan	1	tidak
Berhard	orang:nama-depan	1	tidak
Fatri	orang:nama-depan	1	ya
Athalia	orang:nama-depan	1	tidak
Ernesto	orang:nama-depan	1	tidak
Toran	orang:nama-depan	1	tidak
Kosmas	orang:nama-depan	1	tidak
Maximiliaan	orang:nama-depan	1	tidak
Els	orang:nama-depan	1	tidak
Qonitah	orang:nama-depan	1	tidak
Ikhtiar	orang:nama-depan	1	ya
Cahaya	orang:nama-depan	1	ya
Amallia	orang:nama-depan	1	tidak
Lanny	orang:nama-depan	1	tidak
Tria	orang:nama-depan	1	tidak
Tryola	orang:nama-depan	1	tidak
Meilysa	orang:nama-depan	1	tidak
Trias	orang:nama-depan	1	tidak
Fuyu	orang:nama-depan	1	tidak
Abiyyu	orang:nama-depan	1	tidak
Fauzan	orang:nama-depan	1	tidak
Allessya	orang:nama-depan	1	tidak
Chiara	orang:nama-depan	1	tidak
Marvella	orang:nama-depan	1	tidak
Ihza	orang:nama-depan	1	tidak
Titis	orang:nama-depan	1	ya
Patra	orang:nama-depan	1	tidak
Harapan	orang:nama-depan	1	ya
Bernadine	orang:nama-depan	1	tidak
Saifi	orang:nama-depan	1	tidak
Rafli	orang:nama-depan	1	tidak
Dejan	orang:nama-depan	1	tidak
Sativa	orang:nama-depan	1	tidak
Rayhan	orang:nama-depan	1	tidak
Sofy	orang:nama-depan	1	tidak
Febi	orang:nama-depan	1	tidak
Nethania	orang:nama-depan	1	tidak
Ridya	orang:nama-depan	1	tidak
Warining	orang:nama-depan	1	tidak
Cassandra	orang:nama-depan	1	tidak
Frederica	orang:nama-depan	1	tidak
Eduardo	orang:nama-depan	1	tidak
Zachariah	orang:nama-depan	1	tidak
Josiahno	orang:nama-depan	1	tidak
Gréta	orang:nama-depan	1	tidak
Irén	orang:nama-depan	1	tidak
Denise	orang:nama-depan	1	tidak
Reggie	orang:nama-depan	1	tidak
Prabowo	orang:nama-depan	1	ya
Wongkar	orang:nama-depan	1	tidak
Carina	orang:nama-depan	1	tidak
W.	orang:nama-depan	1	tidak
Essa	orang:nama-depan	1	tidak
Shari	orang:nama-depan	1	tidak
Laksmi	orang:nama-depan	1	ya
Athadhia	orang:nama-depan	1	tidak
Livia	orang:nama-depan	1	tidak
May	orang:nama-depan	1	tidak
Zakaria	orang:nama-depan	1	tidak
Fabio	orang:nama-depan	1	tidak
Su-jin	orang:nama-depan	1	tidak
Valentinus	orang:nama-depan	1	tidak
Dominicus	orang:nama-depan	1	tidak
Keiko	orang:nama-depan	1	tidak
Olaf	orang:nama-depan	1	tidak
Michaela	orang:nama-depan	1	tidak
Miryam	orang:nama-depan	1	tidak
Shri	orang:nama-depan	1	tidak
Nadirah	orang:nama-depan	1	tidak
Jafar	orang:nama-depan	1	tidak
Iqbal	orang:nama-depan	1	tidak
Salli	orang:nama-depan	1	tidak
Sarong	orang:nama-depan	1	tidak
Nizwan	orang:nama-depan	1	tidak
Geraldyn	orang:nama-depan	1	tidak
Isaura	orang:nama-depan	1	tidak
Alysa	orang:nama-depan	1	tidak
Irman	orang:nama-depan	1	tidak
Pascalina	orang:nama-depan	1	tidak
Darmawi	orang:nama-depan	1	tidak
Jola	orang:nama-depan	1	tidak
Mahdi	orang:nama-depan	1	ya
Tiene	orang:nama-depan	1	tidak
Mamduh	orang:nama-depan	1	tidak
Titiana	orang:nama-depan	1	tidak
Quinn	orang:nama-depan	1	tidak
Herzaky	orang:nama-depan	1	tidak
Beryl	orang:nama-depan	1	tidak
Gamal	orang:nama-depan	1	ya
Emile	orang:nama-depan	1	tidak
Azhar	orang:nama-depan	1	tidak
Erina	orang:nama-depan	1	tidak
Lutfi	orang:nama-depan	1	tidak
Salwa	orang:nama-depan	1	tidak
Feodora	orang:nama-depan	1	tidak
Annabelle	orang:nama-depan	1	tidak
Erland	orang:nama-depan	1	tidak
Zainuddin	orang:nama-depan	1	tidak
Jonny	orang:nama-depan	1	tidak
kenzo	orang:nama-depan	1	tidak
Sutoyo	orang:nama-depan	1	tidak
Shuǐlíng	orang:nama-depan	1	tidak
Juhri	orang:nama-depan	1	tidak
Zulham	orang:nama-depan	1	tidak
Jasman	orang:nama-depan	1	tidak
Ma'ruf	orang:nama-depan	1	tidak
Cacang	orang:nama-depan	1	tidak
Nanny	orang:nama-depan	1	tidak
Wega	orang:nama-depan	1	tidak
Bilqis	orang:nama-depan	1	tidak
Masbar	orang:nama-depan	1	tidak
Raja	orang:nama-depan	1	ya
Shabri	orang:nama-depan	1	tidak
Angelo	orang:nama-depan	1	tidak
Yudha	orang:nama-depan	1	tidak
Akmal	orang:nama-depan	1	ya
Hanafiah	orang:nama-depan	1	tidak
Mukhlis	orang:nama-depan	1	ya
Hambal	orang:nama-depan	1	tidak
Balqis FARIS	orang:nama-depan	1	tidak
Ummu	orang:nama-depan	1	tidak
Belmondo	orang:nama-depan	1	tidak
Syarifuddin	orang:nama-depan	1	tidak
Jalil	orang:nama-depan	1	ya
Ilyas	orang:nama-depan	1	tidak
Husin	orang:nama-depan	1	tidak
Jīnfú	orang:nama-depan	1	tidak
Oddie	orang:nama-depan	1	tidak
Syuhada	orang:nama-depan	1	ya
Qìngdé	orang:nama-depan	1	tidak
Farhana	orang:nama-depan	1	tidak
Roland	orang:nama-depan	1	tidak
Razali	orang:nama-depan	1	tidak
Away	orang:nama-depan	1	tidak
Nasaruddin	orang:nama-depan	1	tidak
Yuliar	orang:nama-depan	1	tidak
Amira	orang:nama-depan	1	tidak
Alfiansyah	orang:nama-depan	1	tidak
Medyan	orang:nama-depan	1	tidak
Cheryl	orang:nama-depan	1	tidak
Ashfa	orang:nama-depan	1	tidak
Itje	orang:nama-depan	1	tidak
Nasrul	orang:nama-depan	1	tidak
Supardan	orang:nama-depan	1	tidak
Sugiarto	orang:nama-depan	1	tidak
Haryani	orang:nama-depan	1	tidak
Humam	orang:nama-depan	1	tidak
Hasanuddin	orang:nama-depan	1	tidak
Fatihah	orang:nama-depan	1	ya
Cathleen	orang:nama-depan	1	tidak
Amhar	orang:nama-depan	1	tidak
Darusman	orang:nama-depan	1	tidak
Phill	orang:nama-depan	1	tidak
Edrich	orang:nama-depan	1	tidak
Fahrid	orang:nama-depan	1	tidak
Kimberley	orang:nama-depan	1	tidak
Erda	orang:nama-depan	1	tidak
'Abd al-Majid	orang:nama-depan	1	tidak
Fabienne	orang:nama-depan	1	tidak
Fionnuala	orang:nama-depan	1	tidak
Fabiënne	orang:nama-depan	1	tidak
Atália	orang:nama-depan	1	tidak
Stephane	orang:nama-depan	1	tidak
Ferial	orang:nama-depan	1	tidak
Andris	orang:nama-depan	1	tidak
Yunardi	orang:nama-depan	1	tidak
Wahjudi	orang:nama-depan	1	tidak
Magdi	orang:nama-depan	1	tidak
Ajish	orang:nama-depan	1	tidak
Justyn	orang:nama-depan	1	tidak
Avanti	orang:nama-depan	1	tidak
Zerlina	orang:nama-depan	1	tidak
Marlyn	orang:nama-depan	1	tidak
Maisarah	orang:nama-depan	1	tidak
Nazila	orang:nama-depan	1	tidak
Fāṭima al-Zahra	orang:nama-depan	1	tidak
Inan	orang:nama-depan	1	tidak
Vivia	orang:nama-depan	1	tidak
Annete	orang:nama-depan	1	tidak
Romil	orang:nama-depan	1	tidak
Amik	orang:nama-depan	1	tidak
Levinus	orang:nama-depan	1	tidak
Agusta	orang:nama-depan	1	tidak
Ivanda	orang:nama-depan	1	tidak
Amalina	orang:nama-depan	1	tidak
Melisha	orang:nama-depan	1	tidak
Sonnie	orang:nama-depan	1	tidak
Susana	orang:nama-depan	1	tidak
Fakhr al Din	orang:nama-depan	1	tidak
Sary	orang:nama-depan	1	tidak
Sujana	orang:nama-depan	1	ya
Minta	orang:nama-depan	1	ya
Erine	orang:nama-depan	1	tidak
Bimbo	orang:nama-depan	1	tidak
Meika	orang:nama-depan	1	tidak
Wiesje	orang:nama-depan	1	tidak
Helwin	orang:nama-depan	1	tidak
Akhsa	orang:nama-depan	1	tidak
Herschel	orang:nama-depan	1	tidak
Nory	orang:nama-depan	1	tidak
Neki	orang:nama-depan	1	tidak
Meutia	orang:nama-depan	1	tidak
Oline	orang:nama-depan	1	tidak
Hillary	orang:nama-depan	1	tidak
Syafruddin	orang:nama-depan	1	tidak
Hanif	orang:nama-depan	1	ya
Hayati	orang:nama-depan	1	ya
Adlim	orang:nama-depan	1	tidak
Burhanuddin	orang:nama-depan	1	tidak
Harun	orang:nama-depan	1	tidak
Saifuddin	orang:nama-depan	1	tidak
Nyak	orang:nama-depan	1	ya
Yusrizal	orang:nama-depan	1	tidak
Rusli	orang:nama-depan	1	tidak
Djufri	orang:nama-depan	1	tidak
Rahmah	orang:nama-depan	1	tidak
Johar	orang:nama-depan	1	ya
Benni	orang:nama-depan	1	tidak
Murniati	orang:nama-depan	1	tidak
Rajuddin	orang:nama-depan	1	tidak
Hery	orang:nama-depan	1	tidak
Aziz	orang:nama-depan	1	ya
Kartini	orang:nama-depan	1	tidak
Hasballah	orang:nama-depan	1	tidak
Faizal	orang:nama-depan	1	tidak
Hanifah	orang:nama-depan	1	tidak
Dessy	orang:nama-depan	1	tidak
Rakhmawati	orang:nama-depan	1	tidak
Herlina	orang:nama-depan	1	tidak
Maimun	orang:nama-depan	1	ya
Jamil	orang:nama-depan	1	ya
Kurnia	orang:nama-depan	1	tidak
Abidin	orang:nama-depan	1	ya
Haifa	orang:nama-depan	1	tidak
Hironimus	orang:nama-depan	1	tidak
Irman	orang:nama-depan	1	tidak
Obed	orang:nama-depan	1	tidak
Yakup	orang:nama-depan	1	tidak
Rosnani	orang:nama-depan	1	tidak
Bahrun	orang:nama-depan	1	tidak
Melitha	orang:nama-depan	1	tidak
Nazamuddin	orang:nama-depan	1	tidak
Din	orang:nama-depan	1	ya
Muttaqin	orang:nama-depan	1	tidak
Marli	orang:nama-depan	1	tidak
Kesuma	orang:nama-depan	1	ya
Devianti	orang:nama-depan	1	tidak
Eti	orang:nama-depan	1	tidak
Janice	orang:nama-depan	1	tidak
Nazli	orang:nama-depan	1	tidak
Muksin	orang:nama-depan	1	tidak
Akhyar	orang:nama-depan	1	tidak
Zidane	orang:nama-depan	1	tidak
Attauba	orang:nama-depan	1	tidak
Kleopas	orang:nama-depan	1	tidak
Binar	orang:nama-depan	1	ya
Rahayuningsih	orang:nama-depan	1	tidak
Nawaf	orang:nama-depan	1	tidak
Rianty	orang:nama-depan	1	tidak
Anselmus	orang:nama-depan	1	tidak
Breagit	orang:nama-depan	1	tidak
Pulung	orang:nama-depan	1	ya
Saidi	orang:nama-depan	1	ya
Clairine	orang:nama-depan	1	tidak
Akhsan	orang:nama-depan	1	tidak
Aneira	orang:nama-depan	1	tidak
Prasma	orang:nama-depan	1	tidak
Ardita	orang:nama-depan	1	tidak
Marissa	orang:nama-depan	1	tidak
Mayla	orang:nama-depan	1	tidak
Afilian	orang:nama-depan	1	tidak
Maysa	orang:nama-depan	1	tidak
Nazwa	orang:nama-depan	1	tidak
Sellawati	orang:nama-depan	1	tidak
Melicia	orang:nama-depan	1	tidak
Dhinda	orang:nama-depan	1	tidak
Pranita	orang:nama-depan	1	tidak
Sulistya	orang:nama-depan	1	tidak
Niken	orang:nama-depan	1	tidak
Reva	orang:nama-depan	1	tidak
Novi	orang:nama-depan	1	tidak
Nugraha	orang:nama-depan	1	ya
Sakinah	orang:nama-depan	1	ya
Jovanka	orang:nama-depan	1	tidak
Oei	orang:nama-depan	1	tidak
Sandi	orang:nama-depan	1	ya
Agnesia	orang:nama-depan	1	tidak
Machalul	orang:nama-depan	1	tidak
Putu	orang:nama-depan	1	ya
Febtria	orang:nama-depan	1	tidak
Ratoputri	orang:nama-depan	1	tidak
Pricillia	orang:nama-depan	1	tidak
Novalia	orang:nama-depan	1	tidak
Rifa	orang:nama-depan	1	tidak
Rizma	orang:nama-depan	1	tidak
Anestasy	orang:nama-depan	1	tidak
Rofahadah	orang:nama-depan	1	tidak
Rofigoh	orang:nama-depan	1	tidak
Sekartaji	orang:nama-depan	1	tidak
Pricilia	orang:nama-depan	1	tidak
Titifany	orang:nama-depan	1	tidak
Tjendra	orang:nama-depan	1	tidak
Novelia	orang:nama-depan	1	tidak
Tresna	orang:nama-depan	1	ya
Winda	orang:nama-depan	1	tidak
Yan Li	orang:nama-depan	1	tidak
Chintia	orang:nama-depan	1	tidak
Rhizta	orang:nama-depan	1	tidak
Kenedy	orang:nama-depan	1	tidak
Jania	orang:nama-depan	1	tidak
Alexius	orang:nama-depan	1	tidak
Ongkytama	orang:nama-depan	1	tidak
Roslidar	orang:nama-depan	1	tidak
Trisha	orang:nama-depan	1	tidak
Levia	orang:nama-depan	1	tidak
Prahdiska	orang:nama-depan	1	tidak
Gani	orang:nama-depan	1	ya
Zaidan	orang:nama-depan	1	tidak
Arrafi	orang:nama-depan	1	tidak
Teja	orang:nama-depan	1	ya
Bodhi	orang:nama-depan	1	ya
Ratana	orang:nama-depan	1	tidak
Anisanaya	orang:nama-depan	1	tidak
Deswanti	orang:nama-depan	1	tidak
Hujansih	orang:nama-depan	1	tidak
Meisa	orang:nama-depan	1	tidak
Assyifa	orang:nama-depan	1	tidak
Velisha	orang:nama-depan	1	tidak
Dendi	orang:nama-depan	1	ya
Syaiful	orang:nama-depan	1	tidak
Januar	orang:nama-depan	1	tidak
Agam	orang:nama-depan	1	ya
Evelyn	orang:nama-depan	1	tidak
Dhira	orang:nama-depan	1	tidak
Gunnar	orang:nama-depan	1	tidak
Rivaldo	orang:nama-depan	1	tidak
Handoko	orang:nama-depan	1	tidak
Yonatan	orang:nama-depan	1	tidak
Bünyamin	orang:nama-depan	1	tidak
Argo	orang:nama-depan	1	tidak
Rafi	orang:nama-depan	1	ya
Halima	orang:nama-depan	1	tidak
Refa	orang:nama-depan	1	tidak
Zsuzsi	orang:nama-depan	1	tidak
Tetyana	orang:nama-depan	1	tidak
Angelita	orang:nama-depan	1	tidak
Berlian	orang:nama-depan	1	ya
Arinda	orang:nama-depan	1	tidak
Atresia	orang:nama-depan	1	ya
Naufa	orang:nama-depan	1	tidak
Pray	orang:nama-depan	1	tidak
Adventri	orang:nama-depan	1	tidak
Lora	orang:nama-depan	1	tidak
Hidayahtul	orang:nama-depan	1	tidak
Zefanya	orang:nama-depan	1	tidak
Geraldine	orang:nama-depan	1	tidak
Putu	orang:nama-depan	1	ya
Imanda	orang:nama-depan	1	tidak
Imanuela	orang:nama-depan	1	tidak
Novyana	orang:nama-depan	1	tidak
Narulia	orang:nama-depan	1	tidak
Hwat Nio	orang:nama-depan	1	tidak
Pratiwi	orang:nama-depan	1	tidak
Andini	orang:nama-depan	1	tidak
Rena	orang:nama-depan	1	ya
Zia	orang:nama-depan	1	tidak
Adli	orang:nama-depan	1	tidak
Swa	orang:nama-depan	1	tidak
Yustina	orang:nama-depan	1	tidak
Aldira	orang:nama-depan	1	tidak
Galuh	orang:nama-depan	1	ya
Liske	orang:nama-depan	1	tidak
Cyntia	orang:nama-depan	1	tidak
Klaus	orang:nama-depan	1	tidak
Dalila	orang:nama-depan	1	tidak
Aghnia	orang:nama-depan	1	tidak
Pungky	orang:nama-depan	1	tidak
Arita	orang:nama-depan	1	tidak
Heinrich	orang:nama-depan	1	tidak
Clement	orang:nama-depan	1	tidak
Astnan	orang:nama-depan	1	tidak
Salomon	orang:nama-depan	1	tidak
Yani	orang:nama-depan	1	tidak
Anandita	orang:nama-depan	1	tidak
Lumongga	orang:nama-depan	1	tidak
Sugito	orang:nama-depan	1	tidak
Non	orang:nama-depan	1	ya
Agnia	orang:nama-depan	1	tidak
Aria	orang:nama-depan	1	ya
Sanusi	orang:nama-depan	1	tidak
Sugianto	orang:nama-depan	1	tidak
Widia	orang:nama-depan	1	tidak
Maxine	orang:nama-depan	1	tidak
Saputra	orang:nama-depan	1	tidak
Eric	orang:nama-depan	1	tidak
Chusin	orang:nama-depan	1	tidak
Neneng	orang:nama-depan	1	tidak
Jefferson	orang:nama-depan	1	tidak
Adolfina	orang:nama-depan	1	tidak
Ditya	orang:nama-depan	1	tidak
Ajib	orang:nama-depan	1	tidak
Gedeon	orang:nama-depan	1	tidak
Raith	orang:nama-depan	1	tidak
Mathew	orang:nama-depan	1	tidak
Serian	orang:nama-depan	1	tidak
Arlya	orang:nama-depan	1	tidak
Narinder	orang:nama-depan	1	tidak
Pangeran	orang:nama-depan	1	ya
Tendris	orang:nama-depan	1	tidak
Efendi	orang:nama-depan	1	ya
Erlita	orang:nama-depan	1	tidak
Nickson	orang:nama-depan	1	tidak
Sadat	orang:nama-depan	1	tidak
Darryl	orang:nama-depan	1	tidak
Abram	orang:nama-depan	1	tidak
Aliya	orang:nama-depan	1	tidak
Latifa	orang:nama-depan	1	tidak
Eleonora	orang:nama-depan	1	tidak
Felita	orang:nama-depan	1	tidak
Sangga	orang:nama-depan	1	ya
Magnifiro	orang:nama-depan	1	tidak
Adelita	orang:nama-depan	1	tidak
Adhwin	orang:nama-depan	1	tidak
Aditiya	orang:nama-depan	1	tidak
Adryan	orang:nama-depan	1	tidak
Alief	orang:nama-depan	1	tidak
Afina	orang:nama-depan	1	tidak
Fadilla	orang:nama-depan	1	tidak
Aghisna	orang:nama-depan	1	tidak
Fathkul	orang:nama-depan	1	tidak
Setia	orang:nama-depan	1	ya
Ekop	orang:nama-depan	1	tidak
Haikal	orang:nama-depan	1	tidak
Hanadiya	orang:nama-depan	1	tidak
Akhmad	orang:nama-depan	1	tidak
Alifia	orang:nama-depan	1	tidak
Alfira	orang:nama-depan	1	tidak
Rofa	orang:nama-depan	1	tidak
Rafsyah	orang:nama-depan	1	tidak
Alma	orang:nama-depan	1	tidak
Almaira	orang:nama-depan	1	tidak
Dzakira	orang:nama-depan	1	tidak
Auberta	orang:nama-depan	1	tidak
Zalfa	orang:nama-depan	1	tidak
Syakira	orang:nama-depan	1	tidak
Florenza	orang:nama-depan	1	tidak
Aysha	orang:nama-depan	1	tidak
Rumate	orang:nama-depan	1	tidak
Denisa	orang:nama-depan	1	tidak
Syawaliah	orang:nama-depan	1	tidak
Desima	orang:nama-depan	1	tidak
Aqmar	orang:nama-depan	1	tidak
Devita	orang:nama-depan	1	tidak
Puti	orang:nama-depan	1	ya
Cintya	orang:nama-depan	1	tidak
Ravenska	orang:nama-depan	1	tidak
Dhea	orang:nama-depan	1	tidak
Haura	orang:nama-depan	1	tidak
Wiwiek	orang:nama-depan	1	tidak
Siska	orang:nama-depan	1	tidak
Zahrania	orang:nama-depan	1	tidak
Sofian	orang:nama-depan	1	tidak
Tati	orang:nama-depan	1	tidak
Vioni	orang:nama-depan	1	tidak
Wening	orang:nama-depan	1	tidak
Arviani	orang:nama-depan	1	tidak
Zahroh	orang:nama-depan	1	tidak
Deya	orang:nama-depan	1	tidak
Marsa	orang:nama-depan	1	tidak
Mayrina	orang:nama-depan	1	tidak
Ganesha	orang:nama-depan	1	tidak
Orizae	orang:nama-depan	1	tidak
Afrizal	orang:nama-depan	1	tidak
Velda	orang:nama-depan	1	tidak
Anyza	orang:nama-depan	1	tidak
Clarisa	orang:nama-depan	1	tidak
Shara	orang:nama-depan	1	tidak
Michelin	orang:nama-depan	1	tidak
Desmoelya	orang:nama-depan	1	tidak
Rizky	orang:nama-depan	1	tidak
Davina	orang:nama-depan	1	tidak
Gishela	orang:nama-depan	1	tidak
Kaesar	orang:nama-depan	1	tidak
Khaeriah	orang:nama-depan	1	tidak
Khaerunnisa	orang:nama-depan	1	tidak
Laili	orang:nama-depan	1	tidak
Dwiyanti	orang:nama-depan	1	tidak
Azisah	orang:nama-depan	1	tidak
Syafitri	orang:nama-depan	1	tidak
Bening	orang:nama-depan	1	ya
Berliyan	orang:nama-depan	1	tidak
Claudio	orang:nama-depan	1	tidak
Boby	orang:nama-depan	1	tidak
Alvira	orang:nama-depan	1	tidak
Sidney	orang:nama-depan	1	tidak
Caesar	orang:nama-depan	1	tidak
Kennedy	orang:nama-depan	1	tidak
Nintya	orang:nama-depan	1	tidak
Carmelo	orang:nama-depan	1	tidak
Johanes	orang:nama-depan	1	tidak
Catur	orang:nama-depan	1	ya
Chealsea	orang:nama-depan	1	tidak
Marvelyn	orang:nama-depan	1	tidak
Veby	orang:nama-depan	1	tidak
Chrinty	orang:nama-depan	1	tidak
Christabel	orang:nama-depan	1	tidak
Christiarus	orang:nama-depan	1	tidak
Didik	orang:nama-depan	1	ya
Ellya	orang:nama-depan	1	tidak
Elok	orang:nama-depan	1	ya
Elviana	orang:nama-depan	1	tidak
Elya	orang:nama-depan	1	tidak
Emmita	orang:nama-depan	1	tidak
Emy	orang:nama-depan	1	tidak
Eprilia	orang:nama-depan	1	tidak
Erfando	orang:nama-depan	1	tidak
Estefania	orang:nama-depan	1	tidak
Evelin	orang:nama-depan	1	tidak
Evvi	orang:nama-depan	1	tidak
Farica	orang:nama-depan	1	tidak
Freeisy	orang:nama-depan	1	tidak
Asta	orang:nama-depan	1	tidak
Frisca	orang:nama-depan	1	tidak
Virginia	orang:nama-depan	1	ya
Guniarti	orang:nama-depan	1	tidak
Hemi	orang:nama-depan	1	tidak
Benjamín	orang:nama-depan	1	tidak
Nansy	orang:nama-depan	1	tidak
Selma	orang:nama-depan	1	tidak
Amos	orang:nama-depan	1	tidak
Ance	orang:nama-depan	1	tidak
Lewis	orang:nama-depan	1	tidak
Aquiritto	orang:nama-depan	1	tidak
Gilang	orang:nama-depan	1	ya
Adriel	orang:nama-depan	1	tidak
Sasfariansyah	orang:nama-depan	1	tidak
Galuh	orang:nama-depan	1	ya
Aufa	orang:nama-depan	1	tidak
Isnanta	orang:nama-depan	1	tidak
Nurrafif	orang:nama-depan	1	tidak
Fadel	orang:nama-depan	1	tidak
Ilyasa	orang:nama-depan	1	tidak
Mochamad	orang:nama-depan	1	tidak
Yovandika	orang:nama-depan	1	tidak
Yuke	orang:nama-depan	1	tidak
Gamareza	orang:nama-depan	1	tidak
Fachri	orang:nama-depan	1	tidak
Alayman	orang:nama-depan	1	tidak
Tabita	orang:nama-depan	1	tidak
Enus	orang:nama-depan	1	tidak
Raditya	orang:nama-depan	1	tidak
Dexter	orang:nama-depan	1	tidak
Dewangga	orang:nama-depan	1	ya
Faathir	orang:nama-depan	1	tidak
Rianne	orang:nama-depan	1	tidak
Bellinda	orang:nama-depan	1	tidak
Rosa	orang:nama-depan	1	tidak
Luthfi	orang:nama-depan	1	tidak
Lya	orang:nama-depan	1	tidak
Khaerany	orang:nama-depan	1	tidak
Windy	orang:nama-depan	1	tidak
Melsya	orang:nama-depan	1	tidak
Miftaqul	orang:nama-depan	1	tidak
Rezky	orang:nama-depan	1	tidak
Beben	orang:nama-depan	1	tidak
Marshela	orang:nama-depan	1	tidak
Nahla	orang:nama-depan	1	tidak
Aufa	orang:nama-depan	1	tidak
Dhia	orang:nama-depan	1	tidak
Raden	orang:nama-depan	1	ya
Roro	orang:nama-depan	1	tidak
Edvina	orang:nama-depan	1	tidak
Puteri	orang:nama-depan	1	tidak
Shafa	orang:nama-depan	1	tidak
Shandy	orang:nama-depan	1	tidak
Tirani	orang:nama-depan	1	ya
Shelandry	orang:nama-depan	1	tidak
Dapa	orang:nama-depan	1	ya
Spencer	orang:nama-depan	1	tidak
Karsten	orang:nama-depan	1	tidak
Hafizh	orang:nama-depan	1	tidak
Deedat	orang:nama-depan	1	tidak
Sifen	orang:nama-depan	1	tidak
Zahrul	orang:nama-depan	1	tidak
Syahira	orang:nama-depan	1	tidak
Rinjani	orang:nama-depan	1	tidak
Kwinara	orang:nama-depan	1	tidak
Shakira	orang:nama-depan	1	tidak
Syahnur	orang:nama-depan	1	tidak
Keisha	orang:nama-depan	1	tidak
Fatimah	orang:nama-depan	1	tidak
Fida	orang:nama-depan	1	tidak
Tarigan	orang:nama-depan	1	tidak
Yossi	orang:nama-depan	1	tidak
Asnawi	orang:nama-depan	1	tidak
Suhartono	orang:nama-depan	1	tidak
Lenni	orang:nama-depan	1	tidak
Normalina	orang:nama-depan	1	tidak
Arpi	orang:nama-depan	1	tidak
Wildan	orang:nama-depan	1	tidak
Darmawan	orang:nama-depan	1	tidak
Alinka	orang:nama-depan	1	tidak
Izzy	orang:nama-depan	1	tidak
Hanan	orang:nama-depan	1	tidak
Alberta	orang:nama-depan	1	tidak
Felisha	orang:nama-depan	1	tidak
Subhan	orang:nama-depan	1	tidak
Teodora	orang:nama-depan	1	tidak
Azhari	orang:nama-depan	1	tidak
Mahdani	orang:nama-depan	1	tidak
Irsan	orang:nama-depan	1	tidak
Ashabul	orang:nama-depan	1	tidak
Anhar	orang:nama-depan	1	tidak
Dodi	orang:nama-depan	1	tidak
Aanya	orang:nama-depan	1	tidak
Hamdani	orang:nama-depan	1	tidak
Anselma	orang:nama-depan	1	tidak
Franziska	orang:nama-depan	1	tidak
Mahria	orang:nama-depan	1	tidak
Noa	orang:nama-depan	1	ya
Yuen	orang:nama-depan	1	tidak
Estella	orang:nama-depan	1	tidak
Herly	orang:nama-depan	1	tidak
Irma	orang:nama-depan	1	tidak
Irna	orang:nama-depan	1	tidak
Orlando	orang:nama-depan	1	tidak
Isra	orang:nama-depan	1	ya
Jackson	orang:nama-depan	1	tidak
Janessa	orang:nama-depan	1	tidak
Early	orang:nama-depan	1	tidak
Purusatami	orang:nama-depan	1	tidak
Jovika	orang:nama-depan	1	tidak
Vandaria	orang:nama-depan	1	tidak
Evaria	orang:nama-depan	1	tidak
Khrissabella	orang:nama-depan	1	tidak
Brigita	orang:nama-depan	1	tidak
Marcelia	orang:nama-depan	1	tidak
Arrigo	orang:nama-depan	1	tidak
Dadang	orang:nama-depan	1	tidak
Gatot	orang:nama-depan	1	ya
Ikhwan	orang:nama-depan	1	ya
Beni	orang:nama-depan	1	ya
Affan	orang:nama-depan	1	tidak
Muchlisin	orang:nama-depan	1	tidak
Marselinus	orang:nama-depan	1	tidak
Syamsul	orang:nama-depan	1	tidak
Renni	orang:nama-depan	1	tidak
Anggraini	orang:nama-depan	1	tidak
Catherina	orang:nama-depan	1	tidak
Elin	orang:nama-depan	1	tidak
Evac	orang:nama-depan	1	tidak
Alana	orang:nama-depan	1	tidak
Dirhamsyah	orang:nama-depan	1	tidak
Febri	orang:nama-depan	1	tidak
Timoti	orang:nama-depan	1	tidak
Valentine	orang:nama-depan	1	ya
Dionny	orang:nama-depan	1	tidak
Amabel	orang:nama-depan	1	tidak
Odellia	orang:nama-depan	1	tidak
Inri	orang:nama-depan	1	tidak
Astro	orang:nama-depan	1	tidak
Nasrullah	orang:nama-depan	1	tidak
Jarron	orang:nama-depan	1	tidak
Abd	orang:nama-depan	1	tidak
Jozias	orang:nama-depan	1	tidak
Apelles	orang:nama-depan	1	tidak
Sulaiman	orang:nama-depan	1	tidak
Mubarak	orang:nama-depan	1	ya
Sahid	orang:nama-depan	1	ya
Yusri	orang:nama-depan	1	tidak
Gusti	orang:nama-depan	1	ya
Matt	orang:nama-depan	1	tidak
Dominikus	orang:nama-depan	1	tidak
Kristian	orang:nama-depan	1	tidak
Ismu	orang:nama-depan	1	tidak
Bemby	orang:nama-depan	1	tidak
Eddi	orang:nama-depan	1	tidak
Nazly	orang:nama-depan	1	tidak
Gino	orang:nama-depan	1	tidak
Jeane	orang:nama-depan	1	tidak
Tauhid	orang:nama-depan	1	ya
Enny	orang:nama-depan	1	tidak
Ruy	orang:nama-depan	1	tidak
Sindoro	orang:nama-keluarga	1	tidak
Budi	orang:nama-keluarga	1	ya
Ariantho	orang:nama-keluarga	1	tidak
Kantono	orang:nama-keluarga	1	tidak
Budiarto	orang:nama-keluarga	1	tidak
Permadi	orang:nama-keluarga	1	tidak
Kartono	orang:nama-keluarga	1	tidak
Bie	orang:nama-keluarga	1	tidak
Hadibowo	orang:nama-keluarga	1	tidak
Kusharyanto	orang:nama-keluarga	1	tidak
Marissa	orang:nama-keluarga	1	tidak
Budikusuma	orang:nama-keluarga	1	tidak
Darmaatmadja	orang:nama-keluarga	1	tidak
Polii	orang:nama-keluarga	1	tidak
Grönloh	orang:nama-keluarga	1	tidak
Rumbaka	orang:nama-keluarga	1	tidak
Hadikusuma	orang:nama-keluarga	1	tidak
Rovita	orang:nama-keluarga	1	tidak
Mikola	orang:nama-keluarga	1	tidak
Davidson	orang:nama-keluarga	1	tidak
Anhar	orang:nama-keluarga	1	tidak
Adityawarman	orang:nama-keluarga	1	tidak
Sudirman	orang:nama-keluarga	1	tidak
Zomers	orang:nama-keluarga	1	tidak
Karno	orang:nama-keluarga	1	tidak
Permana	orang:nama-keluarga	1	ya
Nurlita	orang:nama-keluarga	1	tidak
Mundiasti	orang:nama-keluarga	1	tidak
Finarsih	orang:nama-keluarga	1	tidak
Nursugianti	orang:nama-keluarga	1	tidak
Nathanael	orang:nama-keluarga	1	tidak
Imawan	orang:nama-keluarga	1	tidak
Pradipta	orang:nama-keluarga	1	tidak
Tendean	orang:nama-keluarga	1	tidak
Widiowati	orang:nama-keluarga	1	tidak
Kusumawardhani	orang:nama-keluarga	1	tidak
Sukiran	orang:nama-keluarga	1	tidak
Sumirah	orang:nama-keluarga	1	tidak
Yuswandari	orang:nama-keluarga	1	tidak
Hari	orang:nama-keluarga	1	ya
Nuraidah	orang:nama-keluarga	1	tidak
Wiguna	orang:nama-keluarga	1	tidak
Kinard	orang:nama-keluarga	1	tidak
Koestijah	orang:nama-keluarga	1	tidak
Soedaryanto	orang:nama-keluarga	1	tidak
Korwa	orang:nama-keluarga	1	tidak
Suharyo	orang:nama-keluarga	1	tidak
Angelina	orang:nama-keluarga	1	tidak
Awanda	orang:nama-keluarga	1	tidak
Wiharjo	orang:nama-keluarga	1	tidak
Fajirn	orang:nama-keluarga	1	tidak
Kido	orang:nama-keluarga	1	tidak
Tang	orang:nama-keluarga	1	ya
Asmarani	orang:nama-keluarga	1	tidak
Carmelita	orang:nama-keluarga	1	tidak
Tanaka	orang:nama-keluarga	1	tidak
Dini	orang:nama-keluarga	1	ya
Rusdianto	orang:nama-keluarga	1	tidak
Angkur	orang:nama-keluarga	1	ya
Tuwankotta	orang:nama-keluarga	1	tidak
Amat	orang:nama-keluarga	1	ya
Prabudita	orang:nama-keluarga	1	tidak
Permatasari	orang:nama-keluarga	1	tidak
Lahardi	orang:nama-keluarga	1	tidak
Fitriawan	orang:nama-keluarga	1	tidak
Gunawi	orang:nama-keluarga	1	tidak
Woesthoff	orang:nama-keluarga	1	tidak
Dharma	orang:nama-keluarga	1	tidak
Idawati	orang:nama-keluarga	1	tidak
Suprapto	orang:nama-keluarga	1	tidak
Sudradjat	orang:nama-keluarga	1	tidak
Sukmawan	orang:nama-keluarga	1	tidak
Ermawati	orang:nama-keluarga	1	tidak
Inawati	orang:nama-keluarga	1	tidak
Hian	orang:nama-keluarga	1	tidak
Erlangga	orang:nama-keluarga	1	tidak
Sulistianingsih	orang:nama-keluarga	1	tidak
Muljoto	orang:nama-keluarga	1	tidak
Gozali	orang:nama-keluarga	1	tidak
Pronk	orang:nama-keluarga	1	tidak
Seputra	orang:nama-keluarga	1	tidak
Fanetri	orang:nama-keluarga	1	tidak
Djaelawijaya	orang:nama-keluarga	1	tidak
Musso	orang:nama-keluarga	1	tidak
Gonçalves	orang:nama-keluarga	1	tidak
Madison	orang:nama-keluarga	1	tidak
Wahyuni	orang:nama-keluarga	1	tidak
Septano	orang:nama-keluarga	1	tidak
Rintan	orang:nama-keluarga	1	tidak
Miranat	orang:nama-keluarga	1	tidak
Rahadi	orang:nama-keluarga	1	tidak
Karma	orang:nama-keluarga	1	ya
Sagita	orang:nama-keluarga	1	tidak
Windarto	orang:nama-keluarga	1	tidak
Bria	orang:nama-keluarga	1	tidak
Angriawan	orang:nama-keluarga	1	tidak
Juang	orang:nama-keluarga	1	ya
Indrianto	orang:nama-keluarga	1	tidak
Budiharti	orang:nama-keluarga	1	tidak
Sukamta	orang:nama-keluarga	1	tidak
Smits	orang:nama-keluarga	1	tidak
Hadinata	orang:nama-keluarga	1	tidak
Hanadia	orang:nama-keluarga	1	tidak
Khosadalina	orang:nama-keluarga	1	tidak
Gordown	orang:nama-keluarga	1	tidak
Adianto	orang:nama-keluarga	1	tidak
Hadiyanto	orang:nama-keluarga	1	tidak
Rijal	orang:nama-keluarga	1	ya
Soeharto	orang:nama-keluarga	1	tidak
Fadhilah	orang:nama-keluarga	1	tidak
Dili	orang:nama-keluarga	1	tidak
Wirahadikusumah	orang:nama-keluarga	1	tidak
Sutrisno	orang:nama-keluarga	1	tidak
Kalla	orang:nama-keluarga	1	tidak
Bernadet	orang:nama-keluarga	1	tidak
Tedjono	orang:nama-keluarga	1	tidak
Jacobs	orang:nama-keluarga	1	tidak
Walsh	orang:nama-keluarga	1	tidak
Angguni	orang:nama-keluarga	1	tidak
Kartanegara	orang:nama-keluarga	1	tidak
Ahsan	orang:nama-keluarga	1	ya
Resiana	orang:nama-keluarga	1	tidak
Manuputty	orang:nama-keluarga	1	tidak
Lumain	orang:nama-keluarga	1	tidak
Njoto	orang:nama-keluarga	1	tidak
Timur	orang:nama-keluarga	1	ya
Tjiptawan	orang:nama-keluarga	1	tidak
Audina	orang:nama-keluarga	1	tidak
Jouhki	orang:nama-keluarga	1	tidak
Unang	orang:nama-keluarga	1	tidak
Tur	orang:nama-keluarga	1	ya
Carrascalão	orang:nama-keluarga	1	tidak
Guterres	orang:nama-keluarga	1	tidak
Sumirat	orang:nama-keluarga	1	ya
Firdasari	orang:nama-keluarga	1	tidak
Rahmanto	orang:nama-keluarga	1	tidak
Hariyanto	orang:nama-keluarga	1	tidak
Sului	orang:nama-keluarga	1	tidak
Prajasuta	orang:nama-keluarga	1	tidak
Dasuki	orang:nama-keluarga	1	tidak
Suryatama	orang:nama-keluarga	1	tidak
Issolina	orang:nama-keluarga	1	tidak
Rimarcdi	orang:nama-keluarga	1	tidak
Pareira	orang:nama-keluarga	1	tidak
Megawati	orang:nama-keluarga	1	tidak
Ho	orang:nama-keluarga	1	tidak
Herowati	orang:nama-keluarga	1	tidak
Rachmawati	orang:nama-keluarga	1	tidak
Riseu	orang:nama-keluarga	1	tidak
Djide	orang:nama-keluarga	1	tidak
Tohari	orang:nama-keluarga	1	tidak
Nurtjahja	orang:nama-keluarga	1	tidak
Irwansyah	orang:nama-keluarga	1	tidak
Poluakan	orang:nama-keluarga	1	tidak
Rosobin	orang:nama-keluarga	1	tidak
Mardianto	orang:nama-keluarga	1	tidak
Suwatan	orang:nama-keluarga	1	tidak
Murwito	orang:nama-keluarga	1	tidak
Lioe	orang:nama-keluarga	1	tidak
Ladjar	orang:nama-keluarga	1	tidak
De Pauw	orang:nama-keluarga	1	tidak
Sudarwati	orang:nama-keluarga	1	tidak
Noya	orang:nama-keluarga	1	tidak
Tjiong	orang:nama-keluarga	1	tidak
Ulinnuha	orang:nama-keluarga	1	tidak
Ang	orang:nama-keluarga	1	tidak
Sudjana	orang:nama-keluarga	1	tidak
Ames	orang:nama-keluarga	1	tidak
Damono	orang:nama-keluarga	1	tidak
Rendra	orang:nama-keluarga	1	tidak
Turang	orang:nama-keluarga	1	ya
Tumengkol	orang:nama-keluarga	1	tidak
Purwati	orang:nama-keluarga	1	tidak
Rhoma	orang:nama-keluarga	1	tidak
Masli	orang:nama-keluarga	1	tidak
Karanda	orang:nama-keluarga	1	tidak
Suwardi	orang:nama-keluarga	1	tidak
Kresnayandi	orang:nama-keluarga	1	tidak
Agustinus	orang:nama-keluarga	1	tidak
Pungkasari	orang:nama-keluarga	1	tidak
van Beuzekom	orang:nama-keluarga	1	tidak
Dekker	orang:nama-keluarga	1	tidak
Douwes Dekker	orang:nama-keluarga	1	tidak
Setia	orang:nama-keluarga	1	ya
Shi	orang:nama-keluarga	1	tidak
Rhustavito	orang:nama-keluarga	1	tidak
Antarini	orang:nama-keluarga	1	tidak
Untari	orang:nama-keluarga	1	tidak
Gonzáles	orang:nama-keluarga	1	tidak
Soegijapranata	orang:nama-keluarga	1	tidak
Riza	orang:nama-keluarga	1	tidak
Tetty	orang:nama-keluarga	1	tidak
Widiastuti	orang:nama-keluarga	1	tidak
Tjun	orang:nama-keluarga	1	tidak
Kostermans	orang:nama-keluarga	1	tidak
Sjahrir	orang:nama-keluarga	1	tidak
Lejarsari	orang:nama-keluarga	1	tidak
Variella	orang:nama-keluarga	1	tidak
Okvana	orang:nama-keluarga	1	tidak
Sensi	orang:nama-keluarga	1	tidak
Wisaksono	orang:nama-keluarga	1	tidak
Yunus	orang:nama-keluarga	1	tidak
Kusmiati	orang:nama-keluarga	1	tidak
Ukikasah	orang:nama-keluarga	1	tidak
Phoa	orang:nama-keluarga	1	tidak
Marfuah	orang:nama-keluarga	1	tidak
Dani	orang:nama-keluarga	1	tidak
Resink	orang:nama-keluarga	1	tidak
Sudarso	orang:nama-keluarga	1	tidak
Farrel	orang:nama-keluarga	1	tidak
Saufika	orang:nama-keluarga	1	tidak
Sastroamidjojo	orang:nama-keluarga	1	tidak
Subaktiar	orang:nama-keluarga	1	tidak
Mangunwijaya	orang:nama-keluarga	1	tidak
Roem	orang:nama-keluarga	1	tidak
Michiels	orang:nama-keluarga	1	tidak
Andrian	orang:nama-keluarga	1	tidak
Hayes	orang:nama-keluarga	1	tidak
Wiemans	orang:nama-keluarga	1	tidak
Zegerius	orang:nama-keluarga	1	tidak
Sanda	orang:nama-keluarga	1	ya
Pirih	orang:nama-keluarga	1	tidak
Sabara	orang:nama-keluarga	1	tidak
Tansil	orang:nama-keluarga	1	tidak
Tari	orang:nama-keluarga	1	ya
Purwaningtyas	orang:nama-keluarga	1	tidak
Lebang	orang:nama-keluarga	1	ya
Linden	orang:nama-keluarga	1	tidak
Razi	orang:nama-keluarga	1	tidak
Dilla	orang:nama-keluarga	1	tidak
Lawrence	orang:nama-keluarga	1	tidak
Pranowo	orang:nama-keluarga	1	tidak
Polla	orang:nama-keluarga	1	tidak
Marciano	orang:nama-keluarga	1	tidak
De Vos	orang:nama-keluarga	1	tidak
Habsyi	orang:nama-keluarga	1	ya
Rini	orang:nama-keluarga	1	ya
Capri	orang:nama-keluarga	1	tidak
Toledo	orang:nama-keluarga	1	tidak
Sahal	orang:nama-keluarga	1	tidak
Basry	orang:nama-keluarga	1	tidak
Kadir	orang:nama-keluarga	1	ya
Leman	orang:nama-keluarga	1	tidak
Justine	orang:nama-keluarga	1	tidak
Suko	orang:nama-keluarga	1	tidak
Sprenger	orang:nama-keluarga	1	tidak
Wolters	orang:nama-keluarga	1	tidak
Zhang	orang:nama-keluarga	1	tidak
O'Hare	orang:nama-keluarga	1	tidak
Gladys	orang:nama-keluarga	1	tidak
Jonker	orang:nama-keluarga	1	tidak
Silas	orang:nama-keluarga	1	tidak
Dijkstra	orang:nama-keluarga	1	tidak
Erna	orang:nama-keluarga	1	tidak
Abdussamad	orang:nama-keluarga	1	tidak
Bertens	orang:nama-keluarga	1	tidak
Wija	orang:nama-keluarga	1	tidak
Sardi	orang:nama-keluarga	1	tidak
Perez	orang:nama-keluarga	1	tidak
Sud	orang:nama-keluarga	1	tidak
Harun	orang:nama-keluarga	1	tidak
Salat	orang:nama-keluarga	1	ya
Duri	orang:nama-keluarga	1	ya
Gafur	orang:nama-keluarga	1	ya
Kahar	orang:nama-keluarga	1	ya
Palmer	orang:nama-keluarga	1	tidak
Hogeland	orang:nama-keluarga	1	tidak
Cestaro	orang:nama-keluarga	1	tidak
Key	orang:nama-keluarga	1	tidak
Gottardo	orang:nama-keluarga	1	tidak
Mazi	orang:nama-keluarga	1	ya
Miranti	orang:nama-keluarga	1	tidak
Rohali	orang:nama-keluarga	1	tidak
Sweeney	orang:nama-keluarga	1	tidak
Nurman	orang:nama-keluarga	1	tidak
Krishna	orang:nama-keluarga	1	tidak
Early	orang:nama-keluarga	1	tidak
Dian	orang:nama-keluarga	1	ya
Paff	orang:nama-keluarga	1	tidak
Matta	orang:nama-keluarga	1	tidak
Hara	orang:nama-keluarga	1	ya
Shirley	orang:nama-keluarga	1	tidak
Hilman	orang:nama-keluarga	1	tidak
Baron	orang:nama-keluarga	1	ya
Dai	orang:nama-keluarga	1	ya
Agani	orang:nama-keluarga	1	tidak
Bukit	orang:nama-keluarga	1	ya
Barthos	orang:nama-keluarga	1	tidak
Adinegoro	orang:nama-keluarga	1	tidak
Boen	orang:nama-keluarga	1	tidak
Kool	orang:nama-keluarga	1	tidak
Lewis	orang:nama-keluarga	1	tidak
Browne	orang:nama-keluarga	1	tidak
Marsal	orang:nama-keluarga	1	tidak
Alfonso	orang:nama-keluarga	1	tidak
Evangelista	orang:nama-keluarga	1	tidak
Servia	orang:nama-keluarga	1	tidak
Schagerl	orang:nama-keluarga	1	tidak
Julia	orang:nama-keluarga	1	tidak
Caroline	orang:nama-keluarga	1	tidak
Helm	orang:nama-keluarga	1	ya
Medita	orang:nama-keluarga	1	tidak
Kristy	orang:nama-keluarga	1	tidak
Chia	orang:nama-keluarga	1	tidak
Gabra	orang:nama-keluarga	1	tidak
Ginting Suka	orang:nama-keluarga	1	tidak
Tarkas	orang:nama-keluarga	1	ya
Arnaz	orang:nama-keluarga	1	tidak
Carli	orang:nama-keluarga	1	tidak
Dransfield	orang:nama-keluarga	1	tidak
Young	orang:nama-keluarga	1	tidak
Dillon	orang:nama-keluarga	1	tidak
Jassin	orang:nama-keluarga	1	tidak
Muzadi	orang:nama-keluarga	1	tidak
Nerly	orang:nama-keluarga	1	tidak
Felder	orang:nama-keluarga	1	tidak
Contessa	orang:nama-keluarga	1	tidak
María	orang:nama-keluarga	1	tidak
Samad	orang:nama-keluarga	1	ya
Brown	orang:nama-keluarga	1	tidak
Suseno	orang:nama-keluarga	1	tidak
Farizi	orang:nama-keluarga	1	tidak
Supranata	orang:nama-keluarga	1	tidak
Tananta	orang:nama-keluarga	1	tidak
Reza	orang:nama-keluarga	1	tidak
Norman	orang:nama-keluarga	1	tidak
Kartodikromo	orang:nama-keluarga	1	tidak
Wenda	orang:nama-keluarga	1	tidak
Chalid	orang:nama-keluarga	1	tidak
Roland	orang:nama-keluarga	1	tidak
Soedarpo	orang:nama-keluarga	1	tidak
Nazir	orang:nama-keluarga	1	ya
Kamga	orang:nama-keluarga	1	tidak
Henry	orang:nama-keluarga	1	ya
Tiwa	orang:nama-keluarga	1	tidak
Mouly	orang:nama-keluarga	1	tidak
Cader	orang:nama-keluarga	1	tidak
Kasim	orang:nama-keluarga	1	ya
Vega	orang:nama-keluarga	1	tidak
Vella	orang:nama-keluarga	1	tidak
Merlin	orang:nama-keluarga	1	tidak
Bowie	orang:nama-keluarga	1	tidak
Novel	orang:nama-keluarga	1	ya
Andriani	orang:nama-keluarga	1	tidak
Rain	orang:nama-keluarga	1	tidak
Roslan	orang:nama-keluarga	1	tidak
Bono	orang:nama-keluarga	1	tidak
Rissal	orang:nama-keluarga	1	tidak
Bahar	orang:nama-keluarga	1	ya
Jane	orang:nama-keluarga	1	tidak
Marcia	orang:nama-keluarga	1	tidak
Bok	orang:nama-keluarga	1	tidak
Harjojudanto	orang:nama-keluarga	1	tidak
Morin	orang:nama-keluarga	1	tidak
Dawson	orang:nama-keluarga	1	tidak
Rustam	orang:nama-keluarga	1	tidak
Senna	orang:nama-keluarga	1	tidak
Collin	orang:nama-keluarga	1	tidak
Manuhutu	orang:nama-keluarga	1	tidak
Harting	orang:nama-keluarga	1	tidak
Karisma	orang:nama-keluarga	1	ya
Pérez	orang:nama-keluarga	1	tidak
Norin	orang:nama-keluarga	1	tidak
Yameen	orang:nama-keluarga	1	tidak
Djojopoespito	orang:nama-keluarga	1	tidak
Poyk	orang:nama-keluarga	1	tidak
Merta	orang:nama-keluarga	1	ya
Tatengkeng	orang:nama-keluarga	1	tidak
Kartakusuma	orang:nama-keluarga	1	tidak
Massardi	orang:nama-keluarga	1	tidak
Hamzah	orang:nama-keluarga	1	ya
Błeszyński	orang:nama-keluarga	1	tidak
Sanders	orang:nama-keluarga	1	tidak
Barends	orang:nama-keluarga	1	tidak
Lasso	orang:nama-keluarga	1	tidak
Pesulima	orang:nama-keluarga	1	tidak
Ratulangi	orang:nama-keluarga	1	tidak
Evans	orang:nama-keluarga	1	tidak
Rendell	orang:nama-keluarga	1	tidak
Jensen	orang:nama-keluarga	1	tidak
Tatum	orang:nama-keluarga	1	tidak
Sitompul	orang:nama-keluarga	1	tidak
Aldiano	orang:nama-keluarga	1	tidak
Romero	orang:nama-keluarga	1	tidak
Nemoto	orang:nama-keluarga	1	tidak
Barus	orang:nama-keluarga	1	tidak
Pascua	orang:nama-keluarga	1	tidak
Lindh	orang:nama-keluarga	1	tidak
Septriasa	orang:nama-keluarga	1	tidak
Martha	orang:nama-keluarga	1	tidak
Hirata	orang:nama-keluarga	1	tidak
Medan	orang:nama-keluarga	1	ya
Goeslaw	orang:nama-keluarga	1	tidak
Sinclair	orang:nama-keluarga	1	tidak
Lopa	orang:nama-keluarga	1	tidak
Cotto	orang:nama-keluarga	1	tidak
Zheng	orang:nama-keluarga	1	tidak
Orie	orang:nama-keluarga	1	tidak
Hartoko	orang:nama-keluarga	1	tidak
Alvin	orang:nama-keluarga	1	tidak
Viska	orang:nama-keluarga	1	tidak
Silvo	orang:nama-keluarga	1	tidak
Mémet	orang:nama-keluarga	1	tidak
Hardjosusanto	orang:nama-keluarga	1	tidak
Emmanuel	orang:nama-keluarga	1	tidak
Damhoeri	orang:nama-keluarga	1	tidak
Moeremans	orang:nama-keluarga	1	tidak
Hughes	orang:nama-keluarga	1	tidak
Beck	orang:nama-keluarga	1	tidak
Sedyawati	orang:nama-keluarga	1	tidak
Mantovani	orang:nama-keluarga	1	tidak
Toon	orang:nama-keluarga	1	tidak
Burky	orang:nama-keluarga	1	tidak
Efraim	orang:nama-keluarga	1	tidak
Agustiawati	orang:nama-keluarga	1	tidak
Pankaryanira	orang:nama-keluarga	1	tidak
Ramadhini	orang:nama-keluarga	1	tidak
Scholastika	orang:nama-keluarga	1	tidak
Kwanrico	orang:nama-keluarga	1	tidak
Dunn	orang:nama-keluarga	1	tidak
Ilham	orang:nama-keluarga	1	ya
Punjabi	orang:nama-keluarga	1	tidak
Geh	orang:nama-keluarga	1	tidak
Loho	orang:nama-keluarga	1	tidak
Sukamuljo	orang:nama-keluarga	1	tidak
Aldiartama	orang:nama-keluarga	1	tidak
Mahmudin	orang:nama-keluarga	1	tidak
Alom	orang:nama-keluarga	1	tidak
Rappa	orang:nama-keluarga	1	tidak
Klok	orang:nama-keluarga	1	tidak
Minny	orang:nama-keluarga	1	tidak
Cartwright	orang:nama-keluarga	1	tidak
Nikita	orang:nama-keluarga	1	tidak
Cornelia	orang:nama-keluarga	1	tidak
Uno	orang:nama-keluarga	1	tidak
Kartodirdjo	orang:nama-keluarga	1	tidak
Sutardja	orang:nama-keluarga	1	tidak
Matthews	orang:nama-keluarga	1	tidak
Mohamad	orang:nama-keluarga	1	tidak
Alkadrie	orang:nama-keluarga	1	tidak
Sutiyoso	orang:nama-keluarga	1	tidak
San	orang:nama-keluarga	1	tidak
Heraty	orang:nama-keluarga	1	tidak
Telaubun	orang:nama-keluarga	1	tidak
Adhi	orang:nama-keluarga	1	tidak
Tahitoe	orang:nama-keluarga	1	tidak
Tilaar	orang:nama-keluarga	1	tidak
Yacob	orang:nama-keluarga	1	tidak
Cello	orang:nama-keluarga	1	tidak
Kaisiepo	orang:nama-keluarga	1	tidak
Segers	orang:nama-keluarga	1	tidak
Gerungan	orang:nama-keluarga	1	tidak
Marcella	orang:nama-keluarga	1	tidak
Timothy	orang:nama-keluarga	1	tidak
Paris	orang:nama-keluarga	1	ya
Maia	orang:nama-keluarga	1	tidak
Bouttier	orang:nama-keluarga	1	tidak
Jaarsma	orang:nama-keluarga	1	tidak
Riana	orang:nama-keluarga	1	tidak
Anggraeni	orang:nama-keluarga	1	tidak
Adrian	orang:nama-keluarga	1	tidak
George	orang:nama-keluarga	1	tidak
Faustina	orang:nama-keluarga	1	tidak
Bonai	orang:nama-keluarga	1	tidak
Brahim	orang:nama-keluarga	1	tidak
van Breukelen	orang:nama-keluarga	1	tidak
Borne	orang:nama-keluarga	1	tidak
Bouman	orang:nama-keluarga	1	tidak
Monardo	orang:nama-keluarga	1	tidak
Kuntadi	orang:nama-keluarga	1	tidak
Mihati	orang:nama-keluarga	1	tidak
Choirie	orang:nama-keluarga	1	tidak
Rock	orang:nama-keluarga	1	tidak
Fabyola	orang:nama-keluarga	1	tidak
Alfian	orang:nama-keluarga	1	tidak
Verdonk	orang:nama-keluarga	1	tidak
Kan	orang:nama-keluarga	1	tidak
Rusli	orang:nama-keluarga	1	tidak
Barth	orang:nama-keluarga	1	tidak
Etō	orang:nama-keluarga	1	tidak
Radisti	orang:nama-keluarga	1	tidak
Manurung	orang:nama-keluarga	1	tidak
Tabalujan	orang:nama-keluarga	1	tidak
Tanjung	orang:nama-keluarga	1	ya
Carmo	orang:nama-keluarga	1	tidak
Listanto	orang:nama-keluarga	1	tidak
Kiehl	orang:nama-keluarga	1	tidak
Pinot	orang:nama-keluarga	1	tidak
Wirjawan	orang:nama-keluarga	1	tidak
Munaf	orang:nama-keluarga	1	tidak
Alavi	orang:nama-keluarga	1	tidak
Yohanna	orang:nama-keluarga	1	tidak
Zamel	orang:nama-keluarga	1	tidak
Renou	orang:nama-keluarga	1	tidak
Hadad	orang:nama-keluarga	1	tidak
Jabbar	orang:nama-keluarga	1	tidak
Hood	orang:nama-keluarga	1	tidak
Hanna	orang:nama-keluarga	1	tidak
Andriano	orang:nama-keluarga	1	tidak
Julio	orang:nama-keluarga	1	tidak
Landy	orang:nama-keluarga	1	tidak
Lesesne	orang:nama-keluarga	1	tidak
Griffiths	orang:nama-keluarga	1	tidak
Escobar	orang:nama-keluarga	1	tidak
Simpson	orang:nama-keluarga	1	tidak
O'Byrne	orang:nama-keluarga	1	tidak
Saari	orang:nama-keluarga	1	tidak
Oklamona	orang:nama-keluarga	1	tidak
Kaligis	orang:nama-keluarga	1	tidak
Hadmadi	orang:nama-keluarga	1	tidak
Pangisthu	orang:nama-keluarga	1	tidak
Mustofa	orang:nama-keluarga	1	tidak
Giovani	orang:nama-keluarga	1	tidak
Fairuz	orang:nama-keluarga	1	tidak
Rigby	orang:nama-keluarga	1	tidak
Apin	orang:nama-keluarga	1	tidak
Bisono	orang:nama-keluarga	1	tidak
Rumpoko	orang:nama-keluarga	1	tidak
Gerard	orang:nama-keluarga	1	tidak
Hanan	orang:nama-keluarga	1	tidak
Hendrik	orang:nama-keluarga	1	tidak
Suroso	orang:nama-keluarga	1	tidak
Daryanani	orang:nama-keluarga	1	tidak
Venna	orang:nama-keluarga	1	tidak
Celia	orang:nama-keluarga	1	tidak
Abit	orang:nama-keluarga	1	tidak
Perucha	orang:nama-keluarga	1	tidak
Barack	orang:nama-keluarga	1	tidak
Richard	orang:nama-keluarga	1	tidak
Shine	orang:nama-keluarga	1	tidak
Sancho	orang:nama-keluarga	1	tidak
Sanger	orang:nama-keluarga	1	tidak
Santos	orang:nama-keluarga	1	tidak
Gracia	orang:nama-keluarga	1	tidak
Shopi	orang:nama-keluarga	1	tidak
Siswoyo	orang:nama-keluarga	1	tidak
Zeng	orang:nama-keluarga	1	tidak
Wondra	orang:nama-keluarga	1	tidak
Zahara	orang:nama-keluarga	1	tidak
Category:Katoe (surname)	orang:nama-keluarga	1	tidak
Diks	orang:nama-keluarga	1	tidak
Muslim	orang:nama-keluarga	1	ya
Berthelot	orang:nama-keluarga	1	tidak
Karman	orang:nama-keluarga	1	tidak
Istarani	orang:nama-keluarga	1	tidak
Marsudi	orang:nama-keluarga	1	tidak
Bakar	orang:nama-keluarga	1	ya
Kholik	orang:nama-keluarga	1	tidak
Farid	orang:nama-keluarga	1	tidak
Wiranto	orang:nama-keluarga	1	tidak
Moors	orang:nama-keluarga	1	tidak
Anis	orang:nama-keluarga	1	ya
Jordy	orang:nama-keluarga	1	tidak
Bimo	orang:nama-keluarga	1	tidak
Black	orang:nama-keluarga	1	tidak
Chaer	orang:nama-keluarga	1	tidak
Valery	orang:nama-keluarga	1	tidak
Eslah	orang:nama-keluarga	1	tidak
Kaiser	orang:nama-keluarga	1	tidak
Maridjan	orang:nama-keluarga	1	tidak
Bonaparte	orang:nama-keluarga	1	tidak
Frazetta	orang:nama-keluarga	1	tidak
Stevenson	orang:nama-keluarga	1	tidak
Abdurahman	orang:nama-keluarga	1	tidak
Sylvia	orang:nama-keluarga	1	tidak
Tamara	orang:nama-keluarga	1	tidak
Taylor	orang:nama-keluarga	1	tidak
Widjajanto	orang:nama-keluarga	1	tidak
Bijlaard	orang:nama-keluarga	1	tidak
Simanullang	orang:nama-keluarga	1	tidak
Vania	orang:nama-keluarga	1	tidak
Jonathans	orang:nama-keluarga	1	tidak
Curtis	orang:nama-keluarga	1	tidak
Sulaiman	orang:nama-keluarga	1	tidak
Angeline	orang:nama-keluarga	1	tidak
Pace	orang:nama-keluarga	1	ya
Satto	orang:nama-keluarga	1	tidak
Pan	orang:nama-keluarga	1	ya
Halderman	orang:nama-keluarga	1	tidak
Lery	orang:nama-keluarga	1	tidak
van Aert	orang:nama-keluarga	1	tidak
Sidarta	orang:nama-keluarga	1	tidak
Beane	orang:nama-keluarga	1	tidak
Hadler	orang:nama-keluarga	1	tidak
Nirwanda	orang:nama-keluarga	1	tidak
Rumbay	orang:nama-keluarga	1	tidak
Tanto	orang:nama-keluarga	1	tidak
Wild	orang:nama-keluarga	1	tidak
Nilsen	orang:nama-keluarga	1	tidak
Congo	orang:nama-keluarga	1	ya
Sohib	orang:nama-keluarga	1	ya
Chedid	orang:nama-keluarga	1	tidak
Justin	orang:nama-keluarga	1	tidak
Safira	orang:nama-keluarga	1	tidak
Bara	orang:nama-keluarga	1	ya
Muray	orang:nama-keluarga	1	tidak
Bolden	orang:nama-keluarga	1	tidak
Montenegro	orang:nama-keluarga	1	ya
Pieters	orang:nama-keluarga	1	tidak
Murdjianto	orang:nama-keluarga	1	tidak
Hall	orang:nama-keluarga	1	tidak
Fenady	orang:nama-keluarga	1	tidak
Stella	orang:nama-keluarga	1	tidak
Brodie	orang:nama-keluarga	1	tidak
Beatrice	orang:nama-keluarga	1	tidak
Korah	orang:nama-keluarga	1	tidak
Ivo	orang:nama-keluarga	1	tidak
Warren	orang:nama-keluarga	1	tidak
Hamid	orang:nama-keluarga	1	tidak
Dalton	orang:nama-keluarga	1	tidak
Riwanto	orang:nama-keluarga	1	tidak
Yuda	orang:nama-keluarga	1	ya
Joerg	orang:nama-keluarga	1	tidak
Amal	orang:nama-keluarga	1	ya
Memo	orang:nama-keluarga	1	ya
Tahar	orang:nama-keluarga	1	ya
Kusumah	orang:nama-keluarga	1	tidak
Adams	orang:nama-keluarga	1	tidak
Wiyanti	orang:nama-keluarga	1	tidak
Bandaso	orang:nama-keluarga	1	tidak
Kani	orang:nama-keluarga	1	tidak
Barkah	orang:nama-keluarga	1	tidak
Islami	orang:nama-keluarga	1	ya
Hastiyanti	orang:nama-keluarga	1	tidak
Sahputri	orang:nama-keluarga	1	tidak
Siahaya	orang:nama-keluarga	1	tidak
Widyaningrum	orang:nama-keluarga	1	tidak
Kho	orang:nama-keluarga	1	tidak
Masrikah	orang:nama-keluarga	1	tidak
Antardayu	orang:nama-keluarga	1	tidak
Riodingin	orang:nama-keluarga	1	tidak
Nugraha	orang:nama-keluarga	1	ya
Marteen	orang:nama-keluarga	1	tidak
Hardianto	orang:nama-keluarga	1	tidak
Goei	orang:nama-keluarga	1	tidak
Yussif	orang:nama-keluarga	1	tidak
Jap	orang:nama-keluarga	1	ya
Elmyati	orang:nama-keluarga	1	tidak
Kartenegara	orang:nama-keluarga	1	tidak
Fatmawati	orang:nama-keluarga	1	tidak
Zanati	orang:nama-keluarga	1	tidak
Swastedian	orang:nama-keluarga	1	tidak
Hasanah	orang:nama-keluarga	1	tidak
Purwotjugiono	orang:nama-keluarga	1	tidak
Olivia	orang:nama-keluarga	1	tidak
Mulyajaya	orang:nama-keluarga	1	tidak
de Pauw	orang:nama-keluarga	1	tidak
Chrisnawati	orang:nama-keluarga	1	tidak
Ernita	orang:nama-keluarga	1	tidak
Firman	orang:nama-keluarga	1	ya
Tandun	orang:nama-keluarga	1	ya
Ismanto	orang:nama-keluarga	1	tidak
Khoe	orang:nama-keluarga	1	tidak
Solihin	orang:nama-keluarga	1	tidak
Wahono	orang:nama-keluarga	1	tidak
Kwik	orang:nama-keluarga	1	tidak
Delynugraha	orang:nama-keluarga	1	tidak
Rahmansyah	orang:nama-keluarga	1	tidak
Kasturo	orang:nama-keluarga	1	tidak
Mulyani	orang:nama-keluarga	1	tidak
Ayat	orang:nama-keluarga	1	ya
Prawidssa	orang:nama-keluarga	1	tidak
Djaliteng	orang:nama-keluarga	1	tidak
Febryto	orang:nama-keluarga	1	tidak
Kurnianti	orang:nama-keluarga	1	tidak
Rizko	orang:nama-keluarga	1	tidak
Gan	orang:nama-keluarga	1	tidak
Rahmadani	orang:nama-keluarga	1	tidak
Wildan	orang:nama-keluarga	1	tidak
Gouw	orang:nama-keluarga	1	tidak
Mulyono	orang:nama-keluarga	1	tidak
Agung	orang:nama-keluarga	1	ya
Siswanti	orang:nama-keluarga	1	tidak
Nadhir	orang:nama-keluarga	1	tidak
Monica	orang:nama-keluarga	1	tidak
Willianto	orang:nama-keluarga	1	tidak
Lintang	orang:nama-keluarga	1	ya
Fajar	orang:nama-keluarga	1	ya
Tio	orang:nama-keluarga	1	tidak
Suherlan	orang:nama-keluarga	1	tidak
Meilyanna	orang:nama-keluarga	1	tidak
Shaharudin	orang:nama-keluarga	1	tidak
Rani	orang:nama-keluarga	1	ya
Koman	orang:nama-keluarga	1	ya
Adinata	orang:nama-keluarga	1	tidak
Apriyanda	orang:nama-keluarga	1	tidak
Perkasa	orang:nama-keluarga	1	ya
Belawa	orang:nama-keluarga	1	tidak
Restu	orang:nama-keluarga	1	ya
Setiabudi	orang:nama-keluarga	1	ya
Mustaine	orang:nama-keluarga	1	tidak
Pancasari	orang:nama-keluarga	1	tidak
Runtolalu	orang:nama-keluarga	1	tidak
Inderwati	orang:nama-keluarga	1	tidak
Dewiyanti	orang:nama-keluarga	1	tidak
Apriyandi	orang:nama-keluarga	1	tidak
Seng	orang:nama-keluarga	1	ya
Juhari	orang:nama-keluarga	1	tidak
Setiani	orang:nama-keluarga	1	tidak
Indrajaya	orang:nama-keluarga	1	tidak
Anastasia	orang:nama-keluarga	1	tidak
Sugiharjo	orang:nama-keluarga	1	tidak
Riani	orang:nama-keluarga	1	tidak
Istanta	orang:nama-keluarga	1	tidak
Heny	orang:nama-keluarga	1	tidak
Subandoro	orang:nama-keluarga	1	tidak
Aslim	orang:nama-keluarga	1	tidak
Dihardja	orang:nama-keluarga	1	tidak
Rianto	orang:nama-keluarga	1	tidak
Kusdianto	orang:nama-keluarga	1	tidak
Berlian	orang:nama-keluarga	1	ya
Pawestri	orang:nama-keluarga	1	tidak
Mahiroh	orang:nama-keluarga	1	tidak
Shafira	orang:nama-keluarga	1	tidak
Wirz	orang:nama-keluarga	1	tidak
Hogianto	orang:nama-keluarga	1	tidak
Hantoro	orang:nama-keluarga	1	tidak
Kudamassa	orang:nama-keluarga	1	tidak
Gutama	orang:nama-keluarga	1	tidak
Karyaman	orang:nama-keluarga	1	tidak
Wjayanti	orang:nama-keluarga	1	tidak
Aprilliyanto	orang:nama-keluarga	1	tidak
Moningka	orang:nama-keluarga	1	tidak
Kuo	orang:nama-keluarga	1	tidak
Broussouloux	orang:nama-keluarga	1	tidak
Antonius	orang:nama-keluarga	1	tidak
Ardwiantini	orang:nama-keluarga	1	tidak
Ekopranoto	orang:nama-keluarga	1	tidak
Ramadiansyah	orang:nama-keluarga	1	tidak
Abimanyu	orang:nama-keluarga	1	tidak
Iwanto	orang:nama-keluarga	1	tidak
Gibson	orang:nama-keluarga	1	tidak
Rivaldy	orang:nama-keluarga	1	tidak
Bagus	orang:nama-keluarga	1	ya
Sukoco	orang:nama-keluarga	1	tidak
Kristanto	orang:nama-keluarga	1	tidak
Haryono	orang:nama-keluarga	1	tidak
Tjoandi	orang:nama-keluarga	1	tidak
Fachrikar	orang:nama-keluarga	1	tidak
Isfahani	orang:nama-keluarga	1	tidak
Pahlevi	orang:nama-keluarga	1	tidak
Mudijanto	orang:nama-keluarga	1	tidak
Olvita	orang:nama-keluarga	1	tidak
Fauziah	orang:nama-keluarga	1	tidak
Yong	orang:nama-keluarga	1	tidak
Budinan	orang:nama-keluarga	1	tidak
Sekar	orang:nama-keluarga	1	ya
Batari	orang:nama-keluarga	1	ya
Kambey	orang:nama-keluarga	1	tidak
Romadhini	orang:nama-keluarga	1	tidak
Markus	orang:nama-keluarga	1	tidak
Niode	orang:nama-keluarga	1	tidak
Suhardjono	orang:nama-keluarga	1	tidak
Maruf	orang:nama-keluarga	1	tidak
Suripno	orang:nama-keluarga	1	tidak
Adriani	orang:nama-keluarga	1	tidak
Umar	orang:nama-keluarga	1	tidak
Basko	orang:nama-keluarga	1	tidak
Hutchison	orang:nama-keluarga	1	tidak
Quintieri	orang:nama-keluarga	1	tidak
Eliza	orang:nama-keluarga	1	tidak
Tabrani	orang:nama-keluarga	1	tidak
Djorghi	orang:nama-keluarga	1	tidak
Reimas	orang:nama-keluarga	1	tidak
Ayustine	orang:nama-keluarga	1	tidak
Tunjung	orang:nama-keluarga	1	ya
Cahyaningsih	orang:nama-keluarga	1	tidak
Nazar	orang:nama-keluarga	1	ya
Mapasa	orang:nama-keluarga	1	tidak
Hwang	orang:nama-keluarga	1	tidak
Aletrino	orang:nama-keluarga	1	tidak
Ballieux	orang:nama-keluarga	1	tidak
Gao	orang:nama-keluarga	1	tidak
Hardy	orang:nama-keluarga	1	tidak
Ringo	orang:nama-keluarga	1	tidak
Johnson	orang:nama-keluarga	1	tidak
Zaky	orang:nama-keluarga	1	tidak
Arista	orang:nama-keluarga	1	tidak
Watson	orang:nama-keluarga	1	tidak
Archer	orang:nama-keluarga	1	tidak
Elisabeth	orang:nama-keluarga	1	tidak
Amet	orang:nama-keluarga	1	tidak
Rawles	orang:nama-keluarga	1	tidak
Paramaditha	orang:nama-keluarga	1	tidak
Sunny	orang:nama-keluarga	1	tidak
Rolly	orang:nama-keluarga	1	tidak
Marty	orang:nama-keluarga	1	tidak
Carr	orang:nama-keluarga	1	tidak
de Jongh	orang:nama-keluarga	1	tidak
Ramadhanti	orang:nama-keluarga	1	tidak
Imanuela	orang:nama-keluarga	1	tidak
Tahir	orang:nama-keluarga	1	ya
Cahyono	orang:nama-keluarga	1	tidak
Oktavan	orang:nama-keluarga	1	tidak
Kusharjanto	orang:nama-keluarga	1	tidak
Coppen	orang:nama-keluarga	1	tidak
Milano	orang:nama-keluarga	1	tidak
Samudra	orang:nama-keluarga	1	ya
Roberts	orang:nama-keluarga	1	tidak
Lynch	orang:nama-keluarga	1	tidak
Pandugo	orang:nama-keluarga	1	tidak
Kyle	orang:nama-keluarga	1	tidak
van den Hurk	orang:nama-keluarga	1	tidak
Stephen	orang:nama-keluarga	1	tidak
Alriani	orang:nama-keluarga	1	tidak
Adibroto	orang:nama-keluarga	1	tidak
Levi	orang:nama-keluarga	1	tidak
Abdul	orang:nama-keluarga	1	ya
Dwicahyo	orang:nama-keluarga	1	tidak
Winata	orang:nama-keluarga	1	tidak
Syahnawi	orang:nama-keluarga	1	tidak
Beer	orang:nama-keluarga	1	tidak
Zefanya	orang:nama-keluarga	1	tidak
Jompa	orang:nama-keluarga	1	tidak
Koster	orang:nama-keluarga	1	tidak
Ardiansyah	orang:nama-keluarga	1	tidak
Kusumawardana	orang:nama-keluarga	1	tidak
Doke	orang:nama-keluarga	1	tidak
Mentari	orang:nama-keluarga	1	ya
Hoffmann	orang:nama-keluarga	1	tidak
Nova	orang:nama-keluarga	1	ya
Paes	orang:nama-keluarga	1	ya
McRae	orang:nama-keluarga	1	tidak
Lega	orang:nama-keluarga	1	ya
Pedi	orang:nama-keluarga	1	tidak
Sylviana	orang:nama-keluarga	1	tidak
Subiyanto	orang:nama-keluarga	1	tidak
Qomarudin	orang:nama-keluarga	1	tidak
Martino	orang:nama-keluarga	1	tidak
Ranialdy	orang:nama-keluarga	1	tidak
Samosir	orang:nama-keluarga	1	ya
Julimarbela	orang:nama-keluarga	1	tidak
Lohanda	orang:nama-keluarga	1	tidak
Aryan	orang:nama-keluarga	1	tidak
Palmieri	orang:nama-keluarga	1	tidak
Rambitan	orang:nama-keluarga	1	tidak
Choirunnisa	orang:nama-keluarga	1	tidak
Aldrian	orang:nama-keluarga	1	tidak
Prihardika	orang:nama-keluarga	1	tidak
Marwah	orang:nama-keluarga	1	ya
Syaikah	orang:nama-keluarga	1	tidak
Wardani	orang:nama-keluarga	1	tidak
Carnando	orang:nama-keluarga	1	tidak
Jamil	orang:nama-keluarga	1	ya
Pierngadi	orang:nama-keluarga	1	tidak
Shahab	orang:nama-keluarga	1	tidak
Marthin	orang:nama-keluarga	1	tidak
Gerung	orang:nama-keluarga	1	ya
van Bronckhorst	orang:nama-keluarga	1	tidak
Hargiono	orang:nama-keluarga	1	tidak
Oktila	orang:nama-keluarga	1	tidak
Annisa	orang:nama-keluarga	1	tidak
Desta	orang:nama-keluarga	1	tidak
Kruyt	orang:nama-keluarga	1	tidak
Cindiani	orang:nama-keluarga	1	tidak
Rahmi	orang:nama-keluarga	1	tidak
Haque	orang:nama-keluarga	1	tidak
Cull	orang:nama-keluarga	1	tidak
De Lima	orang:nama-keluarga	1	tidak
Fikri	orang:nama-keluarga	1	tidak
Zain	orang:nama-keluarga	1	tidak
Murid	orang:nama-keluarga	1	ya
Rayner	orang:nama-keluarga	1	tidak
Hariawan	orang:nama-keluarga	1	tidak
Matali	orang:nama-keluarga	1	tidak
Djiwandono	orang:nama-keluarga	1	tidak
Marlon	orang:nama-keluarga	1	tidak
Pandu	orang:nama-keluarga	1	ya
Ghaniyu	orang:nama-keluarga	1	tidak
Fernardin	orang:nama-keluarga	1	tidak
Sugimin	orang:nama-keluarga	1	tidak
Azizan	orang:nama-keluarga	1	tidak
Jolly	orang:nama-keluarga	1	tidak
Irvannaldy	orang:nama-keluarga	1	tidak
Sapta	orang:nama-keluarga	1	ya
Ramadhany	orang:nama-keluarga	1	tidak
Darajat	orang:nama-keluarga	1	tidak
Gustiawan	orang:nama-keluarga	1	tidak
Khairunnisa	orang:nama-keluarga	1	tidak
Rosita	orang:nama-keluarga	1	tidak
Allan	orang:nama-keluarga	1	tidak
Ningrum	orang:nama-keluarga	1	tidak
Berata	orang:nama-keluarga	1	tidak
Jayanti	orang:nama-keluarga	1	tidak
Rohman	orang:nama-keluarga	1	tidak
Sumarsono	orang:nama-keluarga	1	tidak
Burhanuddin	orang:nama-keluarga	1	tidak
Firdaus	orang:nama-keluarga	1	ya
Sulistio	orang:nama-keluarga	1	tidak
Anrimusthi	orang:nama-keluarga	1	tidak
Purwasito	orang:nama-keluarga	1	tidak
Rosi	orang:nama-keluarga	1	tidak
Naon	orang:nama-keluarga	1	tidak
Maulid	orang:nama-keluarga	1	ya
Moosa	orang:nama-keluarga	1	tidak
Zayn	orang:nama-keluarga	1	tidak
Iqbal	orang:nama-keluarga	1	tidak
Rafa	orang:nama-keluarga	1	tidak
Sinambela	orang:nama-keluarga	1	tidak
Reijnders	orang:nama-keluarga	1	tidak
Permatahani	orang:nama-keluarga	1	tidak
Coldenhoff	orang:nama-keluarga	1	tidak
Rumokoy	orang:nama-keluarga	1	tidak
Okta	orang:nama-keluarga	1	tidak
James	orang:nama-keluarga	1	tidak
Muchlis	orang:nama-keluarga	1	tidak
Margarétha	orang:nama-keluarga	1	tidak
Thomson	orang:nama-keluarga	1	tidak
Hilgers	orang:nama-keluarga	1	tidak
Nila	orang:nama-keluarga	1	ya
Franklin	orang:nama-keluarga	1	tidak
De Beule	orang:nama-keluarga	1	tidak
Paku Alam III	orang:nama-keluarga	1	tidak
Hilli	orang:nama-keluarga	1	tidak
Arni	orang:nama-keluarga	1	tidak
Hue	orang:nama-keluarga	1	tidak
Pattirane	orang:nama-keluarga	1	tidak
Joni	orang:nama-keluarga	1	tidak
Daguise	orang:nama-keluarga	1	tidak
Due	orang:nama-keluarga	1	tidak
Budhijanto	orang:nama-keluarga	1	tidak
Ebisawa	orang:nama-keluarga	1	tidak
Judge	orang:nama-keluarga	1	tidak
Alawiyyin	orang:nama-keluarga	1	tidak
Beno	orang:nama-keluarga	1	tidak
Miantoro	orang:nama-keluarga	1	tidak
Dhanriano	orang:nama-keluarga	1	tidak
Antasari	orang:nama-keluarga	1	tidak
Suryanto	orang:nama-keluarga	1	tidak
Sadiyah	orang:nama-keluarga	1	tidak
Rukaendi	orang:nama-keluarga	1	tidak
Rama	orang:nama-keluarga	1	ya
Arumni	orang:nama-keluarga	1	tidak
Baun	orang:nama-keluarga	1	ya
Armanto	orang:nama-keluarga	1	tidak
Ahman	orang:nama-keluarga	1	tidak
Salmi	orang:nama-keluarga	1	tidak
Sultan	orang:nama-keluarga	1	ya
Witjaksono	orang:nama-keluarga	1	tidak
Rogi	orang:nama-keluarga	1	tidak
Yap	orang:nama-keluarga	1	tidak
Clay	orang:nama-keluarga	1	tidak
Kwee	orang:nama-keluarga	1	tidak
Rahmasari	orang:nama-keluarga	1	tidak
Aurien	orang:nama-keluarga	1	tidak
Theng	orang:nama-keluarga	1	tidak
Nio	orang:nama-keluarga	1	tidak
Pangersa	orang:nama-keluarga	1	tidak
Quryantin	orang:nama-keluarga	1	tidak
Kumara	orang:nama-keluarga	1	tidak
Tira	orang:nama-keluarga	1	tidak
Lay	orang:nama-keluarga	1	tidak
Kurnia	orang:nama-keluarga	1	tidak
Tedjakusuma	orang:nama-keluarga	1	tidak
Bisri	orang:nama-keluarga	1	tidak
Subakti	orang:nama-keluarga	1	tidak
Mahardi	orang:nama-keluarga	1	tidak
Suprayogi	orang:nama-keluarga	1	tidak
Cupu	orang:nama-keluarga	1	ya
Harya	orang:nama-keluarga	1	tidak
Herlin	orang:nama-keluarga	1	tidak
Adriyana	orang:nama-keluarga	1	tidak
Nawangwulan	orang:nama-keluarga	1	tidak
See	orang:nama-keluarga	1	tidak
Dartagnan	orang:nama-keluarga	1	tidak
Alwi	orang:nama-keluarga	1	tidak
Pribadi	orang:nama-keluarga	1	ya
Gustaman	orang:nama-keluarga	1	tidak
Gucci	orang:nama-keluarga	1	tidak
Stevany	orang:nama-keluarga	1	tidak
Sultana	orang:nama-keluarga	1	tidak
Ramlie	orang:nama-keluarga	1	tidak
Karang	orang:nama-keluarga	1	ya
Gascaro	orang:nama-keluarga	1	tidak
Kobak	orang:nama-keluarga	1	ya
Effendi	orang:nama-keluarga	1	tidak
Ardi	orang:nama-keluarga	1	ya
Brosnan	orang:nama-keluarga	1	tidak
Hutomo	orang:nama-keluarga	1	tidak
Elsadai	orang:nama-keluarga	1	tidak
Angouw	orang:nama-keluarga	1	tidak
Dalil	orang:nama-keluarga	1	ya
Leba	orang:nama-keluarga	1	tidak
da Silva	orang:nama-keluarga	1	tidak
Tavares	orang:nama-keluarga	1	tidak
Kasenda	orang:nama-keluarga	1	tidak
Djobo	orang:nama-keluarga	1	tidak
McKenna	orang:nama-keluarga	1	tidak
Harty	orang:nama-keluarga	1	tidak
Warman	orang:nama-keluarga	1	tidak
Levronka	orang:nama-keluarga	1	tidak
Kazama	orang:nama-keluarga	1	tidak
Arauna	orang:nama-keluarga	1	tidak
Ayadi	orang:nama-keluarga	1	tidak
Babay	orang:nama-keluarga	1	tidak
Coscina	orang:nama-keluarga	1	tidak
Salomon	orang:nama-keluarga	1	tidak
Arslan	orang:nama-keluarga	1	tidak
Charles	orang:nama-keluarga	1	tidak
Saputo	orang:nama-keluarga	1	tidak
Monod	orang:nama-keluarga	1	tidak
Sumera	orang:nama-keluarga	1	tidak
Moravia	orang:nama-keluarga	1	tidak
Mering	orang:nama-keluarga	1	ya
Azisi	orang:nama-keluarga	1	tidak
Lewerissa	orang:nama-keluarga	1	tidak
Mabel	orang:nama-keluarga	1	tidak
Samson	orang:nama-keluarga	1	tidak
Behman	orang:nama-keluarga	1	tidak
Robo	orang:nama-keluarga	1	tidak
Bwefar	orang:nama-keluarga	1	tidak
Marisca	orang:nama-keluarga	1	tidak
Talani	orang:nama-keluarga	1	tidak
Nugraheni	orang:nama-keluarga	1	tidak
Berentz	orang:nama-keluarga	1	tidak
Andrino	orang:nama-keluarga	1	tidak
Zhu	orang:nama-keluarga	1	tidak
Botan	orang:nama-keluarga	1	tidak
Edelényi	orang:nama-keluarga	1	tidak
Zell	orang:nama-keluarga	1	tidak
Sunaryo	orang:nama-keluarga	1	tidak
Colondam	orang:nama-keluarga	1	tidak
Joe	orang:nama-keluarga	1	tidak
Demin	orang:nama-keluarga	1	tidak
Neefe	orang:nama-keluarga	1	tidak
Lokita	orang:nama-keluarga	1	tidak
Stögmüller	orang:nama-keluarga	1	tidak
Buton	orang:nama-keluarga	1	ya
Saad	orang:nama-keluarga	1	tidak
McGuire	orang:nama-keluarga	1	tidak
Schmitz	orang:nama-keluarga	1	tidak
Asher	orang:nama-keluarga	1	tidak
Wi	orang:nama-keluarga	1	tidak
Farhan	orang:nama-keluarga	1	tidak
Alhasny	orang:nama-keluarga	1	tidak
Priyanti	orang:nama-keluarga	1	tidak
Syakuroh	orang:nama-keluarga	1	tidak
Regus	orang:nama-keluarga	1	tidak
Gianto	orang:nama-keluarga	1	tidak
Nadia	orang:nama-keluarga	1	tidak
Iwasaki	orang:nama-keluarga	1	tidak
Majid	orang:nama-keluarga	1	tidak
Saut	orang:nama-keluarga	1	ya
Marcellyno	orang:nama-keluarga	1	tidak
Handoyo	orang:nama-keluarga	1	tidak
Erwiansyah	orang:nama-keluarga	1	tidak
Rahma	orang:nama-keluarga	1	tidak
Rindorindo	orang:nama-keluarga	1	tidak
Nurhidayah	orang:nama-keluarga	1	tidak
Ramanda	orang:nama-keluarga	1	ya
Dania	orang:nama-keluarga	1	tidak
Ferdinansyah	orang:nama-keluarga	1	tidak
Fatetani	orang:nama-keluarga	1	tidak
Al Mushira	orang:nama-keluarga	1	tidak
Asharunnisa	orang:nama-keluarga	1	tidak
Setianingrum	orang:nama-keluarga	1	tidak
Fatasya	orang:nama-keluarga	1	tidak
Larissa	orang:nama-keluarga	1	tidak
Komar	orang:nama-keluarga	1	tidak
Ansari	orang:nama-keluarga	1	ya
Zaman	orang:nama-keluarga	1	ya
Hidayatullah	orang:nama-keluarga	1	tidak
Diaz	orang:nama-keluarga	1	tidak
Indra	orang:nama-keluarga	1	ya
Pranata	orang:nama-keluarga	1	ya
Marvino	orang:nama-keluarga	1	tidak
Sumedi	orang:nama-keluarga	1	tidak
Farahnailah	orang:nama-keluarga	1	tidak
Imran	orang:nama-keluarga	1	tidak
Salman	orang:nama-keluarga	1	tidak
Mariani	orang:nama-keluarga	1	tidak
Oen	orang:nama-keluarga	1	tidak
Pouw	orang:nama-keluarga	1	tidak
Su	orang:nama-keluarga	1	tidak
Bodo	orang:nama-keluarga	1	tidak
Arfa	orang:nama-keluarga	1	tidak
Wattimena	orang:nama-keluarga	1	tidak
Gabriella	orang:nama-keluarga	1	tidak
Maxwell	orang:nama-keluarga	1	tidak
Gulo	orang:nama-keluarga	1	tidak
Selamet	orang:nama-keluarga	1	tidak
Royan	orang:nama-keluarga	1	ya
Suarna	orang:nama-keluarga	1	tidak
Trisunaryanti	orang:nama-keluarga	1	tidak
Corla	orang:nama-keluarga	1	tidak
Husnia	orang:nama-keluarga	1	tidak
Prasista	orang:nama-keluarga	1	tidak
Ellemers	orang:nama-keluarga	1	tidak
Scorpio	orang:nama-keluarga	1	tidak
Eben	orang:nama-keluarga	1	tidak
Pearce	orang:nama-keluarga	1	tidak
Carlson	orang:nama-keluarga	1	tidak
Listyanto	orang:nama-keluarga	1	tidak
Amran	orang:nama-keluarga	1	tidak
Pierre-Louis	orang:nama-keluarga	1	tidak
Sudiana	orang:nama-keluarga	1	tidak
Purba	orang:nama-keluarga	1	ya
Mubarak	orang:nama-keluarga	1	ya
Sianturi	orang:nama-keluarga	1	tidak
Groeneveld	orang:nama-keluarga	1	tidak
Martogi	orang:nama-keluarga	1	tidak
Siburian	orang:nama-keluarga	1	tidak
Sadat	orang:nama-keluarga	1	tidak
Yadin	orang:nama-keluarga	1	tidak
Patta	orang:nama-keluarga	1	tidak
Nurhabibullah	orang:nama-keluarga	1	tidak
Mayang	orang:nama-keluarga	1	ya
Pollok	orang:nama-keluarga	1	tidak
Liman	orang:nama-keluarga	1	ya
Hanks	orang:nama-keluarga	1	tidak
Nuraini	orang:nama-keluarga	1	tidak
Mei	orang:nama-keluarga	1	ya
Dahl	orang:nama-keluarga	1	tidak
Nipa	orang:nama-keluarga	1	tidak
Limardi	orang:nama-keluarga	1	tidak
Desi	orang:nama-keluarga	1	tidak
Astuti	orang:nama-keluarga	1	tidak
He	orang:nama-keluarga	1	ya
http://www.wikidata.org/.well-known/genid/8a76d715800e6221391380abf1f9103e	orang:nama-keluarga	1	tidak
Laurent	orang:nama-keluarga	1	tidak
Nita	orang:nama-keluarga	1	tidak
Idah	orang:nama-keluarga	1	ya
Mallarangeng	orang:nama-keluarga	1	tidak
Soares	orang:nama-keluarga	1	tidak
de Carvalho	orang:nama-keluarga	1	tidak
da Cunha	orang:nama-keluarga	1	tidak
Ariff	orang:nama-keluarga	1	tidak
Sanjaya	orang:nama-keluarga	1	tidak
Yuliarto	orang:nama-keluarga	1	tidak
Dharmadi	orang:nama-keluarga	1	tidak
Hamiseno	orang:nama-keluarga	1	tidak
Jovita	orang:nama-keluarga	1	tidak
Setya	orang:nama-keluarga	1	tidak
Machsunnah	orang:nama-keluarga	1	tidak
Surbakti	orang:nama-keluarga	1	tidak
Feriyanto	orang:nama-keluarga	1	tidak
Swastika	orang:nama-keluarga	1	ya
Masela	orang:nama-keluarga	1	tidak
Eriawan	orang:nama-keluarga	1	tidak
Caycho	orang:nama-keluarga	1	tidak
Canchanya	orang:nama-keluarga	1	tidak
Guslina	orang:nama-keluarga	1	tidak
Parapat	orang:nama-keluarga	1	tidak
Kumalasari	orang:nama-keluarga	1	tidak
Lianawati	orang:nama-keluarga	1	tidak
Abela	orang:nama-keluarga	1	tidak
Paremnas	orang:nama-keluarga	1	tidak
Sukiman	orang:nama-keluarga	1	tidak
Sompie	orang:nama-keluarga	1	tidak
Arifah	orang:nama-keluarga	1	tidak
Karmila	orang:nama-keluarga	1	tidak
Sumito	orang:nama-keluarga	1	tidak
Mutiara	orang:nama-keluarga	1	ya
Eka	orang:nama-keluarga	1	tidak
Naqiyyah	orang:nama-keluarga	1	tidak
Paoki	orang:nama-keluarga	1	tidak
Yuanda	orang:nama-keluarga	1	tidak
Zaenudin	orang:nama-keluarga	1	tidak
Junita	orang:nama-keluarga	1	tidak
Himawan	orang:nama-keluarga	1	tidak
Faradilla	orang:nama-keluarga	1	tidak
Onibala	orang:nama-keluarga	1	tidak
Eko	orang:nama-keluarga	1	tidak
Junaedi	orang:nama-keluarga	1	tidak
Moreno	orang:nama-keluarga	1	tidak
Mailova	orang:nama-keluarga	1	tidak
Sejati	orang:nama-keluarga	1	ya
Kiazen	orang:nama-keluarga	1	tidak
Handoko	orang:nama-keluarga	1	tidak
Alviani	orang:nama-keluarga	1	tidak
Leonila	orang:nama-keluarga	1	tidak
Matiho	orang:nama-keluarga	1	tidak
Proklanomi	orang:nama-keluarga	1	tidak
Rumambi	orang:nama-keluarga	1	tidak
Amalia	orang:nama-keluarga	1	tidak
Wikajaya	orang:nama-keluarga	1	tidak
Ngadien	orang:nama-keluarga	1	tidak
Prawesti	orang:nama-keluarga	1	tidak
Gondo	orang:nama-keluarga	1	tidak
Kusumo	orang:nama-keluarga	1	tidak
Ip	orang:nama-keluarga	1	tidak
Oktavia	orang:nama-keluarga	1	tidak
Riswandi	orang:nama-keluarga	1	tidak
Yuniar	orang:nama-keluarga	1	tidak
Mamahit	orang:nama-keluarga	1	tidak
Tanuwijaya	orang:nama-keluarga	1	tidak
Anggai	orang:nama-keluarga	1	ya
Insani	orang:nama-keluarga	1	ya
Tutiharta	orang:nama-keluarga	1	tidak
Sandia	orang:nama-keluarga	1	tidak
Lukmansyah	orang:nama-keluarga	1	tidak
Crump	orang:nama-keluarga	1	tidak
Kandou	orang:nama-keluarga	1	tidak
Umam	orang:nama-keluarga	1	tidak
May	orang:nama-keluarga	1	tidak
Dion	orang:nama-keluarga	1	tidak
Yudistira	orang:nama-keluarga	1	tidak
Schwarz	orang:nama-keluarga	1	tidak
Darwanto	orang:nama-keluarga	1	tidak
Albani	orang:nama-keluarga	1	tidak
Bije	orang:nama-keluarga	1	tidak
Duni	orang:nama-keluarga	1	tidak
Arfiansyah	orang:nama-keluarga	1	tidak
Ayus	orang:nama-keluarga	1	tidak
Radjasa	orang:nama-keluarga	1	tidak
Bungi	orang:nama-keluarga	1	tidak
Romadhon	orang:nama-keluarga	1	tidak
Whardana	orang:nama-keluarga	1	tidak
Negara	orang:nama-keluarga	1	ya
Rayhan	orang:nama-keluarga	1	tidak
Laut	orang:nama-keluarga	1	ya
Baru	orang:nama-keluarga	1	ya
Münz	orang:nama-keluarga	1	tidak
Marini	orang:nama-keluarga	1	tidak
Prathama	orang:nama-keluarga	1	tidak
Oratmangun	orang:nama-keluarga	1	tidak
Helmy	orang:nama-keluarga	1	tidak
Latumeten	orang:nama-keluarga	1	tidak
Sentot	orang:nama-keluarga	1	tidak
Setiadikara	orang:nama-keluarga	1	tidak
Joaquin	orang:nama-keluarga	1	tidak
Mohidin	orang:nama-keluarga	1	tidak
Hendry	orang:nama-keluarga	1	tidak
Herliem	orang:nama-keluarga	1	tidak
Kumala-Dewi	orang:nama-keluarga	1	tidak
Safian	orang:nama-keluarga	1	tidak
Tjokaykie	orang:nama-keluarga	1	tidak
Karen	orang:nama-keluarga	1	tidak
Orville	orang:nama-keluarga	1	tidak
Wiyatno	orang:nama-keluarga	1	tidak
Djundy	orang:nama-keluarga	1	tidak
Verbrugge	orang:nama-keluarga	1	tidak
Munggaran	orang:nama-keluarga	1	tidak
Faza	orang:nama-keluarga	1	tidak
Aswani	orang:nama-keluarga	1	tidak
van der Sloot	orang:nama-keluarga	1	tidak
Bulahari	orang:nama-keluarga	1	tidak
Colin	orang:nama-keluarga	1	tidak
Erga	orang:nama-keluarga	1	tidak
Louis	orang:nama-keluarga	1	tidak
Christiana	orang:nama-keluarga	1	tidak
Patrick	orang:nama-keluarga	1	tidak
Hans	orang:nama-keluarga	1	tidak
Robert	orang:nama-keluarga	1	tidak
Nathan	orang:nama-keluarga	1	tidak
Nikolas	orang:nama-keluarga	1	tidak
Giani	orang:nama-keluarga	1	tidak
Amartya	orang:nama-keluarga	1	tidak
Wijaksana	orang:nama-keluarga	1	tidak
Damayani	orang:nama-keluarga	1	tidak
Anggraeni	orang:nama-keluarga	1	tidak
Indriani	orang:nama-keluarga	1	tidak
Deny	orang:nama-keluarga	1	tidak
Parmenas	orang:nama-keluarga	1	tidak
Shabillah	orang:nama-keluarga	1	tidak
Adistra	orang:nama-keluarga	1	tidak
Pereira	orang:nama-keluarga	1	tidak
Agustianti	orang:nama-keluarga	1	tidak
Aida	orang:nama-keluarga	1	tidak
Susilawati	orang:nama-keluarga	1	tidak
Vierman	orang:nama-keluarga	1	tidak
Mantouw	orang:nama-keluarga	1	tidak
Sutarman	orang:nama-keluarga	1	tidak
Mayoan	orang:nama-keluarga	1	tidak
Wear	orang:nama-keluarga	1	tidak
Liwongan	orang:nama-keluarga	1	tidak
Winoto	orang:nama-keluarga	1	tidak
Resmi	orang:nama-keluarga	1	ya
Maya	orang:nama-keluarga	1	ya
Hastuti	orang:nama-keluarga	1	tidak
Andreti	orang:nama-keluarga	1	tidak
Mubarokah	orang:nama-keluarga	1	tidak
Candani	orang:nama-keluarga	1	tidak
Stewart	orang:nama-keluarga	1	tidak
Rahardja	orang:nama-keluarga	1	tidak
Sitopu	orang:nama-keluarga	1	tidak
Umamah	orang:nama-keluarga	1	tidak
Mantik	orang:nama-keluarga	1	ya
Bolang	orang:nama-keluarga	1	tidak
Pasek	orang:nama-keluarga	1	tidak
Gede	orang:nama-keluarga	1	ya
Ekayana	orang:nama-keluarga	1	tidak
Danu	orang:nama-keluarga	1	tidak
Dimas	orang:nama-keluarga	1	tidak
Ramadani	orang:nama-keluarga	1	tidak
Soka	orang:nama-keluarga	1	ya
Ersa	orang:nama-keluarga	1	tidak
Herloardjo	orang:nama-keluarga	1	tidak
Ivyana	orang:nama-keluarga	1	tidak
Ogn	orang:nama-keluarga	1	tidak
Imelda	orang:nama-keluarga	1	tidak
Wahyuningrum	orang:nama-keluarga	1	tidak
Desiderianti	orang:nama-keluarga	1	tidak
Heni	orang:nama-keluarga	1	tidak
Suhairuddin	orang:nama-keluarga	1	tidak
Asela	orang:nama-keluarga	1	tidak
Mufida	orang:nama-keluarga	1	tidak
Arissanti	orang:nama-keluarga	1	tidak
Amiradana	orang:nama-keluarga	1	tidak
Augustia	orang:nama-keluarga	1	tidak
Cahayawati	orang:nama-keluarga	1	tidak
Ade	orang:nama-keluarga	1	tidak
Teneh	orang:nama-keluarga	1	tidak
Fevta	orang:nama-keluarga	1	tidak
Zita	orang:nama-keluarga	1	tidak
Ray	orang:nama-keluarga	1	tidak
Fernanda	orang:nama-keluarga	1	tidak
Wati	orang:nama-keluarga	1	tidak
Tiara	orang:nama-keluarga	1	ya
Sudarto	orang:nama-keluarga	1	tidak
Koba	orang:nama-keluarga	1	tidak
Gagola	orang:nama-keluarga	1	tidak
Askar	orang:nama-keluarga	1	ya
Suryana	orang:nama-keluarga	1	tidak
Joice	orang:nama-keluarga	1	tidak
Hutagalung	orang:nama-keluarga	1	tidak
Nanda	orang:nama-keluarga	1	ya
Dewagraha	orang:nama-keluarga	1	tidak
Rosana	orang:nama-keluarga	1	tidak
Hadisaputra	orang:nama-keluarga	1	tidak
Yamin	orang:nama-keluarga	1	tidak
Tangka	orang:nama-keluarga	1	tidak
Subagio	orang:nama-keluarga	1	tidak
Chapman	orang:nama-keluarga	1	tidak
Browning	orang:nama-keluarga	1	tidak
Bustomi	orang:nama-keluarga	1	tidak
Shujiwo	orang:nama-keluarga	1	tidak
Carrisia	orang:nama-keluarga	1	tidak
Al Fajri	orang:nama-keluarga	1	tidak
Nabawi	orang:nama-keluarga	1	tidak
Gotama	orang:nama-keluarga	1	tidak
Kamila	orang:nama-keluarga	1	tidak
Nurtertiati	orang:nama-keluarga	1	tidak
Bahri	orang:nama-keluarga	1	tidak
Fitria	orang:nama-keluarga	1	tidak
Al Farizi	orang:nama-keluarga	1	tidak
Monteiro	orang:nama-keluarga	1	tidak
Rismawardani	orang:nama-keluarga	1	tidak
Triansyah	orang:nama-keluarga	1	tidak
Widjanarko	orang:nama-keluarga	1	tidak
Suhud	orang:nama-keluarga	1	tidak
Elias	orang:nama-keluarga	1	tidak
Nurwahyudi	orang:nama-keluarga	1	tidak
Wijayanto	orang:nama-keluarga	1	tidak
Kaemingk	orang:nama-keluarga	1	tidak
Metri	orang:nama-keluarga	1	tidak
Undang	orang:nama-keluarga	1	ya
Zailani	orang:nama-keluarga	1	tidak
Irzani	orang:nama-keluarga	1	tidak
Nirul	orang:nama-keluarga	1	tidak
Firbaya	orang:nama-keluarga	1	tidak
Arling	orang:nama-keluarga	1	tidak
Ariadi	orang:nama-keluarga	1	tidak
Chay	orang:nama-keluarga	1	tidak
Zakir	orang:nama-keluarga	1	tidak
Al-Barzanjī	orang:nama-keluarga	1	tidak
Subagyo	orang:nama-keluarga	1	tidak
Krohn	orang:nama-keluarga	1	tidak
Maryati	orang:nama-keluarga	1	tidak
Pakaenoni	orang:nama-keluarga	1	tidak
Barrett	orang:nama-keluarga	1	tidak
Sidabutar	orang:nama-keluarga	1	tidak
Yani	orang:nama-keluarga	1	tidak
Haning	orang:nama-keluarga	1	tidak
Omara	orang:nama-keluarga	1	tidak
Widyanto	orang:nama-keluarga	1	tidak
Khoiriyansyah	orang:nama-keluarga	1	tidak
Saffana	orang:nama-keluarga	1	tidak
Leander	orang:nama-keluarga	1	tidak
Ubaidillah	orang:nama-keluarga	1	tidak
Aurelius	orang:nama-keluarga	1	tidak
Ashardi	orang:nama-keluarga	1	tidak
Hasya	orang:nama-keluarga	1	tidak
Duta	orang:nama-keluarga	1	ya
Richardo	orang:nama-keluarga	1	tidak
Darma	orang:nama-keluarga	1	ya
Baryadi	orang:nama-keluarga	1	tidak
Aderya	orang:nama-keluarga	1	tidak
Meida	orang:nama-keluarga	1	tidak
Nastine	orang:nama-keluarga	1	tidak
Az-Zahra	orang:nama-keluarga	1	tidak
Muhamad	orang:nama-keluarga	1	tidak
Audi	orang:nama-keluarga	1	tidak
Zijlstra	orang:nama-keluarga	1	tidak
Jiang	orang:nama-keluarga	1	tidak
Fennert	orang:nama-keluarga	1	tidak
Rossedy	orang:nama-keluarga	1	tidak
Setyawan	orang:nama-keluarga	1	tidak
Labib	orang:nama-keluarga	1	tidak
Kriswanto	orang:nama-keluarga	1	tidak
Hasugian	orang:nama-keluarga	1	tidak
Leksono	orang:nama-keluarga	1	tidak
Triwibowo	orang:nama-keluarga	1	tidak
Suratmo	orang:nama-keluarga	1	tidak
Stalin	orang:nama-keluarga	1	tidak
Hopper	orang:nama-keluarga	1	tidak
Dwiantoro	orang:nama-keluarga	1	tidak
Januar	orang:nama-keluarga	1	tidak
Musa	orang:nama-keluarga	1	tidak
Afni	orang:nama-keluarga	1	tidak
Laili	orang:nama-keluarga	1	tidak
Pambodi	orang:nama-keluarga	1	tidak
Senatria	orang:nama-keluarga	1	tidak
Sartono	orang:nama-keluarga	1	tidak
Dewangga	orang:nama-keluarga	1	ya
Taisir	orang:nama-keluarga	1	tidak
Afwanil	orang:nama-keluarga	1	tidak
Nurrohkhim	orang:nama-keluarga	1	tidak
Deanika	orang:nama-keluarga	1	tidak
Masri	orang:nama-keluarga	1	tidak
Taufik	orang:nama-keluarga	1	ya
Mauthuthihona	orang:nama-keluarga	1	tidak
Wulanda	orang:nama-keluarga	1	tidak
Zerlina	orang:nama-keluarga	1	tidak
Syafiya	orang:nama-keluarga	1	tidak
Lumoindong	orang:nama-keluarga	1	tidak
Shua	orang:nama-keluarga	1	tidak
Berry	orang:nama-keluarga	1	tidak
Limbowo	orang:nama-keluarga	1	tidak
Elohim	orang:nama-keluarga	1	tidak
Haryadi	orang:nama-keluarga	1	tidak
Sadewa	orang:nama-keluarga	1	tidak
Chendrawinata	orang:nama-keluarga	1	tidak
Mamonto	orang:nama-keluarga	1	tidak
Nicolas	orang:nama-keluarga	1	tidak
Widayat	orang:nama-keluarga	1	tidak
Hariyansyah	orang:nama-keluarga	1	tidak
Irwana	orang:nama-keluarga	1	tidak
Sim	orang:nama-keluarga	1	ya
Jolanov	orang:nama-keluarga	1	tidak
Lanora	orang:nama-keluarga	1	tidak
Foeh	orang:nama-keluarga	1	tidak
Istanto	orang:nama-keluarga	1	tidak
Yogia	orang:nama-keluarga	1	ya
Mairera	orang:nama-keluarga	1	tidak
Sensa	orang:nama-keluarga	1	tidak
Usmani	orang:nama-keluarga	1	tidak
Andela	orang:nama-keluarga	1	tidak
Adifta	orang:nama-keluarga	1	tidak
Purwanatadinata	orang:nama-keluarga	1	tidak
Setiyoningsih	orang:nama-keluarga	1	tidak
Suhana	orang:nama-keluarga	1	tidak
Cannavaro	orang:nama-keluarga	1	tidak
Retnowati	orang:nama-keluarga	1	tidak
Moeljati	orang:nama-keluarga	1	tidak
Kaeksi	orang:nama-keluarga	1	tidak
Maqdis	orang:nama-keluarga	1	tidak
Wiraya	orang:nama-keluarga	1	tidak
S.	orang:nama-keluarga	1	tidak
Wiryawan	orang:nama-keluarga	1	tidak
Florencya	orang:nama-keluarga	1	tidak
Sabrina	orang:nama-keluarga	1	tidak
Sukoputri	orang:nama-keluarga	1	tidak
Elvany	orang:nama-keluarga	1	tidak
Hayati	orang:nama-keluarga	1	ya
Gunardi	orang:nama-keluarga	1	tidak
Windiasari	orang:nama-keluarga	1	tidak
Juventia	orang:nama-keluarga	1	tidak
Lukmanda	orang:nama-keluarga	1	tidak
Jofi	orang:nama-keluarga	1	tidak
Valenza	orang:nama-keluarga	1	tidak
Ardelia	orang:nama-keluarga	1	tidak
Syafira	orang:nama-keluarga	1	tidak
Aprillian	orang:nama-keluarga	1	tidak
Ayunidha	orang:nama-keluarga	1	tidak
Hardianti	orang:nama-keluarga	1	tidak
Cahyaning	orang:nama-keluarga	1	tidak
Martinelly	orang:nama-keluarga	1	tidak
Nareswari	orang:nama-keluarga	1	tidak
Arbitama	orang:nama-keluarga	1	tidak
Rosmini	orang:nama-keluarga	1	tidak
Rohmah	orang:nama-keluarga	1	tidak
Prayoga	orang:nama-keluarga	1	tidak
Ersalita	orang:nama-keluarga	1	tidak
Putrie	orang:nama-keluarga	1	tidak
Ayudis	orang:nama-keluarga	1	tidak
Alfarez	orang:nama-keluarga	1	tidak
Supendi	orang:nama-keluarga	1	tidak
Ulhaq	orang:nama-keluarga	1	tidak
Aninditya	orang:nama-keluarga	1	tidak
Rejeki	orang:nama-keluarga	1	ya
Hidayah	orang:nama-keluarga	1	ya
Andriani	orang:nama-keluarga	1	tidak
Riyadie	orang:nama-keluarga	1	tidak
Haditono	orang:nama-keluarga	1	tidak
Sandradewi	orang:nama-keluarga	1	tidak
Harlim	orang:nama-keluarga	1	tidak
Rahmani	orang:nama-keluarga	1	tidak
Mahesi	orang:nama-keluarga	1	tidak
Vyola	orang:nama-keluarga	1	tidak
Arumningtyas	orang:nama-keluarga	1	tidak
Wuisan	orang:nama-keluarga	1	tidak
Mesdila	orang:nama-keluarga	1	tidak
Wongkar	orang:nama-keluarga	1	tidak
Aksan	orang:nama-keluarga	1	tidak
Elo	orang:nama-keluarga	1	ya
Ratu	orang:nama-keluarga	1	ya
Landau	orang:nama-keluarga	1	ya
Faber	orang:nama-keluarga	1	tidak
Felix	orang:nama-keluarga	1	tidak
Pan	orang:nama-keluarga	1	ya
Tiba	orang:nama-keluarga	1	ya
Khubaib	orang:nama-keluarga	1	tidak
Mahfuz	orang:nama-keluarga	1	ya
Delvina	orang:nama-keluarga	1	tidak
Dias	orang:nama-keluarga	1	ya
Schramm	orang:nama-keluarga	1	tidak
Suli	orang:nama-keluarga	1	ya
Bakker	orang:nama-keluarga	1	tidak
Mustafa	orang:nama-keluarga	1	tidak
Sichar	orang:nama-keluarga	1	tidak
Repasi	orang:nama-keluarga	1	tidak
Rombe	orang:nama-keluarga	1	tidak
Mess	orang:nama-keluarga	1	tidak
Woge	orang:nama-keluarga	1	tidak
Ratih	orang:nama-keluarga	1	tidak
Gading	orang:nama-keluarga	1	ya
Puteri	orang:nama-keluarga	1	tidak
Hapsari	orang:nama-keluarga	1	tidak
Cahyadewi	orang:nama-keluarga	1	tidak
Vehrenica	orang:nama-keluarga	1	tidak
Budiani	orang:nama-keluarga	1	tidak
Syarafina	orang:nama-keluarga	1	tidak
Alifia	orang:nama-keluarga	1	tidak
Rinawati	orang:nama-keluarga	1	tidak
Gusti	orang:nama-keluarga	1	ya
Budianto	orang:nama-keluarga	1	tidak
Sitepu	orang:nama-keluarga	1	tidak
Eman	orang:nama-keluarga	1	tidak
Patria	orang:nama-keluarga	1	tidak
Gelly	orang:nama-keluarga	1	tidak
Murty	orang:nama-keluarga	1	tidak
