token	category	is_homograph	kbbi_pos	is_multi_word
aadijatmiko	orang:nama-depan	f		f
aanya	orang:nama-depan	f		f
aaron	orang:nama-depan	f		f
abab	wilayah:kabupaten-kota	f		f
abab	wilayah:kecamatan	f		f
abas	orang:nama-depan	f		f
abd	orang:nama-depan	f		f
abdel	orang:nama-depan	f		f
abdulhamid	orang:nama-depan	f		f
abdulkadir	orang:nama-depan	f		f
abdullah	orang:nama-depan	f		f
abdullah	orang:nama-keluarga	f		f
abdur	orang:nama-depan	f		f
abdurahman	orang:nama-depan	f		f
abdurahman	orang:nama-keluarga	f		f
abdurrahman	orang:nama-depan	f		f
abdussamad	orang:nama-keluarga	f		f
abel	orang:nama-depan	f		f
abela	orang:nama-keluarga	f		f
abeli	wilayah:kecamatan	f		f
abenaho	wilayah:kecamatan	f		f
abepura	wilayah:kecamatan	f		f
abiansemal	wilayah:kecamatan	f		f
abigail	orang:nama-depan	f		f
abimanyu	orang:nama-keluarga	f		f
abit	orang:nama-keluarga	f		f
abiyyu	orang:nama-depan	f		f
aboy	wilayah:kecamatan	f		f
abraham	orang:nama-depan	f		f
abraham	orang:nama-keluarga	f		f
abram	orang:nama-depan	f		f
abubakar	orang:nama-depan	f		f
abubakar	orang:nama-keluarga	f		f
abuki	wilayah:kecamatan	f		f
abun	wilayah:kecamatan	f		f
abung	wilayah:kecamatan	f		f
ace	orang:nama-depan	f		f
achiel	orang:nama-depan	f		f
achintya	orang:nama-depan	f		f
achmad	orang:nama-depan	f		f
adams	orang:nama-keluarga	f		f
ade	orang:nama-depan	f		f
ade	orang:nama-keluarga	f		f
adelaide	orang:nama-depan	f		f
adeleide	orang:nama-depan	f		f
adelia	orang:nama-depan	f		f
adelina	orang:nama-depan	f		f
adeline	orang:nama-depan	f		f
adelita	orang:nama-depan	f		f
aderya	orang:nama-keluarga	f		f
adhi	orang:nama-keluarga	f		f
adhwin	orang:nama-depan	f		f
adi	orang:nama-depan	f		f
adiankoting	wilayah:kecamatan	f		f
adianto	orang:nama-keluarga	f		f
adibroto	orang:nama-keluarga	f		f
adifta	orang:nama-keluarga	f		f
adiluwih	wilayah:kecamatan	f		f
adimulyo	wilayah:kecamatan	f		f
adinata	orang:nama-keluarga	f		f
adinegoro	orang:nama-keluarga	f		f
adipala	wilayah:kecamatan	f		f
adistia	orang:nama-keluarga	f		f
adistra	orang:nama-keluarga	f		f
aditiya	orang:nama-depan	f		f
aditya	orang:nama-depan	f		f
aditya	orang:nama-keluarga	f		f
adityawarman	orang:nama-keluarga	f		f
adiwerna	wilayah:kecamatan	f		f
adjie	orang:nama-depan	f		f
adli	orang:nama-depan	f		f
adlim	orang:nama-depan	f		f
adolf	orang:nama-depan	f		f
adolfina	orang:nama-depan	f		f
adonara	wilayah:kecamatan	f		f
adra	orang:nama-depan	f		f
adri	orang:nama-depan	f		f
adrian	orang:nama-depan	f		f
adrian	orang:nama-keluarga	f		f
adriana	orang:nama-depan	f		f
adriani	orang:nama-depan	f		f
adriani	orang:nama-keluarga	f		f
adriano	orang:nama-depan	f		f
adrianus	orang:nama-depan	f		f
adriel	orang:nama-depan	f		f
adrienne	orang:nama-depan	f		f
adriyana	orang:nama-keluarga	f		f
adriyanti	orang:nama-depan	f		f
adryan	orang:nama-depan	f		f
adventri	orang:nama-depan	f		f
aek	wilayah:kecamatan	f		f
aere	wilayah:kecamatan	f		f
aert	orang:nama-keluarga	f		f
aertembaga	wilayah:kecamatan	f		f
aesesa	wilayah:kecamatan	f		f
affan	orang:nama-depan	f		f
afgansyah	orang:nama-depan	f		f
afif	orang:nama-depan	f		f
afifah	orang:nama-depan	f		f
afilian	orang:nama-depan	f		f
afina	orang:nama-depan	f		f
afni	orang:nama-keluarga	f		f
afrizal	orang:nama-depan	f		f
afulu	wilayah:kecamatan	f		f
afwanil	orang:nama-keluarga	f		f
agandugume	wilayah:kecamatan	f		f
agani	orang:nama-keluarga	f		f
agatha	orang:nama-depan	f		f
agats	wilayah:kecamatan	f		f
aghisna	orang:nama-depan	f		f
aghnia	orang:nama-depan	f		f
agimuga	wilayah:kecamatan	f		f
agisiga	wilayah:kecamatan	f		f
agnes	orang:nama-depan	f		f
agnes	orang:nama-keluarga	f		f
agnesia	orang:nama-depan	f		f
agnia	orang:nama-depan	f		f
agrabinta	wilayah:kecamatan	f		f
agripina	orang:nama-depan	f		f
agusta	orang:nama-depan	f		f
agustianti	orang:nama-keluarga	f		f
agustiawati	orang:nama-keluarga	f		f
agustin	orang:nama-depan	f		f
agustinus	orang:nama-depan	f		f
agustinus	orang:nama-keluarga	f		f
ahmad	orang:nama-depan	f		f
ahmad	orang:nama-keluarga	f		f
ahman	orang:nama-keluarga	f		f
ahmed	orang:nama-depan	f		f
aida	orang:nama-depan	f		f
aida	orang:nama-keluarga	f		f
aidan	orang:nama-depan	f		f
aifat	wilayah:kecamatan	f		f
aikmel	wilayah:kecamatan	f		f
aiko	orang:nama-depan	f		f
aiman	orang:nama-depan	f		f
aimando	wilayah:kecamatan	f		f
aimas	wilayah:kecamatan	f		f
aimasi	wilayah:kecamatan	f		f
aimee	orang:nama-depan	f		f
aimere	wilayah:kecamatan	f		f
airgaram	wilayah:kecamatan	f		f
airgegas	wilayah:kecamatan	f		f
airmadidi	wilayah:kecamatan	f		f
airpura	wilayah:kecamatan	f		f
airu	wilayah:kecamatan	f		f
aischa	orang:nama-depan	f		f
aisha	orang:nama-depan	f		f
aisyah	orang:nama-depan	f		f
aitinyo	wilayah:kecamatan	f		f
ajangale	wilayah:kecamatan	f		f
ajib	orang:nama-depan	f		f
ajibarang	wilayah:kecamatan	f		f
ajibata	wilayah:kecamatan	f		f
ajish	orang:nama-depan	f		f
akabiluru	wilayah:kecamatan	f		f
akat	wilayah:kecamatan	f		f
akhdan	orang:nama-depan	f		f
akhmad	orang:nama-depan	f		f
akhsa	orang:nama-depan	f		f
akhsan	orang:nama-depan	f		f
akhyar	orang:nama-depan	f		f
akib	orang:nama-keluarga	f		f
aksan	orang:nama-keluarga	f		f
aladin	orang:nama-depan	f		f
alafan	wilayah:kecamatan	f		f
alalak	wilayah:kecamatan	f		f
alama	wilayah:kecamatan	f		f
alamsyah	orang:nama-depan	f		f
alan	orang:nama-depan	f		f
alana	orang:nama-depan	f		f
alanda	orang:nama-depan	f		f
alasa	wilayah:kecamatan	f		f
alatas	orang:nama-keluarga	f		f
alaudin	orang:nama-depan	f		f
alavi	orang:nama-keluarga	f		f
alawiyyin	orang:nama-keluarga	f		f
alayman	orang:nama-depan	f		f
albani	orang:nama-keluarga	f		f
albar	orang:nama-keluarga	f		f
albert	orang:nama-depan	f		f
alberta	orang:nama-depan	f		f
alberth	orang:nama-depan	f		f
albertina	orang:nama-depan	f		f
alberto	orang:nama-depan	f		f
albertus	orang:nama-depan	f		f
aldi	orang:nama-depan	f		f
aldiano	orang:nama-keluarga	f		f
aldiartama	orang:nama-keluarga	f		f
aldira	orang:nama-depan	f		f
aldo	orang:nama-depan	f		f
aldrian	orang:nama-keluarga	f		f
alemsom	wilayah:kecamatan	f		f
alessandra	orang:nama-depan	f		f
alessandro	orang:nama-depan	f		f
alessia	orang:nama-depan	f		f
aleta	orang:nama-depan	f		f
aletrino	orang:nama-keluarga	f		f
alex	orang:nama-depan	f		f
alexa	orang:nama-keluarga	f		f
alexander	orang:nama-depan	f		f
alexandra	orang:nama-depan	f		f
alexis	orang:nama-depan	f		f
alexius	orang:nama-depan	f		f
alfandy	orang:nama-depan	f		f
alfarez	orang:nama-keluarga	f		f
alfia	orang:nama-depan	f		f
alfian	orang:nama-depan	f		f
alfian	orang:nama-keluarga	f		f
alfiansyah	orang:nama-depan	f		f
alfira	orang:nama-depan	f		f
alfons	orang:nama-depan	f		f
alfonso	orang:nama-keluarga	f		f
alfred	orang:nama-depan	f		f
alhasny	orang:nama-keluarga	f		f
alia	orang:nama-depan	f		f
alia	orang:nama-keluarga	f		f
alian	wilayah:kecamatan	f		f
alice	orang:nama-depan	f		f
alicia	orang:nama-depan	f		f
alida	orang:nama-depan	f		f
alief	orang:nama-depan	f		f
alifa	orang:nama-depan	f		f
alifia	orang:nama-depan	f		f
alifia	orang:nama-keluarga	f		f
aline	orang:nama-depan	f		f
alinka	orang:nama-depan	f		f
alisia	orang:nama-depan	f		f
alissa	orang:nama-depan	f		f
aliya	orang:nama-depan	f		f
alkadrie	orang:nama-keluarga	f		f
alla	wilayah:kecamatan	f		f
allan	orang:nama-depan	f		f
allan	orang:nama-keluarga	f		f
allessya	orang:nama-depan	f		f
allu	wilayah:kecamatan	f		f
alma	orang:nama-depan	f		f
almaira	orang:nama-depan	f		f
alok	wilayah:kecamatan	f		f
alom	orang:nama-keluarga	f		f
aloysius	orang:nama-depan	f		f
alriani	orang:nama-keluarga	f		f
alrie	orang:nama-depan	f		f
aluang	wilayah:kecamatan	f		f
aluh	wilayah:kecamatan	f		f
alvaro	orang:nama-depan	f		f
alvent	orang:nama-depan	f		f
alverino	orang:nama-depan	f		f
alviani	orang:nama-keluarga	f		f
alvin	orang:nama-depan	f		f
alvin	orang:nama-keluarga	f		f
alvira	orang:nama-depan	f		f
alwi	orang:nama-depan	f		f
alwi	orang:nama-keluarga	f		f
alya	orang:nama-depan	f		f
alysa	orang:nama-depan	f		f
alyssa	orang:nama-depan	f		f
amabel	orang:nama-depan	f		f
amabi	wilayah:kecamatan	f		f
amadeus	orang:nama-depan	f		f
amahai	wilayah:kecamatan	f		f
amalatu	wilayah:kecamatan	f		f
amali	wilayah:kecamatan	f		f
amalia	orang:nama-depan	f		f
amalia	orang:nama-keluarga	f		f
amalina	orang:nama-depan	f		f
amallia	orang:nama-depan	f		f
amalya	orang:nama-depan	f		f
amanatun	wilayah:kecamatan	f		f
amanda	orang:nama-depan	f		f
amandraya	wilayah:kecamatan	f		f
amani	orang:nama-depan	f		f
amanuban	wilayah:kecamatan	f		f
amarasi	wilayah:kecamatan	f		f
amartya	orang:nama-keluarga	f		f
amas	wilayah:kecamatan	f		f
ambalau	wilayah:kecamatan	f		f
ambalawi	wilayah:kecamatan	f		f
ambatkwi	wilayah:kecamatan	f		f
ambawang	wilayah:kecamatan	f		f
amberbaken	wilayah:kecamatan	f		f
ambulu	wilayah:kecamatan	f		f
ambunten	wilayah:kecamatan	f		f
amelia	orang:nama-depan	f		f
amelia	orang:nama-keluarga	f		f
ames	orang:nama-keluarga	f		f
amet	orang:nama-keluarga	f		f
amfoang	wilayah:kecamatan	f		f
amhar	orang:nama-depan	f		f
amik	orang:nama-depan	f		f
amika	orang:nama-depan	f		f
amira	orang:nama-depan	f		f
amiradana	orang:nama-keluarga	f		f
amma	wilayah:kecamatan	f		f
amon	orang:nama-depan	f		f
amonggedo	wilayah:kecamatan	f		f
amos	orang:nama-depan	f		f
ampana	wilayah:kecamatan	f		f
ampar	wilayah:kecamatan	f		f
ampelgading	wilayah:kecamatan	f		f
ampenan	wilayah:kecamatan	f		f
ampibabo	wilayah:kecamatan	f		f
ampimoi	wilayah:kecamatan	f		f
amplas	wilayah:kecamatan	f		f
amran	orang:nama-keluarga	f		f
amri	orang:nama-depan	f		f
amrullah	orang:nama-depan	f		f
amuma	wilayah:kecamatan	f		f
amungkalpia	wilayah:kecamatan	f		f
amuntai	wilayah:kecamatan	f		f
amurang	wilayah:kecamatan	f		f
amy	orang:nama-depan	f		f
anai	wilayah:kecamatan	f		f
anam	wilayah:kecamatan	f		f
anambas	wilayah:kabupaten-kota	f		f
anand	orang:nama-depan	f		f
anandaffa	orang:nama-depan	f		f
anandita	orang:nama-depan	f		f
ananta	orang:nama-depan	f		f
anas	orang:nama-depan	f		f
anas	orang:nama-keluarga	f		f
anastasia	orang:nama-depan	f		f
anastasia	orang:nama-keluarga	f		f
anastasya	orang:nama-depan	f		f
anawi	wilayah:kecamatan	f		f
ancalong	wilayah:kecamatan	f		f
ance	orang:nama-depan	f		f
andela	orang:nama-keluarga	f		f
anderson	orang:nama-depan	f		f
andey	wilayah:kecamatan	f		f
andhika	orang:nama-depan	f		f
andi	orang:nama-depan	f		f
andie	orang:nama-depan	f		f
andini	orang:nama-depan	f		f
andini	orang:nama-keluarga	f		f
andir	wilayah:kecamatan	f		f
andoolo	wilayah:kecamatan	f		f
andowia	wilayah:kecamatan	f		f
andre	orang:nama-depan	f		f
andrea	orang:nama-depan	f		f
andreas	orang:nama-depan	f		f
andreas	orang:nama-keluarga	f		f
andrei	orang:nama-depan	f		f
andres	orang:nama-depan	f		f
andreti	orang:nama-keluarga	f		f
andrew	orang:nama-depan	f		f
andri	orang:nama-depan	f		f
andrian	orang:nama-keluarga	f		f
andriani	orang:nama-keluarga	f		f
andriano	orang:nama-keluarga	f		f
andrianus	orang:nama-depan	f		f
andrias	orang:nama-depan	f		f
andrik	orang:nama-depan	f		f
andrino	orang:nama-keluarga	f		f
andris	orang:nama-depan	f		f
andré	orang:nama-depan	f		f
andy	orang:nama-depan	f		f
aneira	orang:nama-depan	f		f
anestasy	orang:nama-depan	f		f
ang	orang:nama-keluarga	f		f
angata	wilayah:kecamatan	f		f
angela	orang:nama-depan	f		f
angelia	orang:nama-depan	f		f
angelica	orang:nama-depan	f		f
angelina	orang:nama-depan	f		f
angelina	orang:nama-keluarga	f		f
angeline	orang:nama-depan	f		f
angeline	orang:nama-keluarga	f		f
angelique	orang:nama-depan	f		f
angelita	orang:nama-depan	f		f
angelo	orang:nama-depan	f		f
anggaberi	wilayah:kecamatan	f		f
anggalomoare	wilayah:kecamatan	f		f
anggana	wilayah:kecamatan	f		f
anggang	wilayah:kecamatan	f		f
angger	orang:nama-depan	f		f
anggeraja	wilayah:kecamatan	f		f
anggi	orang:nama-depan	f		f
anggi	wilayah:kecamatan	f		f
anggia	orang:nama-depan	f		f
anggie	orang:nama-depan	f		f
anggraeni	orang:nama-keluarga	f		f
anggraini	orang:nama-depan	f		f
anggraini	orang:nama-keluarga	f		f
anggruk	wilayah:kecamatan	f		f
angguni	orang:nama-keluarga	f		f
angkaisera	wilayah:kecamatan	f		f
angkek	wilayah:kecamatan	f		f
angkinang	wilayah:kecamatan	f		f
angkola	wilayah:kecamatan	f		f
angkona	wilayah:kecamatan	f		f
angouw	orang:nama-keluarga	f		f
angriawan	orang:nama-keluarga	f		f
angu	wilayah:kecamatan	f		f
anhar	orang:nama-depan	f		f
anhar	orang:nama-keluarga	f		f
anicetus	orang:nama-depan	f		f
anida	orang:nama-depan	f		f
anike	orang:nama-depan	f		f
animha	wilayah:kecamatan	f		f
aninditya	orang:nama-keluarga	f		f
anindya	orang:nama-depan	f		f
anisanaya	orang:nama-depan	f		f
anissa	orang:nama-depan	f		f
anita	orang:nama-depan	f		f
anjani	orang:nama-keluarga	f		f
anjatan	wilayah:kecamatan	f		f
anjongan	wilayah:kecamatan	f		f
anleu	wilayah:kecamatan	f		f
anna	orang:nama-depan	f		f
annabelle	orang:nama-depan	f		f
anne	orang:nama-depan	f		f
anneke	orang:nama-depan	f		f
annemarie	orang:nama-depan	f		f
annete	orang:nama-depan	f		f
annette	orang:nama-depan	f		f
annie	orang:nama-depan	f		f
annisa	orang:nama-depan	f		f
annisa	orang:nama-keluarga	f		f
anny	orang:nama-depan	f		f
anogomma	wilayah:kecamatan	f		f
anotaurei	wilayah:kecamatan	f		f
anreapi	wilayah:kecamatan	f		f
anrimusthi	orang:nama-keluarga	f		f
anselma	orang:nama-depan	f		f
anselmus	orang:nama-depan	f		f
antang	wilayah:kecamatan	f		f
antapani	wilayah:kecamatan	f		f
antardayu	orang:nama-keluarga	f		f
antarini	orang:nama-keluarga	f		f
antasari	orang:nama-keluarga	f		f
anthony	orang:nama-depan	f		f
antoine	orang:nama-depan	f		f
antoinette	orang:nama-depan	f		f
anton	orang:nama-depan	f		f
antoni	orang:nama-depan	f		f
antonia	orang:nama-depan	f		f
antonio	orang:nama-depan	f		f
antonius	orang:nama-depan	f		f
antonius	orang:nama-keluarga	f		f
antony	orang:nama-depan	f		f
anwar	orang:nama-depan	f		f
anwar	orang:nama-keluarga	f		f
anya	orang:nama-depan	f		f
anyza	orang:nama-depan	f		f
aom	wilayah:kecamatan	f		f
apalapsili	wilayah:kecamatan	f		f
apari	wilayah:kecamatan	f		f
apawer	wilayah:kecamatan	f		f
apelles	orang:nama-depan	f		f
apin	orang:nama-keluarga	f		f
apri	orang:nama-depan	f		f
aprida	orang:nama-depan	f		f
aprilia	orang:nama-depan	f		f
aprilia	orang:nama-keluarga	f		f
apriliana	orang:nama-depan	f		f
aprillian	orang:nama-keluarga	f		f
aprilliyanto	orang:nama-keluarga	f		f
aprilsasi	orang:nama-depan	f		f
apriyanda	orang:nama-keluarga	f		f
apriyandi	orang:nama-keluarga	f		f
apriyani	orang:nama-depan	f		f
aqmar	orang:nama-depan	f		f
aquino	orang:nama-depan	f		f
aquiritto	orang:nama-depan	f		f
aradide	wilayah:kecamatan	f		f
arafixqli	orang:nama-keluarga	f		f
aralle	wilayah:kecamatan	f		f
aramo	wilayah:kecamatan	f		f
aranday	wilayah:kecamatan	f		f
aranio	wilayah:kecamatan	f		f
arauna	orang:nama-keluarga	f		f
arbi	orang:nama-depan	f		f
arbi	orang:nama-keluarga	f		f
arbitama	orang:nama-keluarga	f		f
arcamanik	wilayah:kecamatan	f		f
archer	orang:nama-keluarga	f		f
archie	orang:nama-depan	f		f
ardelia	orang:nama-keluarga	f		f
ardiansyah	orang:nama-depan	f		f
ardiansyah	orang:nama-keluarga	f		f
ardianto	orang:nama-keluarga	f		f
ardita	orang:nama-depan	f		f
ardwiantini	orang:nama-keluarga	f		f
ardy	orang:nama-depan	f		f
arfa	orang:nama-keluarga	f		f
arfak	wilayah:kabupaten-kota	f		f
arfiansyah	orang:nama-keluarga	f		f
arga	wilayah:kecamatan	f		f
argapura	wilayah:kecamatan	f		f
argo	orang:nama-depan	f		f
argomulyo	wilayah:kecamatan	f		f
arguni	wilayah:kecamatan	f		f
ariadi	orang:nama-keluarga	f		f
ariana	orang:nama-depan	f		f
ariani	orang:nama-keluarga	f		f
ariantho	orang:nama-keluarga	f		f
arianti	orang:nama-depan	f		f
arie	orang:nama-depan	f		f
arieda	orang:nama-depan	f		f
arief	orang:nama-depan	f		f
arief	orang:nama-keluarga	f		f
ariel	orang:nama-depan	f		f
ariella	orang:nama-depan	f		f
arifah	orang:nama-keluarga	f		f
ariff	orang:nama-keluarga	f		f
arimop	wilayah:kecamatan	f		f
arina	orang:nama-depan	f		f
arinda	orang:nama-depan	f		f
ario	orang:nama-depan	f		f
arissanti	orang:nama-keluarga	f		f
arista	orang:nama-keluarga	f		f
arita	orang:nama-depan	f		f
arjasa	wilayah:kecamatan	f		f
arjasari	wilayah:kecamatan	f		f
arjawinangun	wilayah:kecamatan	f		f
arjosari	wilayah:kecamatan	f		f
arlan	orang:nama-depan	f		f
arling	orang:nama-keluarga	f		f
arly	orang:nama-depan	f		f
arlya	orang:nama-depan	f		f
arma	wilayah:kecamatan	f		f
arman	orang:nama-depan	f		f
armand	orang:nama-depan	f		f
armando	orang:nama-depan	f		f
armanto	orang:nama-keluarga	f		f
armida	orang:nama-depan	f		f
armin	orang:nama-depan	f		f
armindo	orang:nama-depan	f		f
arnaldo	orang:nama-depan	f		f
arnaz	orang:nama-keluarga	f		f
arni	orang:nama-keluarga	f		f
arnia	orang:nama-depan	f		f
arnold	orang:nama-depan	f		f
aro	wilayah:kecamatan	f		f
aroba	wilayah:kecamatan	f		f
arongan	wilayah:kecamatan	f		f
arosbaya	wilayah:kecamatan	f		f
arpi	orang:nama-depan	f		f
arrafi	orang:nama-depan	f		f
arrigo	orang:nama-depan	f		f
arse	wilayah:kecamatan	f		f
arslan	orang:nama-keluarga	f		f
arso	wilayah:kecamatan	f		f
arthur	orang:nama-depan	f		f
artur	orang:nama-depan	f		f
arum	orang:nama-depan	f		f
arumni	orang:nama-keluarga	f		f
arumningtyas	orang:nama-keluarga	f		f
arungkeke	wilayah:kecamatan	f		f
aruri	wilayah:kecamatan	f		f
arut	wilayah:kecamatan	f		f
arviani	orang:nama-depan	f		f
ary	orang:nama-depan	f		f
aryadi	orang:nama-keluarga	f		f
aryan	orang:nama-keluarga	f		f
aryanto	orang:nama-keluarga	f		f
aryono	orang:nama-depan	f		f
arzia	orang:nama-depan	f		f
asakota	wilayah:kecamatan	f		f
asela	orang:nama-keluarga	f		f
asem	wilayah:kecamatan	f		f
asembagus	wilayah:kecamatan	f		f
asera	wilayah:kecamatan	f		f
ases	wilayah:kecamatan	f		f
asha	orang:nama-depan	f		f
ashabul	orang:nama-depan	f		f
ashardi	orang:nama-keluarga	f		f
asharunnisa	orang:nama-keluarga	f		f
asher	orang:nama-keluarga	f		f
ashfa	orang:nama-depan	f		f
ashraf	orang:nama-depan	f		f
asinua	wilayah:kecamatan	f		f
aslim	orang:nama-keluarga	f		f
asmarani	orang:nama-keluarga	f		f
asnawi	orang:nama-depan	f		f
asologaima	wilayah:kecamatan	f		f
asolokobal	wilayah:kecamatan	f		f
asotipo	wilayah:kecamatan	f		f
aspar	orang:nama-depan	f		f
aspar	orang:nama-keluarga	f		f
assue	wilayah:kecamatan	f		f
assyifa	orang:nama-depan	f		f
asta	orang:nama-depan	f		f
astambul	wilayah:kecamatan	f		f
astanaanyar	wilayah:kecamatan	f		f
astanajapura	wilayah:kecamatan	f		f
asti	orang:nama-depan	f		f
astnan	orang:nama-depan	f		f
aston	orang:nama-depan	f		f
astrid	orang:nama-depan	f		f
astro	orang:nama-depan	f		f
astuti	orang:nama-keluarga	f		f
asty	orang:nama-depan	f		f
asuro	orang:nama-depan	f		f
aswani	orang:nama-keluarga	f		f
aswi	wilayah:kecamatan	f		f
ata	orang:nama-depan	f		f
atadei	wilayah:kecamatan	f		f
atambua	wilayah:kecamatan	f		f
ateuh	wilayah:kecamatan	f		f
athadhia	orang:nama-depan	f		f
athalia	orang:nama-depan	f		f
atik	orang:nama-depan	f		f
atinggola	wilayah:kecamatan	f		f
atmaja	orang:nama-depan	f		f
atsj	wilayah:kecamatan	f		f
attauba	orang:nama-depan	f		f
atu	orang:nama-depan	f		f
atu	wilayah:kecamatan	f		f
atulai	wilayah:kecamatan	f		f
atália	orang:nama-depan	f		f
aua	wilayah:kecamatan	f		f
auberta	orang:nama-depan	f		f
aubry	orang:nama-depan	f		f
audi	orang:nama-keluarga	f		f
audina	orang:nama-keluarga	f		f
audrey	orang:nama-depan	f		f
aufa	orang:nama-depan	f		f
august	orang:nama-depan	f		f
auguste	orang:nama-depan	f		f
augustia	orang:nama-depan	f		f
augustia	orang:nama-keluarga	f		f
augustin	orang:nama-depan	f		f
augustine	orang:nama-depan	f		f
auh	wilayah:kecamatan	f		f
aurel	orang:nama-depan	f		f
aurelia	orang:nama-depan	f		f
aurelie	orang:nama-depan	f		f
aurelius	orang:nama-keluarga	f		f
aurellia	orang:nama-depan	f		f
aurien	orang:nama-keluarga	f		f
aurélien	orang:nama-depan	f		f
austin	orang:nama-keluarga	f		f
avanti	orang:nama-depan	f		f
awanda	orang:nama-keluarga	f		f
awangpone	wilayah:kecamatan	f		f
away	orang:nama-depan	f		f
awayan	wilayah:kecamatan	f		f
aweida	wilayah:kecamatan	f		f
aweku	wilayah:kecamatan	f		f
awina	wilayah:kecamatan	f		f
awinbon	wilayah:kecamatan	f		f
awyu	wilayah:kecamatan	f		f
axel	orang:nama-depan	f		f
ayadi	orang:nama-keluarga	f		f
ayamaru	wilayah:kecamatan	f		f
ayau	wilayah:kecamatan	f		f
aye	wilayah:kecamatan	f		f
ayip	wilayah:kecamatan	f		f
ayman	orang:nama-depan	f		f
aysha	orang:nama-depan	f		f
ayudis	orang:nama-keluarga	f		f
ayumnati	wilayah:kecamatan	f		f
ayunidha	orang:nama-keluarga	f		f
ayus	orang:nama-keluarga	f		f
ayustine	orang:nama-keluarga	f		f
azhar	orang:nama-depan	f		f
azhar	orang:nama-keluarga	f		f
azhari	orang:nama-depan	f		f
azisah	orang:nama-depan	f		f
azisi	orang:nama-keluarga	f		f
azizah	orang:nama-depan	f		f
azizan	orang:nama-keluarga	f		f
azmeri	orang:nama-depan	f		f
azriel	orang:nama-depan	f		f
azzahra	orang:nama-depan	f		f
azzahra	orang:nama-keluarga	f		f
baamang	wilayah:kecamatan	f		f
babadan	wilayah:kecamatan	f		f
babakancikao	wilayah:kecamatan	f		f
babalan	wilayah:kecamatan	f		f
babaris	wilayah:kecamatan	f		f
babay	orang:nama-keluarga	f		f
babeko	wilayah:kecamatan	f		f
babelan	wilayah:kecamatan	f		f
babirik	wilayah:kecamatan	f		f
babo	wilayah:kecamatan	f		f
babuat	wilayah:kecamatan	f		f
babul	wilayah:kecamatan	f		f
babulu	wilayah:kecamatan	f		f
babussalam	wilayah:kecamatan	f		f
bacan	wilayah:kecamatan	f		f
bachtiar	orang:nama-keluarga	f		f
bacukiki	wilayah:kecamatan	f		f
badas	wilayah:kecamatan	f		f
badauh	wilayah:kecamatan	f		f
badegan	wilayah:kecamatan	f		f
badiri	wilayah:kecamatan	f		f
bae	wilayah:kecamatan	f		f
baebunta	wilayah:kecamatan	f		f
baek	wilayah:kecamatan	f		f
baganti	wilayah:kecamatan	f		f
bagelen	wilayah:kecamatan	f		f
baguala	wilayah:kecamatan	f		f
bagun	wilayah:kecamatan	f		f
bahau	wilayah:kecamatan	f		f
bahodopi	wilayah:kecamatan	f		f
bahorok	wilayah:kecamatan	f		f
bahri	orang:nama-keluarga	f		f
bahrun	orang:nama-depan	f		f
bahuga	wilayah:kecamatan	f		f
bai	orang:nama-depan	f		f
baito	wilayah:kecamatan	f		f
baiturrahman	wilayah:kecamatan	f		f
baitussalam	wilayah:kecamatan	f		f
bajawa	wilayah:kecamatan	f		f
bajeng	wilayah:kecamatan	f		f
bajenis	wilayah:kecamatan	f		f
bajo	wilayah:kecamatan	f		f
bajubang	wilayah:kecamatan	f		f
bajuin	wilayah:kecamatan	f		f
bakarangan	wilayah:kecamatan	f		f
bakauheni	wilayah:kecamatan	f		f
baker	orang:nama-keluarga	f		f
bakker	orang:nama-keluarga	f		f
bakong	wilayah:kecamatan	f		f
bakongan	wilayah:kecamatan	f		f
baktiraja	wilayah:kecamatan	f		f
baktiya	wilayah:kecamatan	f		f
bakumpai	wilayah:kecamatan	f		f
balaesang	wilayah:kecamatan	f		f
balaghar	wilayah:kecamatan	f		f
balakang	wilayah:kecamatan	f		f
balanipa	wilayah:kecamatan	f		f
balantak	wilayah:kecamatan	f		f
balapulang	wilayah:kecamatan	f		f
balaraja	wilayah:kecamatan	f		f
baleendah	wilayah:kecamatan	f		f
baleh	wilayah:kecamatan	f		f
balerejo	wilayah:kecamatan	f		f
balige	wilayah:kecamatan	f		f
balim	wilayah:kecamatan	f		f
balingga	wilayah:kecamatan	f		f
balinggi	wilayah:kecamatan	f		f
balingka	wilayah:kecamatan	f		f
balla	wilayah:kecamatan	f		f
ballieux	orang:nama-keluarga	f		f
balocci	wilayah:kecamatan	f		f
balongan	wilayah:kecamatan	f		f
balongbendo	wilayah:kecamatan	f		f
balongpanggang	wilayah:kecamatan	f		f
balqis	orang:nama-depan	f		f
balthasar	orang:nama-depan	f		f
balubur	wilayah:kecamatan	f		f
balusu	wilayah:kecamatan	f		f
bambaira	wilayah:kecamatan	f		f
bambalamotu	wilayah:kecamatan	f		f
bamban	wilayah:kecamatan	f		f
bambel	wilayah:kecamatan	f		f
bamgi	wilayah:kecamatan	f		f
bamusbama	wilayah:kecamatan	f		f
banama	wilayah:kecamatan	f		f
banawa	wilayah:kecamatan	f		f
bandarkedungmulyo	wilayah:kecamatan	f		f
bandaso	orang:nama-keluarga	f		f
bangedo	wilayah:kecamatan	f		f
banggae	wilayah:kecamatan	f		f
banggalang	wilayah:kecamatan	f		f
bangil	wilayah:kecamatan	f		f
bangilan	wilayah:kecamatan	f		f
bangkala	wilayah:kecamatan	f		f
bangkelekila	wilayah:kecamatan	f		f
bangkinang	wilayah:kecamatan	f		f
bangko	wilayah:kecamatan	f		f
bangkunat	wilayah:kecamatan	f		f
bangkurung	wilayah:kecamatan	f		f
bangodua	wilayah:kecamatan	f		f
bangorejo	wilayah:kecamatan	f		f
bangsalsari	wilayah:kecamatan	f		f
bangsri	wilayah:kecamatan	f		f
banjarangkan	wilayah:kecamatan	f		f
banjaranyar	wilayah:kecamatan	f		f
banjarejo	wilayah:kecamatan	f		f
banjarharjo	wilayah:kecamatan	f		f
banjarmangu	wilayah:kecamatan	f		f
banjarwangi	wilayah:kecamatan	f		f
banjit	wilayah:kecamatan	f		f
bansari	wilayah:kecamatan	f		f
bantan	wilayah:kecamatan	f		f
bantarbolang	wilayah:kecamatan	f		f
bantargadung	wilayah:kecamatan	f		f
bantargebang	wilayah:kecamatan	f		f
bantarkalong	wilayah:kecamatan	f		f
bantarkawung	wilayah:kecamatan	f		f
bantarsari	wilayah:kecamatan	f		f
bantarujeg	wilayah:kecamatan	f		f
banten	wilayah:provinsi	f		f
bantimurung	wilayah:kecamatan	f		f
bantur	wilayah:kecamatan	f		f
banuhampu	wilayah:kecamatan	f		f
banyuanyar	wilayah:kecamatan	f		f
banyuates	wilayah:kecamatan	f		f
banyudono	wilayah:kecamatan	f		f
banyuglugur	wilayah:kecamatan	f		f
banyuke	wilayah:kecamatan	f		f
banyuputih	wilayah:kecamatan	f		f
banyuresmi	wilayah:kecamatan	f		f
banyusari	wilayah:kecamatan	f		f
banyuurip	wilayah:kecamatan	f		f
baolan	wilayah:kecamatan	f		f
bapai	wilayah:kecamatan	f		f
barabai	wilayah:kecamatan	f		f
barack	orang:nama-keluarga	f		f
baradatu	wilayah:kecamatan	f		f
barajo	wilayah:kecamatan	f		f
baraka	wilayah:kecamatan	f		f
barambai	wilayah:kecamatan	f		f
barangin	wilayah:kecamatan	f		f
barangka	wilayah:kecamatan	f		f
baranti	wilayah:kecamatan	f		f
barbara	orang:nama-depan	f		f
barebbo	wilayah:kecamatan	f		f
baregbeg	wilayah:kecamatan	f		f
barends	orang:nama-keluarga	f		f
bargot	wilayah:kecamatan	f		f
barito	wilayah:kabupaten-kota	f		f
barito	wilayah:kecamatan	f		f
barkah	orang:nama-keluarga	f		f
barnabas	orang:nama-depan	f		f
baro	wilayah:kecamatan	f		f
baroko	wilayah:kecamatan	f		f
barombong	wilayah:kecamatan	f		f
barona	wilayah:kecamatan	f		f
baros	wilayah:kecamatan	f		f
barrett	orang:nama-keluarga	f		f
barry	orang:nama-depan	f		f
barth	orang:nama-keluarga	f		f
barthos	orang:nama-keluarga	f		f
baruga	wilayah:kecamatan	f		f
barumun	wilayah:kecamatan	f		f
baruppu	wilayah:kecamatan	f		f
barus	orang:nama-keluarga	f		f
barus	wilayah:kecamatan	f		f
barusjahe	wilayah:kecamatan	f		f
baryadi	orang:nama-keluarga	f		f
barzanjī	orang:nama-keluarga	f		f
basala	wilayah:kecamatan	f		f
basarang	wilayah:kecamatan	f		f
basidondo	wilayah:kecamatan	f		f
basko	orang:nama-keluarga	f		f
basri	orang:nama-depan	f		f
basri	orang:nama-keluarga	f		f
basry	orang:nama-keluarga	f		f
basse	wilayah:kecamatan	f		f
bastian	orang:nama-depan	f		f
basuki	orang:nama-depan	f		f
basuki	orang:nama-keluarga	f		f
batabual	wilayah:kecamatan	f		f
bataguh	wilayah:kecamatan	f		f
batahan	wilayah:kecamatan	f		f
batalaiworu	wilayah:kecamatan	f		f
batani	wilayah:kecamatan	f		f
batanta	wilayah:kecamatan	f		f
batauga	wilayah:kecamatan	f		f
batealit	wilayah:kecamatan	f		f
batee	wilayah:kecamatan	f		f
bathin	wilayah:kecamatan	f		f
batipuah	wilayah:kecamatan	f		f
batipuh	wilayah:kecamatan	f		f
batom	wilayah:kecamatan	f		f
batuah	wilayah:kecamatan	f		f
batubara	orang:nama-keluarga	f		f
batubi	wilayah:kecamatan	f		f
batuceper	wilayah:kecamatan	f		f
batudaa	wilayah:kecamatan	f		f
batudaka	wilayah:kecamatan	f		f
batui	wilayah:kecamatan	f		f
batujajar	wilayah:kecamatan	f		f
batujaya	wilayah:kecamatan	f		f
batukara	wilayah:kecamatan	f		f
batukliang	wilayah:kecamatan	f		f
batulappa	wilayah:kecamatan	f		f
batuley	wilayah:kecamatan	f		f
batumarmar	wilayah:kecamatan	f		f
batunadua	wilayah:kecamatan	f		f
batununggal	wilayah:kecamatan	f		f
batupoaro	wilayah:kecamatan	f		f
batuputih	wilayah:kecamatan	f		f
batur	wilayah:kecamatan	f		f
baturaja	wilayah:kecamatan	f		f
baturetno	wilayah:kecamatan	f		f
baturiti	wilayah:kecamatan	f		f
baturraden	wilayah:kecamatan	f		f
batuwarno	wilayah:kecamatan	f		f
baula	wilayah:kecamatan	f		f
bauntung	wilayah:kecamatan	f		f
baureno	wilayah:kecamatan	f		f
bawolato	wilayah:kecamatan	f		f
bayah	wilayah:kecamatan	f		f
bayeun	wilayah:kecamatan	f		f
bayongbong	wilayah:kecamatan	f		f
beam	wilayah:kecamatan	f		f
beane	orang:nama-keluarga	f		f
beatrice	orang:nama-depan	f		f
beatrice	orang:nama-keluarga	f		f
beatrix	orang:nama-depan	f		f
bebandem	wilayah:kecamatan	f		f
beben	orang:nama-depan	f		f
bebesen	wilayah:kecamatan	f		f
beck	orang:nama-keluarga	f		f
bedagai	wilayah:kabupaten-kota	f		f
beduai	wilayah:kecamatan	f		f
beer	orang:nama-keluarga	f		f
begalung	wilayah:kecamatan	f		f
behe	wilayah:kecamatan	f		f
behman	orang:nama-keluarga	f		f
beimes	wilayah:kecamatan	f		f
bejen	wilayah:kecamatan	f		f
beji	wilayah:kecamatan	f		f
bejo	orang:nama-depan	f		f
bekri	wilayah:kecamatan	f		f
belalau	wilayah:kecamatan	f		f
belantikan	wilayah:kecamatan	f		f
belapis	wilayah:kecamatan	f		f
belawa	orang:nama-keluarga	f		f
belawa	wilayah:kecamatan	f		f
belawang	wilayah:kecamatan	f		f
belinda	orang:nama-depan	f		f
belinyu	wilayah:kecamatan	f		f
belitang	wilayah:kecamatan	f		f
beliti	wilayah:kecamatan	f		f
bella	orang:nama-depan	f		f
bellaetrix	orang:nama-depan	f		f
bellinda	orang:nama-depan	f		f
belmondo	orang:nama-depan	f		f
belopa	wilayah:kecamatan	f		f
bemby	orang:nama-depan	f		f
ben	orang:nama-depan	f		f
benai	wilayah:kecamatan	f		f
benakat	wilayah:kecamatan	f		f
benawa	wilayah:kecamatan	f		f
bendosari	wilayah:kecamatan	f		f
benedictus	orang:nama-depan	f		f
bener	wilayah:kabupaten-kota	f		f
bener	wilayah:kecamatan	f		f
beng	orang:nama-depan	f		f
bengalon	wilayah:kecamatan	f		f
bengo	wilayah:kecamatan	f		f
benjamin	orang:nama-depan	f		f
benjamín	orang:nama-depan	f		f
benjeng	wilayah:kecamatan	f		f
bennedict	orang:nama-depan	f		f
benni	orang:nama-depan	f		f
benny	orang:nama-depan	f		f
beno	orang:nama-keluarga	f		f
benowo	wilayah:kecamatan	f		f
bentian	wilayah:kecamatan	f		f
benuki	wilayah:kecamatan	f		f
benyamin	orang:nama-depan	f		f
beoga	wilayah:kecamatan	f		f
berampu	wilayah:kecamatan	f		f
berandan	wilayah:kecamatan	f		f
berastagi	wilayah:kecamatan	f		f
berata	orang:nama-keluarga	f		f
beraur	wilayah:kecamatan	f		f
berbak	wilayah:kecamatan	f		f
berbek	wilayah:kecamatan	f		f
berentz	orang:nama-keluarga	f		f
berhard	orang:nama-depan	f		f
berliyan	orang:nama-depan	f		f
bermani	wilayah:kecamatan	f		f
bernadet	orang:nama-keluarga	f		f
bernadette	orang:nama-depan	f		f
bernadine	orang:nama-depan	f		f
bernard	orang:nama-depan	f		f
bernardus	orang:nama-depan	f		f
berniece	orang:nama-depan	f		f
berry	orang:nama-depan	f		f
berry	orang:nama-keluarga	f		f
berta	orang:nama-depan	f		f
bertens	orang:nama-keluarga	f		f
bertha	orang:nama-depan	f		f
berthelot	orang:nama-keluarga	f		f
berthold	orang:nama-depan	f		f
berto	orang:nama-depan	f		f
bertrand	orang:nama-depan	f		f
beryl	orang:nama-depan	f		f
besitang	wilayah:kecamatan	f		f
besuki	wilayah:kecamatan	f		f
besulutu	wilayah:kecamatan	f		f
betayau	wilayah:kecamatan	f		f
betcbamu	wilayah:kecamatan	f		f
betoambari	wilayah:kecamatan	f		f
betti	orang:nama-depan	f		f
betty	orang:nama-depan	f		f
beule	orang:nama-keluarga	f		f
beutong	wilayah:kecamatan	f		f
beuzekom	orang:nama-keluarga	f		f
bewani	wilayah:kecamatan	f		f
bharat	wilayah:kabupaten-kota	f		f
bianca	orang:nama-depan	f		f
biandoga	wilayah:kecamatan	f		f
biaro	wilayah:kabupaten-kota	f		f
biaro	wilayah:kecamatan	f		f
biatan	wilayah:kecamatan	f		f
bibida	wilayah:kecamatan	f		f
biboki	wilayah:kecamatan	f		f
bibra	orang:nama-keluarga	f		f
bidare	wilayah:kecamatan	f		f
bie	orang:nama-keluarga	f		f
bies	wilayah:kecamatan	f		f
bigung	wilayah:kecamatan	f		f
bije	orang:nama-keluarga	f		f
bijlaard	orang:nama-keluarga	f		f
bikar	wilayah:kecamatan	f		f
bikomi	wilayah:kecamatan	f		f
bilalang	wilayah:kecamatan	f		f
bilato	wilayah:kecamatan	f		f
bill	orang:nama-depan	f		f
billy	orang:nama-depan	f		f
bilqis	orang:nama-depan	f		f
biluhu	wilayah:kecamatan	f		f
bimbo	orang:nama-depan	f		f
bime	wilayah:kecamatan	f		f
bimo	orang:nama-depan	f		f
bimo	orang:nama-keluarga	f		f
binakal	wilayah:kecamatan	f		f
binamu	wilayah:kecamatan	f		f
binangun	wilayah:kecamatan	f		f
binawidya	wilayah:kecamatan	f		f
binduriang	wilayah:kecamatan	f		f
bing	orang:nama-depan	f		f
bingai	wilayah:kecamatan	f		f
bingin	wilayah:kecamatan	f		f
bino	wilayah:kecamatan	f		f
binong	wilayah:kecamatan	f		f
binongko	wilayah:kecamatan	f		f
bintauna	wilayah:kecamatan	f		f
bintuni	wilayah:kabupaten-kota	f		f
bintuni	wilayah:kecamatan	f		f
binuang	wilayah:kecamatan	f		f
bio	orang:nama-depan	f		f
birem	wilayah:kecamatan	f		f
biringbulu	wilayah:kecamatan	f		f
biringkanaya	wilayah:kecamatan	f		f
birip	wilayah:kecamatan	f		f
biromaru	wilayah:kecamatan	f		f
birugo	wilayah:kecamatan	f		f
biscoop	wilayah:kecamatan	f		f
bisma	orang:nama-depan	f		f
bisono	orang:nama-keluarga	f		f
bisri	orang:nama-keluarga	f		f
bissappu	wilayah:kecamatan	f		f
bittuang	wilayah:kecamatan	f		f
biuk	wilayah:kecamatan	f		f
black	orang:nama-keluarga	f		f
blado	wilayah:kecamatan	f		f
blahbatuh	wilayah:kecamatan	f		f
blambangan	wilayah:kecamatan	f		f
blanakan	wilayah:kecamatan	f		f
blang	wilayah:kecamatan	f		f
blangkejeren	wilayah:kecamatan	f		f
blangpegayon	wilayah:kecamatan	f		f
blangpidie	wilayah:kecamatan	f		f
blega	wilayah:kecamatan	f		f
blimbing	wilayah:kecamatan	f		f
blimbingsari	wilayah:kecamatan	f		f
bluluk	wilayah:kecamatan	f		f
bluto	wilayah:kecamatan	f		f
boas	orang:nama-depan	f		f
boawae	wilayah:kecamatan	f		f
boaz	orang:nama-depan	f		f
bob	orang:nama-depan	f		f
bobby	orang:nama-depan	f		f
bobi	orang:nama-depan	f		f
bobotsari	wilayah:kecamatan	f		f
boby	orang:nama-depan	f		f
boccoe	wilayah:kecamatan	f		f
bodeh	wilayah:kecamatan	f		f
bodo	orang:nama-keluarga	f		f
boen	orang:nama-depan	f		f
boen	orang:nama-keluarga	f		f
boer	orang:nama-keluarga	f		f
bogoboida	wilayah:kecamatan	f		f
bogonuk	wilayah:kecamatan	f		f
bogorejo	wilayah:kecamatan	f		f
boh	wilayah:kecamatan	f		f
boja	wilayah:kecamatan	f		f
bojonegara	wilayah:kecamatan	f		f
bojong	wilayah:kecamatan	f		f
bojongasih	wilayah:kecamatan	f		f
bojonggambir	wilayah:kecamatan	f		f
bojonggede	wilayah:kecamatan	f		f
bojongloa	wilayah:kecamatan	f		f
bojongmangu	wilayah:kecamatan	f		f
bojongmanik	wilayah:kecamatan	f		f
bojongpicung	wilayah:kecamatan	f		f
bojongsari	wilayah:kecamatan	f		f
bojongsoang	wilayah:kecamatan	f		f
bok	orang:nama-keluarga	f		f
bokan	wilayah:kecamatan	f		f
bokat	wilayah:kecamatan	f		f
boking	wilayah:kecamatan	f		f
bokondini	wilayah:kecamatan	f		f
bokoneri	wilayah:kecamatan	f		f
bolaang	wilayah:kabupaten-kota	f		f
bolaang	wilayah:kecamatan	f		f
bolakme	wilayah:kecamatan	f		f
bolang	orang:nama-keluarga	f		f
bolangitang	wilayah:kecamatan	f		f
bolango	wilayah:kabupaten-kota	f		f
bolano	wilayah:kecamatan	f		f
bolden	orang:nama-keluarga	f		f
boleng	wilayah:kecamatan	f		f
boliyohuto	wilayah:kecamatan	f		f
bolo	wilayah:kecamatan	f		f
bolon	wilayah:kecamatan	f		f
bomakia	wilayah:kecamatan	f		f
bomberay	wilayah:kecamatan	f		f
bomela	wilayah:kecamatan	f		f
bona	orang:nama-depan	f		f
bonai	orang:nama-keluarga	f		f
bonai	wilayah:kecamatan	f		f
bonaparte	orang:nama-keluarga	f		f
bonatua	wilayah:kecamatan	f		f
bondifuar	wilayah:kecamatan	f		f
bondoala	wilayah:kecamatan	f		f
bonegunu	wilayah:kecamatan	f		f
bonehau	wilayah:kecamatan	f		f
bonepantai	wilayah:kecamatan	f		f
bonerate	wilayah:kecamatan	f		f
bongan	wilayah:kecamatan	f		f
bongas	wilayah:kecamatan	f		f
bonggakaradeng	wilayah:kecamatan	f		f
bonggo	wilayah:kecamatan	f		f
bongomeme	wilayah:kecamatan	f		f
boni	orang:nama-depan	f		f
bonnie	orang:nama-depan	f		f
bono	orang:nama-keluarga	f		f
bonorowo	wilayah:kecamatan	f		f
bonti	wilayah:kecamatan	f		f
bontoa	wilayah:kecamatan	f		f
bontoala	wilayah:kecamatan	f		f
bontocani	wilayah:kecamatan	f		f
bontoharu	wilayah:kecamatan	f		f
bontolempangang	wilayah:kecamatan	f		f
bontomanai	wilayah:kecamatan	f		f
bontomarannu	wilayah:kecamatan	f		f
bontomatene	wilayah:kecamatan	f		f
bontonompo	wilayah:kecamatan	f		f
bontoramba	wilayah:kecamatan	f		f
bontosikuyu	wilayah:kecamatan	f		f
bontotiro	wilayah:kecamatan	f		f
borbor	wilayah:kecamatan	f		f
boris	orang:nama-depan	f		f
borme	wilayah:kecamatan	f		f
borne	orang:nama-keluarga	f		f
borobudur	wilayah:kecamatan	f		f
boronadu	wilayah:kecamatan	f		f
bosar	wilayah:kecamatan	f		f
botain	wilayah:kecamatan	f		f
botan	orang:nama-keluarga	f		f
botanglomang	wilayah:kecamatan	f		f
botin	wilayah:kecamatan	f		f
botolinggo	wilayah:kecamatan	f		f
botomuzoi	wilayah:kecamatan	f		f
botumoito	wilayah:kecamatan	f		f
botupingge	wilayah:kecamatan	f		f
bouman	orang:nama-keluarga	f		f
bouttier	orang:nama-keluarga	f		f
boven	wilayah:kabupaten-kota	f		f
bowie	orang:nama-keluarga	f		f
bowobado	wilayah:kecamatan	f		f
boy	orang:nama-depan	f		f
boyan	wilayah:kecamatan	f		f
boyolangu	wilayah:kecamatan	f		f
bpiri	wilayah:kecamatan	f		f
brahim	orang:nama-keluarga	f		f
braja	wilayah:kecamatan	f		f
brak	wilayah:kecamatan	f		f
bram	orang:nama-depan	f		f
bram	wilayah:kecamatan	f		f
brandon	orang:nama-depan	f		f
brang	wilayah:kecamatan	f		f
brangsong	wilayah:kecamatan	f		f
brati	wilayah:kecamatan	f		f
braza	wilayah:kecamatan	f		f
breagit	orang:nama-depan	f		f
breukelen	orang:nama-keluarga	f		f
bria	orang:nama-keluarga	f		f
brian	orang:nama-depan	f		f
brianna	orang:nama-depan	f		f
brigita	orang:nama-depan	f		f
brigitta	orang:nama-depan	f		f
brodie	orang:nama-keluarga	f		f
bronckhorst	orang:nama-keluarga	f		f
brondong	wilayah:kecamatan	f		f
brosnan	orang:nama-keluarga	f		f
broussouloux	orang:nama-keluarga	f		f
brown	orang:nama-keluarga	f		f
browne	orang:nama-keluarga	f		f
browning	orang:nama-keluarga	f		f
bruno	orang:nama-depan	f		f
bruno	wilayah:kecamatan	f		f
bruwa	wilayah:kecamatan	f		f
bruyadori	wilayah:kecamatan	f		f
bryan	orang:nama-depan	f		f
bryant	orang:nama-depan	f		f
bua	wilayah:kecamatan	f		f
buahbatu	wilayah:kecamatan	f		f
buahdua	wilayah:kecamatan	f		f
bualemo	wilayah:kecamatan	f		f
buaran	wilayah:kecamatan	f		f
buay	wilayah:kecamatan	f		f
buayan	wilayah:kecamatan	f		f
bubon	wilayah:kecamatan	f		f
bubulan	wilayah:kecamatan	f		f
budhijanto	orang:nama-keluarga	f		f
budiani	orang:nama-keluarga	f		f
budianto	orang:nama-keluarga	f		f
budiarto	orang:nama-keluarga	f		f
budiharti	orang:nama-keluarga	f		f
budikusuma	orang:nama-keluarga	f		f
budinan	orang:nama-depan	f		f
budinan	orang:nama-keluarga	f		f
budong	wilayah:kecamatan	f		f
buduran	wilayah:kecamatan	f		f
buer	wilayah:kecamatan	f		f
bugi	wilayah:kecamatan	f		f
buguk	wilayah:kecamatan	f		f
bugul	wilayah:kecamatan	f		f
bukal	wilayah:kecamatan	f		f
bukateja	wilayah:kecamatan	f		f
buke	wilayah:kecamatan	f		f
buki	wilayah:kecamatan	f		f
bukik	wilayah:kecamatan	f		f
buko	wilayah:kecamatan	f		f
bula	wilayah:kecamatan	f		f
bulagi	wilayah:kecamatan	f		f
bulahari	orang:nama-keluarga	f		f
bulakamba	wilayah:kecamatan	f		f
bulango	wilayah:kecamatan	f		f
bulatn	wilayah:kecamatan	f		f
bulawa	wilayah:kecamatan	f		f
bulik	wilayah:kecamatan	f		f
bulo	orang:nama-keluarga	f		f
bulo	wilayah:kecamatan	f		f
bulok	wilayah:kecamatan	f		f
buluanop	wilayah:kecamatan	f		f
bulukerto	wilayah:kecamatan	f		f
bulukumpa	wilayah:kecamatan	f		f
bululawang	wilayah:kecamatan	f		f
bulupoddo	wilayah:kecamatan	f		f
buluspesantren	wilayah:kecamatan	f		f
bumiaji	wilayah:kecamatan	f		f
bumiayu	wilayah:kecamatan	f		f
bumijawa	wilayah:kecamatan	f		f
bunaken	wilayah:kecamatan	f		f
bunder	wilayah:kecamatan	f		f
bungah	wilayah:kecamatan	f		f
bungatan	wilayah:kecamatan	f		f
bungaya	wilayah:kecamatan	f		f
bungbulang	wilayah:kecamatan	f		f
bungi	orang:nama-keluarga	f		f
bungi	wilayah:kecamatan	f		f
bungin	wilayah:kecamatan	f		f
bungku	wilayah:kecamatan	f		f
bungoro	wilayah:kecamatan	f		f
bunguran	wilayah:kecamatan	f		f
bungursari	wilayah:kecamatan	f		f
bungus	wilayah:kecamatan	f		f
bunobogu	wilayah:kecamatan	f		f
bunta	wilayah:kecamatan	f		f
buntao	wilayah:kecamatan	f		f
buntulia	wilayah:kecamatan	f		f
buntumalangka	wilayah:kecamatan	f		f
bunyu	wilayah:kecamatan	f		f
buo	wilayah:kecamatan	f		f
burau	wilayah:kecamatan	f		f
burhanuddin	orang:nama-depan	f		f
burhanuddin	orang:nama-keluarga	f		f
burky	orang:nama-keluarga	f		f
burneh	wilayah:kecamatan	f		f
buruway	wilayah:kecamatan	f		f
busang	wilayah:kecamatan	f		f
bustomi	orang:nama-keluarga	f		f
busungbiu	wilayah:kecamatan	f		f
buyasuri	wilayah:kecamatan	f		f
bwefar	orang:nama-keluarga	f		f
bünyamin	orang:nama-depan	f		f
błeszyński	orang:nama-keluarga	f		f
cabangbungin	wilayah:kecamatan	f		f
cacang	orang:nama-depan	f		f
cadasari	wilayah:kecamatan	f		f
cader	orang:nama-keluarga	f		f
caesar	orang:nama-depan	f		f
cahayawati	orang:nama-keluarga	f		f
cahya	orang:nama-depan	f		f
cahyadewi	orang:nama-keluarga	f		f
cahyadi	orang:nama-keluarga	f		f
cahyaning	orang:nama-keluarga	f		f
cahyaningsih	orang:nama-keluarga	f		f
cahyo	orang:nama-depan	f		f
cahyo	orang:nama-keluarga	f		f
cahyono	orang:nama-keluarga	f		f
cai	orang:nama-keluarga	f		f
caitlin	orang:nama-depan	f		f
cakranegara	wilayah:kecamatan	f		f
cali	orang:nama-depan	f		f
calista	orang:nama-depan	f		f
callebaut	orang:nama-keluarga	f		f
callista	orang:nama-depan	f		f
calvin	orang:nama-depan	f		f
camba	wilayah:kecamatan	f		f
cambai	wilayah:kecamatan	f		f
camelia	orang:nama-depan	f		f
campaka	wilayah:kecamatan	f		f
campakamulya	wilayah:kecamatan	f		f
campalagian	wilayah:kecamatan	f		f
camplong	wilayah:kecamatan	f		f
campurdarat	wilayah:kecamatan	f		f
canchanya	orang:nama-keluarga	f		f
candani	orang:nama-keluarga	f		f
candimulyo	wilayah:kecamatan	f		f
candipuro	wilayah:kecamatan	f		f
candiroto	wilayah:kecamatan	f		f
cangkuang	wilayah:kecamatan	f		f
cannavaro	orang:nama-keluarga	f		f
cantian	wilayah:kecamatan	f		f
cantigi	wilayah:kecamatan	f		f
capkala	wilayah:kecamatan	f		f
capri	orang:nama-keluarga	f		f
carenang	wilayah:kecamatan	f		f
carina	orang:nama-depan	f		f
caringin	wilayah:kecamatan	f		f
carita	wilayah:kecamatan	f		f
cariu	wilayah:kecamatan	f		f
carl	orang:nama-depan	f		f
carla	orang:nama-depan	f		f
carli	orang:nama-keluarga	f		f
carlo	orang:nama-depan	f		f
carlos	orang:nama-depan	f		f
carlson	orang:nama-keluarga	f		f
carma	orang:nama-depan	f		f
carmela	orang:nama-depan	f		f
carmelita	orang:nama-depan	f		f
carmelita	orang:nama-keluarga	f		f
carmelo	orang:nama-depan	f		f
carmen	orang:nama-depan	f		f
carmo	orang:nama-keluarga	f		f
carnando	orang:nama-keluarga	f		f
carol	orang:nama-depan	f		f
carolina	orang:nama-depan	f		f
caroline	orang:nama-depan	f		f
caroline	orang:nama-keluarga	f		f
carolyn	orang:nama-depan	f		f
carr	orang:nama-keluarga	f		f
carrascalão	orang:nama-keluarga	f		f
carrisia	orang:nama-keluarga	f		f
cartwright	orang:nama-keluarga	f		f
carvalho	orang:nama-keluarga	f		f
cassandra	orang:nama-depan	f		f
catarina	orang:nama-depan	f		f
catharina	orang:nama-depan	f		f
catherina	orang:nama-depan	f		f
catherine	orang:nama-depan	f		f
cathleen	orang:nama-depan	f		f
cathy	orang:nama-depan	f		f
catubouw	wilayah:kecamatan	f		f
cawas	wilayah:kecamatan	f		f
caycho	orang:nama-keluarga	f		f
cecilia	orang:nama-depan	f		f
celala	wilayah:kecamatan	f		f
celia	orang:nama-depan	f		f
celia	orang:nama-keluarga	f		f
celina	orang:nama-depan	f		f
celine	orang:nama-depan	f		f
cello	orang:nama-keluarga	f		f
cempaga	wilayah:kecamatan	f		f
cenaku	wilayah:kecamatan	f		f
cenrana	wilayah:kecamatan	f		f
cepiring	wilayah:kecamatan	f		f
cepogo	wilayah:kecamatan	f		f
cerbon	wilayah:kecamatan	f		f
cerenti	wilayah:kecamatan	f		f
cerme	wilayah:kecamatan	f		f
cermee	wilayah:kecamatan	f		f
cessy	orang:nama-depan	f		f
cestaro	orang:nama-keluarga	f		f
ceureumen	wilayah:kecamatan	f		f
chaer	orang:nama-keluarga	f		f
chairul	orang:nama-depan	f		f
chalid	orang:nama-keluarga	f		f
chand	orang:nama-depan	f		f
chandra	orang:nama-depan	f		f
chandra	orang:nama-keluarga	f		f
chaniago	orang:nama-keluarga	f		f
chantal	orang:nama-depan	f		f
chapman	orang:nama-keluarga	f		f
charice	orang:nama-depan	f		f
charis	orang:nama-depan	f		f
charles	orang:nama-depan	f		f
charles	orang:nama-keluarga	f		f
charlie	orang:nama-depan	f		f
chaterine	orang:nama-depan	f		f
chay	orang:nama-keluarga	f		f
chealsea	orang:nama-depan	f		f
chedid	orang:nama-keluarga	f		f
chelin	orang:nama-depan	f		f
chelsea	orang:nama-depan	f		f
chelsie	orang:nama-depan	f		f
chelsy	orang:nama-depan	f		f
chen	orang:nama-keluarga	f		f
chendrawinata	orang:nama-keluarga	f		f
cheryl	orang:nama-depan	f		f
chia	orang:nama-keluarga	f		f
chiara	orang:nama-depan	f		f
chicco	orang:nama-depan	f		f
chico	orang:nama-depan	f		f
ching	orang:nama-depan	f		f
chintia	orang:nama-depan	f		f
chintya	orang:nama-depan	f		f
chitra	orang:nama-depan	f		f
choirie	orang:nama-keluarga	f		f
choirunnisa	orang:nama-depan	f		f
choirunnisa	orang:nama-keluarga	f		f
chrinty	orang:nama-depan	f		f
chris	orang:nama-depan	f		f
chrisnawati	orang:nama-keluarga	f		f
christabel	orang:nama-depan	f		f
christiaan	orang:nama-depan	f		f
christian	orang:nama-depan	f		f
christiana	orang:nama-depan	f		f
christiana	orang:nama-keluarga	f		f
christiarus	orang:nama-depan	f		f
christie	orang:nama-keluarga	f		f
christina	orang:nama-depan	f		f
christina	orang:nama-keluarga	f		f
christine	orang:nama-depan	f		f
christoffel	orang:nama-depan	f		f
christoffer	orang:nama-depan	f		f
christoph	orang:nama-depan	f		f
christopher	orang:nama-depan	f		f
christy	orang:nama-depan	f		f
chunsheng	orang:nama-depan	f		f
chusin	orang:nama-depan	f		f
ciambar	wilayah:kecamatan	f		f
ciampea	wilayah:kecamatan	f		f
ciampel	wilayah:kecamatan	f		f
ciara	orang:nama-depan	f		f
ciasem	wilayah:kecamatan	f		f
ciater	wilayah:kecamatan	f		f
ciawi	wilayah:kecamatan	f		f
ciawigebang	wilayah:kecamatan	f		f
cibadak	wilayah:kecamatan	f		f
cibal	wilayah:kecamatan	f		f
cibaliung	wilayah:kecamatan	f		f
cibalong	wilayah:kecamatan	f		f
cibarusah	wilayah:kecamatan	f		f
cibatu	wilayah:kecamatan	f		f
cibeber	wilayah:kecamatan	f		f
cibeunying	wilayah:kecamatan	f		f
cibeureum	wilayah:kecamatan	f		f
cibingbin	wilayah:kecamatan	f		f
cibinong	wilayah:kecamatan	f		f
cibiru	wilayah:kecamatan	f		f
cibitung	wilayah:kecamatan	f		f
cibiuk	wilayah:kecamatan	f		f
cibodas	wilayah:kecamatan	f		f
cibogo	wilayah:kecamatan	f		f
cibuaya	wilayah:kecamatan	f		f
cibugel	wilayah:kecamatan	f		f
cibungbulang	wilayah:kecamatan	f		f
cicalengka	wilayah:kecamatan	f		f
cicantayan	wilayah:kecamatan	f		f
cicendo	wilayah:kecamatan	f		f
cicurug	wilayah:kecamatan	f		f
cidadap	wilayah:kecamatan	f		f
cidahu	wilayah:kecamatan	f		f
cidaun	wilayah:kecamatan	f		f
cidolog	wilayah:kecamatan	f		f
ciemas	wilayah:kecamatan	f		f
cigalontang	wilayah:kecamatan	f		f
cigandamekar	wilayah:kecamatan	f		f
cigasong	wilayah:kecamatan	f		f
cigedug	wilayah:kecamatan	f		f
cigemblong	wilayah:kecamatan	f		f
cigeulis	wilayah:kecamatan	f		f
cigombong	wilayah:kecamatan	f		f
cigudeg	wilayah:kecamatan	f		f
cigugur	wilayah:kecamatan	f		f
cihampelas	wilayah:kecamatan	f		f
cihara	wilayah:kecamatan	f		f
cihaurbeuti	wilayah:kecamatan	f		f
cihideung	wilayah:kecamatan	f		f
cihurip	wilayah:kecamatan	f		f
cijaku	wilayah:kecamatan	f		f
cijambe	wilayah:kecamatan	f		f
cijati	wilayah:kecamatan	f		f
cijeruk	wilayah:kecamatan	f		f
cijeungjing	wilayah:kecamatan	f		f
cijulang	wilayah:kecamatan	f		f
cikadu	wilayah:kecamatan	f		f
cikajang	wilayah:kecamatan	f		f
cikakak	wilayah:kecamatan	f		f
cikalong	wilayah:kecamatan	f		f
cikalongkulon	wilayah:kecamatan	f		f
cikalongwetan	wilayah:kecamatan	f		f
cikampek	wilayah:kecamatan	f		f
cikancung	wilayah:kecamatan	f		f
cikande	wilayah:kecamatan	f		f
cikarang	wilayah:kecamatan	f		f
cikatomas	wilayah:kecamatan	f		f
cikaum	wilayah:kecamatan	f		f
cikedal	wilayah:kecamatan	f		f
cikedung	wilayah:kecamatan	f		f
cikelet	wilayah:kecamatan	f		f
cikembar	wilayah:kecamatan	f		f
cikeusal	wilayah:kecamatan	f		f
cikeusik	wilayah:kecamatan	f		f
cikidang	wilayah:kecamatan	f		f
cikijing	wilayah:kecamatan	f		f
cikole	wilayah:kecamatan	f		f
cikoneng	wilayah:kecamatan	f		f
cikulur	wilayah:kecamatan	f		f
cikupa	wilayah:kecamatan	f		f
cilaku	wilayah:kecamatan	f		f
cilamaya	wilayah:kecamatan	f		f
cilawu	wilayah:kecamatan	f		f
cilebak	wilayah:kecamatan	f		f
cilebar	wilayah:kecamatan	f		f
ciledug	wilayah:kecamatan	f		f
cileles	wilayah:kecamatan	f		f
cilengkrang	wilayah:kecamatan	f		f
cileungsi	wilayah:kecamatan	f		f
cileunyi	wilayah:kecamatan	f		f
cililin	wilayah:kecamatan	f		f
cilimus	wilayah:kecamatan	f		f
cilincing	wilayah:kecamatan	f		f
cilodong	wilayah:kecamatan	f		f
cilograng	wilayah:kecamatan	f		f
cilongok	wilayah:kecamatan	f		f
cimalaka	wilayah:kecamatan	f		f
cimanggis	wilayah:kecamatan	f		f
cimanggu	wilayah:kecamatan	f		f
cimanggung	wilayah:kecamatan	f		f
cimanuk	wilayah:kecamatan	f		f
cimaragas	wilayah:kecamatan	f		f
cimarga	wilayah:kecamatan	f		f
cimaung	wilayah:kecamatan	f		f
cimenyan	wilayah:kecamatan	f		f
cimerak	wilayah:kecamatan	f		f
cinambo	wilayah:kecamatan	f		f
cinangka	wilayah:kecamatan	f		f
cindana	orang:nama-depan	f		f
cindi	orang:nama-depan	f		f
cindiani	orang:nama-keluarga	f		f
cindy	orang:nama-depan	f		f
cineam	wilayah:kecamatan	f		f
cinere	wilayah:kecamatan	f		f
cingambul	wilayah:kecamatan	f		f
ciniru	wilayah:kecamatan	f		f
cintapuri	wilayah:kecamatan	f		f
cinthia	orang:nama-depan	f		f
cintya	orang:nama-depan	f		f
ciomas	wilayah:kecamatan	f		f
cipaku	wilayah:kecamatan	f		f
cipanas	wilayah:kecamatan	f		f
ciparay	wilayah:kecamatan	f		f
cipari	wilayah:kecamatan	f		f
cipatat	wilayah:kecamatan	f		f
cipatujah	wilayah:kecamatan	f		f
cipedes	wilayah:kecamatan	f		f
cipeucang	wilayah:kecamatan	f		f
cipeundeuy	wilayah:kecamatan	f		f
cipicung	wilayah:kecamatan	f		f
cipocok	wilayah:kecamatan	f		f
cipondoh	wilayah:kecamatan	f		f
cipongkor	wilayah:kecamatan	f		f
cipto	orang:nama-depan	f		f
cipunagara	wilayah:kecamatan	f		f
ciputat	wilayah:kecamatan	f		f
ciracap	wilayah:kecamatan	f		f
ciranjang	wilayah:kecamatan	f		f
cireunghas	wilayah:kecamatan	f		f
cirinten	wilayah:kecamatan	f		f
ciruas	wilayah:kecamatan	f		f
cisaat	wilayah:kecamatan	f		f
cisaga	wilayah:kecamatan	f		f
cisalak	wilayah:kecamatan	f		f
cisarua	wilayah:kecamatan	f		f
cisata	wilayah:kecamatan	f		f
cisauk	wilayah:kecamatan	f		f
cisayong	wilayah:kecamatan	f		f
cisca	orang:nama-depan	f		f
ciseeng	wilayah:kecamatan	f		f
cisewu	wilayah:kecamatan	f		f
cisita	orang:nama-depan	f		f
cisitu	wilayah:kecamatan	f		f
cisoka	wilayah:kecamatan	f		f
cisolok	wilayah:kecamatan	f		f
cisompet	wilayah:kecamatan	f		f
cisurupan	wilayah:kecamatan	f		f
citamiang	wilayah:kecamatan	f		f
citangkil	wilayah:kecamatan	f		f
citeureup	wilayah:kecamatan	f		f
citta	wilayah:kecamatan	f		f
ciwandan	wilayah:kecamatan	f		f
ciwaringin	wilayah:kecamatan	f		f
ciwaru	wilayah:kecamatan	f		f
ciwidey	wilayah:kecamatan	f		f
claire	orang:nama-depan	f		f
clairine	orang:nama-depan	f		f
clara	orang:nama-depan	f		f
clarisa	orang:nama-depan	f		f
clarissa	orang:nama-depan	f		f
claude	orang:nama-depan	f		f
claudia	orang:nama-depan	f		f
claudio	orang:nama-depan	f		f
clay	orang:nama-depan	f		f
clay	orang:nama-keluarga	f		f
clement	orang:nama-depan	f		f
cleopatra	orang:nama-depan	f		f
cleosa	orang:nama-depan	f		f
cliff	orang:nama-depan	f		f
cliffton	orang:nama-depan	f		f
clinton	orang:nama-depan	f		f
cluring	wilayah:kecamatan	f		f
cluwak	wilayah:kecamatan	f		f
coblong	wilayah:kecamatan	f		f
coldenhoff	orang:nama-keluarga	f		f
colin	orang:nama-keluarga	f		f
collin	orang:nama-keluarga	f		f
colomadu	wilayah:kecamatan	f		f
colondam	orang:nama-keluarga	f		f
comal	wilayah:kecamatan	f		f
conchita	orang:nama-depan	f		f
conggeang	wilayah:kecamatan	f		f
congkar	wilayah:kecamatan	f		f
conni	orang:nama-depan	f		f
connie	orang:nama-depan	f		f
conny	orang:nama-depan	f		f
conradus	orang:nama-depan	f		f
constant	orang:nama-depan	f		f
contessa	orang:nama-keluarga	f		f
coppen	orang:nama-keluarga	f		f
coralie	orang:nama-depan	f		f
corina	orang:nama-depan	f		f
corla	orang:nama-keluarga	f		f
cornel	orang:nama-depan	f		f
cornelia	orang:nama-depan	f		f
cornelia	orang:nama-keluarga	f		f
cornelio	orang:nama-depan	f		f
cornelis	orang:nama-depan	f		f
cornelius	orang:nama-depan	f		f
corona	orang:nama-depan	f		f
corry	orang:nama-depan	f		f
coscina	orang:nama-keluarga	f		f
cosmas	orang:nama-depan	f		f
cot	wilayah:kecamatan	f		f
cotto	orang:nama-keluarga	f		f
crhystine	orang:nama-depan	f		f
cristian	orang:nama-depan	f		f
crump	orang:nama-keluarga	f		f
cugenang	wilayah:kecamatan	f		f
cukuh	wilayah:kecamatan	f		f
culamega	wilayah:kecamatan	f		f
cull	orang:nama-keluarga	f		f
cunha	orang:nama-keluarga	f		f
curahdami	wilayah:kecamatan	f		f
curio	wilayah:kecamatan	f		f
curtis	orang:nama-keluarga	f		f
curug	wilayah:kecamatan	f		f
curugbitung	wilayah:kecamatan	f		f
curugkembar	wilayah:kecamatan	f		f
curup	wilayah:kecamatan	f		f
cynthia	orang:nama-depan	f		f
cyntia	orang:nama-depan	f		f
cyrus	orang:nama-depan	f		f
daan	orang:nama-depan	f		f
dabun	wilayah:kecamatan	f		f
dadahup	wilayah:kecamatan	f		f
dadan	orang:nama-depan	f		f
dadang	orang:nama-depan	f		f
daeva	orang:nama-depan	f		f
dafandi	orang:nama-keluarga	f		f
dagai	wilayah:kecamatan	f		f
daguise	orang:nama-keluarga	f		f
daha	wilayah:kecamatan	f		f
dahl	orang:nama-keluarga	f		f
dahlan	orang:nama-keluarga	f		f
daisy	orang:nama-depan	f		f
dako	wilayah:kecamatan	f		f
dalila	orang:nama-depan	f		f
dallas	orang:nama-depan	f		f
dallen	orang:nama-depan	f		f
dalton	orang:nama-keluarga	f		f
damang	wilayah:kecamatan	f		f
damau	wilayah:kecamatan	f		f
damayani	orang:nama-keluarga	f		f
damayanti	orang:nama-depan	f		f
damayanti	orang:nama-keluarga	f		f
damer	wilayah:kecamatan	f		f
damhoeri	orang:nama-keluarga	f		f
damien	orang:nama-depan	f		f
damono	orang:nama-keluarga	f		f
dampelas	wilayah:kecamatan	f		f
dander	wilayah:kecamatan	f		f
dangia	wilayah:kecamatan	f		f
dangku	wilayah:kecamatan	f		f
dani	orang:nama-depan	f		f
dani	orang:nama-keluarga	f		f
dani	wilayah:kecamatan	f		f
dania	orang:nama-keluarga	f		f
daniel	orang:nama-depan	f		f
daniella	orang:nama-depan	f		f
danil	orang:nama-depan	f		f
danilla	orang:nama-depan	f		f
danime	wilayah:kecamatan	f		f
danisa	orang:nama-depan	f		f
danny	orang:nama-depan	f		f
dante	orang:nama-depan	f		f
danu	orang:nama-keluarga	f		f
dany	orang:nama-depan	f		f
dapo	wilayah:kecamatan	f		f
dapurang	wilayah:kecamatan	f		f
darajat	orang:nama-keluarga	f		f
darangdan	wilayah:kecamatan	f		f
darius	orang:nama-depan	f		f
darmaatmadja	orang:nama-keluarga	f		f
darmadi	orang:nama-depan	f		f
darmaraja	wilayah:kecamatan	f		f
darmawan	orang:nama-depan	f		f
darmawi	orang:nama-depan	f		f
darren	orang:nama-depan	f		f
darryl	orang:nama-depan	f		f
dartagnan	orang:nama-keluarga	f		f
darul	wilayah:kecamatan	f		f
darusman	orang:nama-depan	f		f
darussalam	wilayah:kecamatan	f		f
darwanto	orang:nama-keluarga	f		f
darwin	orang:nama-depan	f		f
darwin	orang:nama-keluarga	f		f
daryanani	orang:nama-keluarga	f		f
dasuk	wilayah:kecamatan	f		f
dasuki	orang:nama-keluarga	f		f
dau	wilayah:kecamatan	f		f
daud	orang:nama-depan	f		f
dave	orang:nama-depan	f		f
david	orang:nama-depan	f		f
davidson	orang:nama-keluarga	f		f
davin	orang:nama-depan	f		f
davina	orang:nama-depan	f		f
davis	orang:nama-depan	f		f
dawarblandong	wilayah:kecamatan	f		f
dawe	wilayah:kecamatan	f		f
dawelor	wilayah:kecamatan	f		f
dawera	wilayah:kecamatan	f		f
dawson	orang:nama-keluarga	f		f
dawuan	wilayah:kecamatan	f		f
day	orang:nama-keluarga	f		f
dayeuhkolot	wilayah:kecamatan	f		f
dayeuhluhur	wilayah:kecamatan	f		f
dayun	wilayah:kecamatan	f		f
dea	orang:nama-depan	f		f
dean	orang:nama-depan	f		f
deanika	orang:nama-keluarga	f		f
deariska	orang:nama-depan	f		f
debai	wilayah:kecamatan	f		f
debbie	orang:nama-depan	f		f
debby	orang:nama-depan	f		f
debora	orang:nama-depan	f		f
dede	orang:nama-depan	f		f
dedy	orang:nama-depan	f		f
deedat	orang:nama-depan	f		f
dejan	orang:nama-depan	f		f
dekai	wilayah:kecamatan	f		f
deket	wilayah:kecamatan	f		f
dekker	orang:nama-keluarga	f		f
delang	wilayah:kecamatan	f		f
delanggu	wilayah:kecamatan	f		f
deleng	wilayah:kecamatan	f		f
delfi	orang:nama-depan	f		f
deli	wilayah:kabupaten-kota	f		f
deli	wilayah:kecamatan	f		f
delia	orang:nama-depan	f		f
deliana	orang:nama-depan	f		f
della	orang:nama-depan	f		f
dellis	orang:nama-depan	f		f
delon	orang:nama-depan	f		f
delvina	orang:nama-keluarga	f		f
delynugraha	orang:nama-keluarga	f		f
deman	wilayah:kecamatan	f		f
demba	wilayah:kecamatan	f		f
demin	orang:nama-keluarga	f		f
dempo	wilayah:kecamatan	f		f
demta	wilayah:kecamatan	f		f
dendy	orang:nama-depan	f		f
dengilo	wilayah:kecamatan	f		f
deni	orang:nama-depan	f		f
denik	orang:nama-depan	f		f
denis	orang:nama-depan	f		f
denisa	orang:nama-depan	f		f
denise	orang:nama-depan	f		f
dennis	orang:nama-depan	f		f
denny	orang:nama-depan	f		f
dente	wilayah:kecamatan	f		f
deny	orang:nama-depan	f		f
deny	orang:nama-keluarga	f		f
depapre	wilayah:kecamatan	f		f
depati	wilayah:kecamatan	f		f
der	orang:nama-keluarga	f		f
der	wilayah:kecamatan	f		f
derawan	wilayah:kecamatan	f		f
dervos	wilayah:kecamatan	f		f
desandha	orang:nama-depan	f		f
desi	orang:nama-depan	f		f
desi	orang:nama-keluarga	f		f
desiderianti	orang:nama-keluarga	f		f
desima	orang:nama-depan	f		f
desmoelya	orang:nama-depan	f		f
desmond	orang:nama-depan	f		f
dessy	orang:nama-depan	f		f
desta	orang:nama-keluarga	f		f
destiara	orang:nama-depan	f		f
deswanti	orang:nama-depan	f		f
desy	orang:nama-depan	f		f
detukeli	wilayah:kecamatan	f		f
detusoko	wilayah:kecamatan	f		f
devi	orang:nama-depan	f		f
devi	orang:nama-keluarga	f		f
devianti	orang:nama-depan	f		f
devin	orang:nama-depan	f		f
devina	orang:nama-depan	f		f
devita	orang:nama-depan	f		f
dewagraha	orang:nama-keluarga	f		f
dewantara	wilayah:kecamatan	f		f
dewantoro	orang:nama-depan	f		f
dewiyanti	orang:nama-keluarga	f		f
dexter	orang:nama-depan	f		f
deya	orang:nama-depan	f		f
deya	wilayah:kecamatan	f		f
deyana	orang:nama-depan	f		f
dhanriano	orang:nama-keluarga	f		f
dhany	orang:nama-depan	f		f
dharma	orang:nama-depan	f		f
dharma	orang:nama-keluarga	f		f
dharmadi	orang:nama-keluarga	f		f
dhea	orang:nama-depan	f		f
dheva	orang:nama-depan	f		f
dhia	orang:nama-depan	f		f
dhinda	orang:nama-depan	f		f
dhira	orang:nama-depan	f		f
diana	orang:nama-depan	f		f
diana	orang:nama-keluarga	f		f
diandra	orang:nama-depan	f		f
dianita	orang:nama-depan	f		f
diatas	wilayah:kecamatan	f		f
diateh	wilayah:kecamatan	f		f
diaz	orang:nama-keluarga	f		f
dick	orang:nama-depan	f		f
dicky	orang:nama-depan	f		f
didi	orang:nama-depan	f		f
didit	orang:nama-depan	f		f
didohu	wilayah:kecamatan	f		f
diego	orang:nama-depan	f		f
digoel	wilayah:kabupaten-kota	f		f
dihaji	wilayah:kecamatan	f		f
dihardja	orang:nama-keluarga	f		f
dijkstra	orang:nama-keluarga	f		f
diks	orang:nama-keluarga	f		f
dili	orang:nama-keluarga	f		f
dilla	orang:nama-keluarga	f		f
dillon	orang:nama-keluarga	f		f
dimas	orang:nama-depan	f		f
dimas	orang:nama-keluarga	f		f
dimba	wilayah:kecamatan	f		f
dimembe	wilayah:kecamatan	f		f
dinata	orang:nama-keluarga	f		f
dion	orang:nama-depan	f		f
dion	orang:nama-keluarga	f		f
dionny	orang:nama-depan	f		f
dionysius	orang:nama-depan	f		f
dipa	wilayah:kecamatan	f		f
dirhamsyah	orang:nama-depan	f		f
dirk	orang:nama-depan	f		f
dirwemna	wilayah:kecamatan	f		f
dita	orang:nama-depan	f		f
ditmar	orang:nama-depan	f		f
ditta	orang:nama-depan	f		f
ditya	orang:nama-depan	f		f
diva	orang:nama-depan	f		f
diwek	wilayah:kecamatan	f		f
djaelawijaya	orang:nama-keluarga	f		f
djair	orang:nama-depan	f		f
djaliteng	orang:nama-depan	f		f
djaliteng	orang:nama-keluarga	f		f
djamal	orang:nama-depan	f		f
djamaluddin	orang:nama-keluarga	f		f
djian	orang:nama-depan	f		f
djide	orang:nama-keluarga	f		f
djiwandono	orang:nama-keluarga	f		f
djobo	orang:nama-keluarga	f		f
djojohadikusumo	orang:nama-keluarga	f		f
djojopoespito	orang:nama-keluarga	f		f
djoko	orang:nama-depan	f		f
djorghi	orang:nama-keluarga	f		f
djufri	orang:nama-depan	f		f
djundy	orang:nama-keluarga	f		f
dlanggu	wilayah:kecamatan	f		f
dodi	orang:nama-depan	f		f
dody	orang:nama-depan	f		f
doga	wilayah:kecamatan	f		f
dogomo	wilayah:kecamatan	f		f
doke	orang:nama-keluarga	f		f
dokome	wilayah:kecamatan	f		f
dolly	orang:nama-depan	f		f
dolo	wilayah:kecamatan	f		f
dolog	wilayah:kecamatan	f		f
dolopo	wilayah:kecamatan	f		f
dominggus	orang:nama-depan	f		f
dominic	orang:nama-depan	f		f
dominicus	orang:nama-depan	f		f
dominikus	orang:nama-depan	f		f
dominique	orang:nama-depan	f		f
don	orang:nama-depan	f		f
donatus	orang:nama-depan	f		f
dondo	wilayah:kecamatan	f		f
dondokambey	orang:nama-keluarga	f		f
donggo	wilayah:kecamatan	f		f
dongko	wilayah:kecamatan	f		f
donna	orang:nama-depan	f		f
donnie	orang:nama-depan	f		f
donny	orang:nama-depan	f		f
donomulyo	wilayah:kecamatan	f		f
donorojo	wilayah:kecamatan	f		f
donri	wilayah:kecamatan	f		f
dora	orang:nama-depan	f		f
doreng	wilayah:kecamatan	f		f
doris	orang:nama-depan	f		f
doro	wilayah:kecamatan	f		f
dorothea	orang:nama-depan	f		f
doufo	wilayah:kecamatan	f		f
douwes	orang:nama-keluarga	f		f
dow	wilayah:kecamatan	f		f
drajat	orang:nama-depan	f		f
dramaga	wilayah:kecamatan	f		f
dransfield	orang:nama-keluarga	f		f
dringu	wilayah:kecamatan	f		f
driyorejo	wilayah:kecamatan	f		f
duabesi	wilayah:kecamatan	f		f
duairi	wilayah:kecamatan	f		f
duampanua	wilayah:kecamatan	f		f
duapitue	wilayah:kecamatan	f		f
dudi	orang:nama-depan	f		f
duduksampeyan	wilayah:kecamatan	f		f
due	orang:nama-keluarga	f		f
duhiadaa	wilayah:kecamatan	f		f
dukuhseti	wilayah:kecamatan	f		f
dukuhturi	wilayah:kecamatan	f		f
dukuhwaru	wilayah:kecamatan	f		f
dukupuntang	wilayah:kecamatan	f		f
dullah	wilayah:kecamatan	f		f
dulupi	wilayah:kecamatan	f		f
dumadama	wilayah:kecamatan	f		f
dumbo	wilayah:kecamatan	f		f
dumoga	wilayah:kecamatan	f		f
dundu	wilayah:kecamatan	f		f
dungaliyo	wilayah:kecamatan	f		f
dungingi	wilayah:kecamatan	f		f
dungkek	wilayah:kecamatan	f		f
duni	orang:nama-keluarga	f		f
dunn	orang:nama-keluarga	f		f
duo	wilayah:kecamatan	f		f
durai	wilayah:kecamatan	f		f
duram	wilayah:kecamatan	f		f
durenan	wilayah:kecamatan	f		f
duripoku	wilayah:kecamatan	f		f
duruka	wilayah:kecamatan	f		f
dustin	orang:nama-depan	f		f
dwi	orang:nama-depan	f		f
dwiantoro	orang:nama-keluarga	f		f
dwicahyo	orang:nama-keluarga	f		f
dwight	orang:nama-depan	f		f
dwijayanti	orang:nama-depan	f		f
dwiki	orang:nama-depan	f		f
dwipuji	orang:nama-depan	f		f
dwiyanti	orang:nama-depan	f		f
dyah	orang:nama-depan	f		f
dzakira	orang:nama-depan	f		f
dávid	orang:nama-depan	f		f
early	orang:nama-depan	f		f
early	orang:nama-keluarga	f		f
eben	orang:nama-keluarga	f		f
ebisawa	orang:nama-keluarga	f		f
ebrahim	orang:nama-depan	f		f
ebungfao	wilayah:kecamatan	f		f
eddi	orang:nama-depan	f		f
eddie	orang:nama-depan	f		f
eddy	orang:nama-depan	f		f
edelényi	orang:nama-keluarga	f		f
eden	orang:nama-keluarga	f		f
edera	wilayah:kecamatan	f		f
edgar	orang:nama-depan	f		f
edi	orang:nama-depan	f		f
edison	orang:nama-depan	f		f
edmon	orang:nama-depan	f		f
edmund	orang:nama-depan	f		f
edo	orang:nama-depan	f		f
edric	orang:nama-depan	f		f
edrich	orang:nama-depan	f		f
eduard	orang:nama-depan	f		f
eduardo	orang:nama-depan	f		f
eduardus	orang:nama-depan	f		f
edvina	orang:nama-depan	f		f
edward	orang:nama-depan	f		f
edwin	orang:nama-depan	f		f
edwin	orang:nama-keluarga	f		f
edy	orang:nama-depan	f		f
effendi	orang:nama-depan	f		f
effendi	orang:nama-keluarga	f		f
effendy	orang:nama-depan	f		f
effendy	orang:nama-keluarga	f		f
efraim	orang:nama-keluarga	f		f
egiam	wilayah:kecamatan	f		f
egidia	orang:nama-depan	f		f
eileen	orang:nama-depan	f		f
eipumek	wilayah:kecamatan	f		f
eka	orang:nama-depan	f		f
eka	orang:nama-keluarga	f		f
ekadide	wilayah:kecamatan	f		f
ekayana	orang:nama-keluarga	f		f
eko	orang:nama-depan	f		f
eko	orang:nama-keluarga	f		f
ekop	orang:nama-depan	f		f
ekopranoto	orang:nama-keluarga	f		f
elaine	orang:nama-depan	f		f
elar	wilayah:kecamatan	f		f
elbert	orang:nama-depan	f		f
elelim	wilayah:kecamatan	f		f
elena	orang:nama-depan	f		f
eleonora	orang:nama-depan	f		f
elfa	orang:nama-depan	f		f
elfin	orang:nama-depan	f		f
elfira	orang:nama-depan	f		f
eli	orang:nama-depan	f		f
eliano	orang:nama-depan	f		f
elias	orang:nama-depan	f		f
elias	orang:nama-keluarga	f		f
elie	orang:nama-depan	f		f
elikobal	wilayah:kecamatan	f		f
elin	orang:nama-depan	f		f
elina	orang:nama-depan	f		f
elisa	orang:nama-depan	f		f
elisabeth	orang:nama-depan	f		f
elisabeth	orang:nama-keluarga	f		f
eliza	orang:nama-depan	f		f
eliza	orang:nama-keluarga	f		f
elizabeth	orang:nama-depan	f		f
elizabeth	orang:nama-keluarga	f		f
ella	orang:nama-depan	f		f
ella	wilayah:kecamatan	f		f
ellemers	orang:nama-keluarga	f		f
ellen	orang:nama-depan	f		f
ellis	orang:nama-keluarga	f		f
elly	orang:nama-depan	f		f
ellya	orang:nama-depan	f		f
elma	orang:nama-depan	f		f
elmir	orang:nama-depan	f		f
elmyati	orang:nama-keluarga	f		f
elohim	orang:nama-keluarga	f		f
elora	orang:nama-depan	f		f
elpaputih	wilayah:kecamatan	f		f
els	orang:nama-depan	f		f
elsa	orang:nama-depan	f		f
elsadai	orang:nama-keluarga	f		f
elvany	orang:nama-keluarga	f		f
elviana	orang:nama-depan	f		f
elvira	orang:nama-depan	f		f
elvis	orang:nama-depan	f		f
elya	orang:nama-depan	f		f
elyzabeth	orang:nama-depan	f		f
ema	orang:nama-depan	f		f
eman	orang:nama-depan	f		f
eman	orang:nama-keluarga	f		f
emanuel	orang:nama-depan	f		f
emanuelle	orang:nama-depan	f		f
embaloh	wilayah:kecamatan	f		f
embetpen	wilayah:kecamatan	f		f
emil	orang:nama-depan	f		f
emile	orang:nama-depan	f		f
emilia	orang:nama-depan	f		f
emma	orang:nama-depan	f		f
emmanuel	orang:nama-depan	f		f
emmanuel	orang:nama-keluarga	f		f
emmita	orang:nama-depan	f		f
emmy	orang:nama-depan	f		f
empanang	wilayah:kecamatan	f		f
emy	orang:nama-depan	f		f
enda	orang:nama-depan	f		f
endi	orang:nama-depan	f		f
endomen	wilayah:kecamatan	f		f
endra	orang:nama-depan	f		f
ene	wilayah:kecamatan	f		f
eng	orang:nama-depan	f		f
engau	wilayah:kecamatan	f		f
engel	orang:nama-depan	f		f
engelbert	orang:nama-depan	f		f
engga	orang:nama-depan	f		f
enggal	wilayah:kecamatan	f		f
enggano	wilayah:kecamatan	f		f
enggira	orang:nama-depan	f		f
enim	wilayah:kabupaten-kota	f		f
enim	wilayah:kecamatan	f		f
enny	orang:nama-depan	f		f
eno	orang:nama-depan	f		f
enoch	orang:nama-depan	f		f
enok	wilayah:kecamatan	f		f
enrico	orang:nama-depan	f		f
enroe	orang:nama-depan	f		f
entikong	wilayah:kecamatan	f		f
enus	orang:nama-depan	f		f
eny	orang:nama-depan	f		f
enzi	orang:nama-depan	f		f
epat	wilayah:kecamatan	f		f
eprilia	orang:nama-depan	f		f
eragayam	wilayah:kecamatan	f		f
erda	orang:nama-depan	f		f
erelmakawia	wilayah:kecamatan	f		f
eremerasa	wilayah:kecamatan	f		f
erfando	orang:nama-depan	f		f
erga	orang:nama-keluarga	f		f
eri	orang:nama-depan	f		f
eriawan	orang:nama-keluarga	f		f
eric	orang:nama-depan	f		f
erica	orang:nama-depan	f		f
erich	orang:nama-depan	f		f
erick	orang:nama-depan	f		f
erika	orang:nama-depan	f		f
erina	orang:nama-depan	f		f
erine	orang:nama-depan	f		f
eris	wilayah:kecamatan	f		f
erland	orang:nama-depan	f		f
erlangga	orang:nama-keluarga	f		f
erlina	orang:nama-depan	f		f
erlita	orang:nama-depan	f		f
erma	orang:nama-depan	f		f
erma	wilayah:kecamatan	f		f
ermawati	orang:nama-keluarga	f		f
ermelina	orang:nama-depan	f		f
ermina	orang:nama-depan	f		f
erna	orang:nama-depan	f		f
erna	orang:nama-keluarga	f		f
ernest	orang:nama-depan	f		f
ernestan	orang:nama-depan	f		f
ernesto	orang:nama-depan	f		f
erni	orang:nama-depan	f		f
ernita	orang:nama-keluarga	f		f
ernst	orang:nama-depan	f		f
erny	orang:nama-depan	f		f
erol	orang:nama-depan	f		f
eromoko	wilayah:kecamatan	f		f
eron	orang:nama-depan	f		f
eros	orang:nama-depan	f		f
errol	orang:nama-depan	f		f
ersa	orang:nama-depan	f		f
ersa	orang:nama-keluarga	f		f
ersalita	orang:nama-keluarga	f		f
ertanto	orang:nama-depan	f		f
ervina	orang:nama-depan	f		f
erwan	orang:nama-depan	f		f
erwiansyah	orang:nama-keluarga	f		f
erwin	orang:nama-depan	f		f
escobar	orang:nama-keluarga	f		f
esiwa	wilayah:kecamatan	f		f
eska	orang:nama-depan	f		f
eslah	orang:nama-keluarga	f		f
essa	orang:nama-depan	f		f
essang	wilayah:kecamatan	f		f
estefania	orang:nama-depan	f		f
estelita	orang:nama-depan	f		f
estella	orang:nama-depan	f		f
estelle	orang:nama-depan	f		f
esteria	orang:nama-depan	f		f
esther	orang:nama-depan	f		f
eti	orang:nama-depan	f		f
eti	wilayah:kecamatan	f		f
etna	wilayah:kecamatan	f		f
etty	orang:nama-depan	f		f
etō	orang:nama-keluarga	f		f
eugenia	orang:nama-depan	f		f
eusebio	orang:nama-depan	f		f
eva	orang:nama-depan	f		f
evac	orang:nama-depan	f		f
evan	orang:nama-depan	f		f
evangelista	orang:nama-keluarga	f		f
evans	orang:nama-keluarga	f		f
evaria	orang:nama-depan	f		f
eve	orang:nama-depan	f		f
evelin	orang:nama-depan	f		f
eveline	orang:nama-depan	f		f
evelyn	orang:nama-depan	f		f
evert	orang:nama-depan	f		f
evi	orang:nama-depan	f		f
evie	orang:nama-depan	f		f
evita	orang:nama-depan	f		f
evvi	orang:nama-depan	f		f
ewaldus	orang:nama-depan	f		f
ezra	orang:nama-depan	f		f
faathir	orang:nama-depan	f		f
faber	orang:nama-keluarga	f		f
fabian	orang:nama-depan	f		f
fabiano	orang:nama-depan	f		f
fabienne	orang:nama-depan	f		f
fabio	orang:nama-depan	f		f
fabiola	orang:nama-depan	f		f
fabiënne	orang:nama-depan	f		f
fabyola	orang:nama-keluarga	f		f
fachri	orang:nama-depan	f		f
fachrikar	orang:nama-keluarga	f		f
fachryza	orang:nama-depan	f		f
fadel	orang:nama-depan	f		f
fadhila	orang:nama-depan	f		f
fadhilah	orang:nama-keluarga	f		f
fadia	orang:nama-depan	f		f
fadilla	orang:nama-depan	f		f
fadillah	orang:nama-depan	f		f
fadillah	orang:nama-keluarga	f		f
fadli	orang:nama-depan	f		f
fafan	wilayah:kecamatan	f		f
fafinesu	wilayah:kecamatan	f		f
fafurwar	wilayah:kecamatan	f		f
fahira	orang:nama-depan	f		f
fahlevi	orang:nama-depan	f		f
fahrid	orang:nama-depan	f		f
fairuz	orang:nama-keluarga	f		f
faisal	orang:nama-depan	f		f
faisei	wilayah:kecamatan	f		f
faiz	orang:nama-depan	f		f
faiza	orang:nama-depan	f		f
faizal	orang:nama-depan	f		f
fajirn	orang:nama-keluarga	f		f
fajri	orang:nama-keluarga	f		f
fak	wilayah:kecamatan	f		f
fakhr	orang:nama-depan	f		f
fanayama	wilayah:kecamatan	f		f
fanetri	orang:nama-keluarga	f		f
fanny	orang:nama-depan	f		f
faradilla	orang:nama-keluarga	f		f
farah	orang:nama-depan	f		f
farahnailah	orang:nama-keluarga	f		f
farhan	orang:nama-keluarga	f		f
farhana	orang:nama-depan	f		f
farica	orang:nama-depan	f		f
farid	orang:nama-depan	f		f
farid	orang:nama-keluarga	f		f
farida	orang:nama-depan	f		f
farida	orang:nama-keluarga	f		f
faris	orang:nama-depan	f		f
fariz	orang:nama-depan	f		f
farizi	orang:nama-keluarga	f		f
farouk	orang:nama-depan	f		f
farrel	orang:nama-keluarga	f		f
farrell	orang:nama-keluarga	f		f
faruk	orang:nama-depan	f		f
fasli	orang:nama-depan	f		f
fatasya	orang:nama-keluarga	f		f
fatetani	orang:nama-keluarga	f		f
fathia	orang:nama-depan	f		f
fathkul	orang:nama-depan	f		f
fatih	orang:nama-depan	f		f
fatimah	orang:nama-depan	f		f
fatin	orang:nama-depan	f		f
fatmawati	orang:nama-keluarga	f		f
fatukopa	wilayah:kecamatan	f		f
fatuleu	wilayah:kecamatan	f		f
fatumnasi	wilayah:kecamatan	f		f
faustina	orang:nama-keluarga	f		f
fautmolo	wilayah:kecamatan	f		f
fauzan	orang:nama-depan	f		f
fauzi	orang:nama-depan	f		f
fauzi	orang:nama-keluarga	f		f
fauziah	orang:nama-keluarga	f		f
fawi	wilayah:kecamatan	f		f
faye	orang:nama-depan	f		f
fayit	wilayah:kecamatan	f		f
faza	orang:nama-keluarga	f		f
febby	orang:nama-depan	f		f
febe	orang:nama-depan	f		f
febi	orang:nama-depan	f		f
febri	orang:nama-depan	f		f
febriana	orang:nama-depan	f		f
febriyan	orang:nama-depan	f		f
febryto	orang:nama-keluarga	f		f
febtria	orang:nama-depan	f		f
fef	wilayah:kecamatan	f		f
feinya	orang:nama-depan	f		f
felder	orang:nama-keluarga	f		f
felicia	orang:nama-depan	f		f
felicitas	orang:nama-depan	f		f
feliks	orang:nama-depan	f		f
felisha	orang:nama-depan	f		f
felita	orang:nama-depan	f		f
felix	orang:nama-depan	f		f
felix	orang:nama-keluarga	f		f
fena	wilayah:kecamatan	f		f
fenady	orang:nama-keluarga	f		f
fendy	orang:nama-depan	f		f
feng	orang:nama-depan	f		f
fennert	orang:nama-keluarga	f		f
feodora	orang:nama-depan	f		f
feotleu	wilayah:kecamatan	f		f
ferdian	orang:nama-depan	f		f
ferdinand	orang:nama-depan	f		f
ferdinansyah	orang:nama-keluarga	f		f
fergina	orang:nama-depan	f		f
ferial	orang:nama-depan	f		f
feriyanto	orang:nama-keluarga	f		f
fernaldi	orang:nama-depan	f		f
fernanda	orang:nama-depan	f		f
fernanda	orang:nama-keluarga	f		f
fernandez	orang:nama-keluarga	f		f
fernando	orang:nama-depan	f		f
fernardin	orang:nama-keluarga	f		f
ferry	orang:nama-depan	f		f
ferzi	orang:nama-depan	f		f
fevta	orang:nama-keluarga	f		f
fida	orang:nama-depan	f		f
fikri	orang:nama-depan	f		f
fikri	orang:nama-keluarga	f		f
filep	orang:nama-depan	f		f
filomeno	orang:nama-depan	f		f
finarsih	orang:nama-keluarga	f		f
fiona	orang:nama-depan	f		f
fionnuala	orang:nama-depan	f		f
fiqilahi	orang:nama-depan	f		f
fira	orang:nama-depan	f		f
firbaya	orang:nama-keluarga	f		f
firdasari	orang:nama-keluarga	f		f
firiwage	wilayah:kecamatan	f		f
fitria	orang:nama-depan	f		f
fitria	orang:nama-keluarga	f		f
fitriani	orang:nama-depan	f		f
fitriani	orang:nama-keluarga	f		f
fitriawan	orang:nama-keluarga	f		f
flandy	orang:nama-depan	f		f
flip	orang:nama-depan	f		f
florence	orang:nama-depan	f		f
florencya	orang:nama-keluarga	f		f
florensia	orang:nama-depan	f		f
florentinus	orang:nama-depan	f		f
florenza	orang:nama-depan	f		f
flores	wilayah:kabupaten-kota	f		f
foeh	orang:nama-keluarga	f		f
fofi	wilayah:kecamatan	f		f
fokour	wilayah:kecamatan	f		f
fordata	wilayah:kecamatan	f		f
fran	orang:nama-depan	f		f
france	orang:nama-depan	f		f
francine	orang:nama-depan	f		f
francis	orang:nama-depan	f		f
francisca	orang:nama-depan	f		f
francisco	orang:nama-depan	f		f
franciscus	orang:nama-depan	f		f
frank	orang:nama-depan	f		f
franka	orang:nama-depan	f		f
franklin	orang:nama-depan	f		f
franklin	orang:nama-keluarga	f		f
frans	orang:nama-depan	f		f
fransisca	orang:nama-depan	f		f
fransiskus	orang:nama-depan	f		f
franz	orang:nama-depan	f		f
franziska	orang:nama-depan	f		f
françois	orang:nama-depan	f		f
frazetta	orang:nama-keluarga	f		f
fred	orang:nama-depan	f		f
freddy	orang:nama-depan	f		f
frederica	orang:nama-depan	f		f
frederick	orang:nama-depan	f		f
frederik	orang:nama-depan	f		f
frederika	orang:nama-depan	f		f
fredrik	orang:nama-depan	f		f
fredy	orang:nama-depan	f		f
freeisy	orang:nama-depan	f		f
frengky	orang:nama-depan	f		f
freya	orang:nama-depan	f		f
frida	orang:nama-depan	f		f
fridolin	orang:nama-depan	f		f
friedrich	orang:nama-depan	f		f
frisca	orang:nama-depan	f		f
frits	orang:nama-depan	f		f
fritz	orang:nama-depan	f		f
fuadi	orang:nama-depan	f		f
fung	orang:nama-depan	f		f
furwagi	wilayah:kecamatan	f		f
fushou	orang:nama-depan	f		f
fuyu	orang:nama-depan	f		f
fāṭima	orang:nama-depan	f		f
gabek	wilayah:kecamatan	f		f
gabra	orang:nama-keluarga	f		f
gabriel	orang:nama-depan	f		f
gabriela	orang:nama-depan	f		f
gabriella	orang:nama-depan	f		f
gabriella	orang:nama-keluarga	f		f
gabuswetan	wilayah:kecamatan	f		f
gadingrejo	wilayah:kecamatan	f		f
gadiza	orang:nama-depan	f		f
gagola	orang:nama-keluarga	f		f
galela	wilayah:kecamatan	f		f
galesong	wilayah:kecamatan	f		f
galing	wilayah:kecamatan	f		f
galis	wilayah:kecamatan	f		f
gamaliel	orang:nama-depan	f		f
gamareza	orang:nama-depan	f		f
gambiran	wilayah:kecamatan	f		f
gamelia	wilayah:kecamatan	f		f
gampengrejo	wilayah:kecamatan	f		f
gan	orang:nama-depan	f		f
gan	orang:nama-keluarga	f		f
gandangbatu	wilayah:kecamatan	f		f
gandrungmangu	wilayah:kecamatan	f		f
gandus	wilayah:kecamatan	f		f
gandusari	wilayah:kecamatan	f		f
gane	wilayah:kecamatan	f		f
ganeas	wilayah:kecamatan	f		f
ganesha	orang:nama-depan	f		f
gangga	wilayah:kecamatan	f		f
ganis	orang:nama-depan	f		f
ganjang	wilayah:kecamatan	f		f
ganra	wilayah:kecamatan	f		f
gansal	wilayah:kecamatan	f		f
gantarang	wilayah:kecamatan	f		f
gantiwarno	wilayah:kecamatan	f		f
gao	orang:nama-keluarga	f		f
garawangi	wilayah:kecamatan	f		f
gareth	orang:nama-depan	f		f
garin	orang:nama-depan	f		f
garinggiang	wilayah:kecamatan	f		f
garoga	wilayah:kecamatan	f		f
garum	wilayah:kecamatan	f		f
gary	orang:nama-depan	f		f
gasan	wilayah:kecamatan	f		f
gascaro	orang:nama-keluarga	f		f
gasib	wilayah:kecamatan	f		f
gaspar	orang:nama-depan	f		f
gatak	wilayah:kecamatan	f		f
gatjra	orang:nama-depan	f		f
gavin	orang:nama-depan	f		f
gayo	wilayah:kabupaten-kota	f		f
gayo	wilayah:kecamatan	f		f
gayungan	wilayah:kecamatan	f		f
gazali	orang:nama-depan	f		f
gearek	wilayah:kecamatan	f		f
gebby	orang:nama-depan	f		f
gebe	wilayah:kecamatan	f		f
gebog	wilayah:kecamatan	f		f
gedangan	wilayah:kecamatan	f		f
gedangsari	wilayah:kecamatan	f		f
gedebage	wilayah:kecamatan	f		f
gedeg	wilayah:kecamatan	f		f
gedeon	orang:nama-depan	f		f
gegerbitung	wilayah:kecamatan	f		f
gegesik	wilayah:kecamatan	f		f
geh	orang:nama-keluarga	f		f
gekbrong	wilayah:kecamatan	f		f
gelael	orang:nama-keluarga	f		f
gelly	orang:nama-keluarga	f		f
gelok	wilayah:kecamatan	f		f
gelumbang	wilayah:kecamatan	f		f
gemarang	wilayah:kecamatan	f		f
gemawang	wilayah:kecamatan	f		f
gemeh	wilayah:kecamatan	f		f
gemolong	wilayah:kecamatan	f		f
gemuh	wilayah:kecamatan	f		f
general	orang:nama-depan	f		f
gentuma	wilayah:kecamatan	f		f
george	orang:nama-depan	f		f
george	orang:nama-keluarga	f		f
georgina	orang:nama-depan	f		f
gerald	orang:nama-depan	f		f
geraldine	orang:nama-depan	f		f
geraldyn	orang:nama-depan	f		f
gerard	orang:nama-depan	f		f
gerard	orang:nama-keluarga	f		f
gerardus	orang:nama-depan	f		f
gerhard	orang:nama-depan	f		f
gerokgak	wilayah:kecamatan	f		f
gerrit	orang:nama-depan	f		f
gerson	orang:nama-depan	f		f
gertrudes	orang:nama-depan	f		f
gerungan	orang:nama-depan	f		f
gerungan	orang:nama-keluarga	f		f
gerunggang	wilayah:kecamatan	f		f
geselma	wilayah:kecamatan	f		f
gesi	wilayah:kecamatan	f		f
getteng	wilayah:kecamatan	f		f
geumpang	wilayah:kecamatan	f		f
geureudong	wilayah:kecamatan	f		f
geya	wilayah:kecamatan	f		f
geyer	wilayah:kecamatan	f		f
ghaffar	orang:nama-depan	f		f
ghaida	orang:nama-depan	f		f
ghani	orang:nama-depan	f		f
ghaniyu	orang:nama-keluarga	f		f
ghifari	orang:nama-depan	f		f
gian	orang:nama-depan	f		f
giani	orang:nama-keluarga	f		f
gianluca	orang:nama-depan	f		f
gianluigi	orang:nama-depan	f		f
gianto	orang:nama-keluarga	f		f
gibran	orang:nama-depan	f		f
gibson	orang:nama-keluarga	f		f
gida	wilayah:kecamatan	f		f
gideon	orang:nama-depan	f		f
gideon	orang:nama-keluarga	f		f
gido	wilayah:kecamatan	f		f
gie	orang:nama-depan	f		f
gika	wilayah:kecamatan	f		f
gilbert	orang:nama-depan	f		f
giligenting	wilayah:kecamatan	f		f
gilireng	wilayah:kecamatan	f		f
gilubandu	wilayah:kecamatan	f		f
gina	orang:nama-depan	f		f
gino	orang:nama-depan	f		f
ginting	orang:nama-keluarga	f		f
giovani	orang:nama-depan	f		f
giovani	orang:nama-keluarga	f		f
giovanna	orang:nama-depan	f		f
giovanni	orang:nama-depan	f		f
girek	wilayah:kecamatan	f		f
girian	wilayah:kecamatan	f		f
girimarto	wilayah:kecamatan	f		f
girimaya	wilayah:kecamatan	f		f
girimulyo	wilayah:kecamatan	f		f
girisubo	wilayah:kecamatan	f		f
giritontro	wilayah:kecamatan	f		f
giriwoyo	wilayah:kecamatan	f		f
girsang	wilayah:kecamatan	f		f
girulfus	orang:nama-depan	f		f
gischa	orang:nama-depan	f		f
gisela	orang:nama-depan	f		f
gisella	orang:nama-depan	f		f
giselle	orang:nama-depan	f		f
gishela	orang:nama-depan	f		f
gisting	wilayah:kecamatan	f		f
giulio	orang:nama-depan	f		f
gladagsari	wilayah:kecamatan	f		f
gladys	orang:nama-depan	f		f
gladys	orang:nama-keluarga	f		f
glagah	wilayah:kecamatan	f		f
glenmore	wilayah:kecamatan	f		f
glenn	orang:nama-depan	f		f
glie	wilayah:kecamatan	f		f
glori	orang:nama-depan	f		f
gloria	orang:nama-depan	f		f
glumpang	wilayah:kecamatan	f		f
goa	wilayah:kecamatan	f		f
godfried	orang:nama-depan	f		f
goei	orang:nama-keluarga	f		f
goeslaw	orang:nama-keluarga	f		f
golewa	wilayah:kecamatan	f		f
gollo	wilayah:kecamatan	f		f
gombong	wilayah:kecamatan	f		f
gome	wilayah:kecamatan	f		f
gomo	wilayah:kecamatan	f		f
gona	wilayah:kecamatan	f		f
gondanglegi	wilayah:kecamatan	f		f
gondangrejo	wilayah:kecamatan	f		f
gondangwetan	wilayah:kecamatan	f		f
gondo	orang:nama-keluarga	f		f
gono	orang:nama-depan	f		f
gonzáles	orang:nama-keluarga	f		f
gonçalves	orang:nama-keluarga	f		f
gordon	orang:nama-depan	f		f
gordown	orang:nama-keluarga	f		f
gorom	wilayah:kecamatan	f		f
gosal	orang:nama-keluarga	f		f
gotama	orang:nama-keluarga	f		f
gottardo	orang:nama-keluarga	f		f
gottfried	orang:nama-depan	f		f
gouw	orang:nama-keluarga	f		f
goyage	wilayah:kecamatan	f		f
gozali	orang:nama-keluarga	f		f
grabag	wilayah:kecamatan	f		f
grabagan	wilayah:kecamatan	f		f
grace	orang:nama-depan	f		f
gracia	orang:nama-depan	f		f
gracia	orang:nama-keluarga	f		f
grati	wilayah:kecamatan	f		f
greg	orang:nama-depan	f		f
greged	wilayah:kecamatan	f		f
gregoria	orang:nama-depan	f		f
gregorius	orang:nama-depan	f		f
gresi	wilayah:kecamatan	f		f
gretha	orang:nama-depan	f		f
greysia	orang:nama-depan	f		f
griffiths	orang:nama-keluarga	f		f
gringsing	wilayah:kecamatan	f		f
groeneveld	orang:nama-keluarga	f		f
grogot	wilayah:kecamatan	f		f
grong	wilayah:kecamatan	f		f
grujugan	wilayah:kecamatan	f		f
gréta	orang:nama-depan	f		f
grönloh	orang:nama-keluarga	f		f
guay	wilayah:kecamatan	f		f
guba	wilayah:kecamatan	f		f
gubeng	wilayah:kecamatan	f		f
gubug	wilayah:kecamatan	f		f
gubume	wilayah:kecamatan	f		f
gucci	orang:nama-keluarga	f		f
gucialit	wilayah:kecamatan	f		f
gudo	wilayah:kecamatan	f		f
gufran	orang:nama-depan	f		f
guguak	wilayah:kecamatan	f		f
guido	orang:nama-depan	f		f
guilherme	orang:nama-depan	f		f
guillaume	orang:nama-depan	f		f
gulo	orang:nama-keluarga	f		f
guluk	wilayah:kecamatan	f		f
gumanti	wilayah:kecamatan	f		f
gumay	wilayah:kecamatan	f		f
gumbasa	wilayah:kecamatan	f		f
gumelar	wilayah:kecamatan	f		f
gumukmas	wilayah:kecamatan	f		f
gumulya	orang:nama-keluarga	f		f
gunardi	orang:nama-keluarga	f		f
gunawi	orang:nama-keluarga	f		f
gundagi	wilayah:kecamatan	f		f
gunem	wilayah:kecamatan	f		f
guniarti	orang:nama-depan	f		f
gunnar	orang:nama-depan	f		f
gunuang	wilayah:kecamatan	f		f
gunungguruh	wilayah:kecamatan	f		f
gununghalu	wilayah:kecamatan	f		f
gunungkencana	wilayah:kecamatan	f		f
gunungsari	wilayah:kecamatan	f		f
gunungsindur	wilayah:kecamatan	f		f
gunungwungkal	wilayah:kecamatan	f		f
guo	orang:nama-keluarga	f		f
gupura	wilayah:kecamatan	f		f
gurage	wilayah:kecamatan	f		f
guslina	orang:nama-keluarga	f		f
gustaaf	orang:nama-depan	f		f
gustaf	orang:nama-depan	f		f
gustaman	orang:nama-keluarga	f		f
gustav	orang:nama-depan	f		f
gustiani	orang:nama-depan	f		f
gustiawan	orang:nama-keluarga	f		f
gustin	orang:nama-depan	f		f
gutama	orang:nama-keluarga	f		f
guterres	orang:nama-keluarga	f		f
guy	orang:nama-depan	f		f
gwan	orang:nama-depan	f		f
gwen	orang:nama-depan	f		f
habibie	orang:nama-keluarga	f		f
habinsaran	wilayah:kecamatan	f		f
hadad	orang:nama-keluarga	f		f
hadi	orang:nama-depan	f		f
hadi	orang:nama-keluarga	f		f
hadibowo	orang:nama-keluarga	f		f
hadikusuma	orang:nama-keluarga	f		f
hadinata	orang:nama-keluarga	f		f
hadisaputra	orang:nama-keluarga	f		f
haditono	orang:nama-keluarga	f		f
hadiyanto	orang:nama-keluarga	f		f
hadju	orang:nama-keluarga	f		f
hadler	orang:nama-keluarga	f		f
hadmadi	orang:nama-keluarga	f		f
hady	orang:nama-depan	f		f
hafid	orang:nama-depan	f		f
hafizh	orang:nama-depan	f		f
haharu	wilayah:kecamatan	f		f
haidar	orang:nama-depan	f		f
haifa	orang:nama-depan	f		f
haikal	orang:nama-depan	f		f
haju	wilayah:kecamatan	f		f
halaban	wilayah:kecamatan	f		f
halderman	orang:nama-keluarga	f		f
halima	orang:nama-depan	f		f
hall	orang:nama-keluarga	f		f
halmahera	wilayah:kabupaten-kota	f		f
halong	wilayah:kecamatan	f		f
halongonan	wilayah:kecamatan	f		f
hambal	orang:nama-depan	f		f
hamdani	orang:nama-depan	f		f
hamid	orang:nama-depan	f		f
hamid	orang:nama-keluarga	f		f
hamiseno	orang:nama-keluarga	f		f
hamish	orang:nama-depan	f		f
hamu	wilayah:kecamatan	f		f
hamza	orang:nama-depan	f		f
han	orang:nama-depan	f		f
hanadia	orang:nama-keluarga	f		f
hanadiya	orang:nama-depan	f		f
hanafiah	orang:nama-depan	f		f
hanan	orang:nama-depan	f		f
hanan	orang:nama-keluarga	f		f
hanau	wilayah:kecamatan	f		f
hanaut	wilayah:kecamatan	f		f
handoko	orang:nama-depan	f		f
handoko	orang:nama-keluarga	f		f
handoyo	orang:nama-keluarga	f		f
hanifah	orang:nama-depan	f		f
haning	orang:nama-keluarga	f		f
haningtyas	orang:nama-depan	f		f
hanks	orang:nama-keluarga	f		f
hanna	orang:nama-depan	f		f
hanna	orang:nama-keluarga	f		f
hannah	orang:nama-depan	f		f
hanny	orang:nama-depan	f		f
hans	orang:nama-depan	f		f
hans	orang:nama-keluarga	f		f
hantakan	wilayah:kecamatan	f		f
hantara	wilayah:kecamatan	f		f
hantoro	orang:nama-depan	f		f
hantoro	orang:nama-keluarga	f		f
hanyar	wilayah:kecamatan	f		f
happy	orang:nama-depan	f		f
hapsari	orang:nama-keluarga	f		f
haque	orang:nama-keluarga	f		f
harahap	orang:nama-keluarga	f		f
haranggaol	wilayah:kecamatan	f		f
harau	wilayah:kecamatan	f		f
hardi	orang:nama-depan	f		f
hardi	orang:nama-keluarga	f		f
hardianti	orang:nama-keluarga	f		f
hardianto	orang:nama-keluarga	f		f
hardjosusanto	orang:nama-keluarga	f		f
hardy	orang:nama-keluarga	f		f
hargiono	orang:nama-keluarga	f		f
hariamanto	orang:nama-depan	f		f
hariawan	orang:nama-depan	f		f
hariawan	orang:nama-keluarga	f		f
hariyansyah	orang:nama-keluarga	f		f
hariyanto	orang:nama-keluarga	f		f
harjamukti	wilayah:kecamatan	f		f
harjojudanto	orang:nama-keluarga	f		f
harlim	orang:nama-keluarga	f		f
harris	orang:nama-depan	f		f
harris	orang:nama-keluarga	f		f
harry	orang:nama-depan	f		f
harsha	orang:nama-depan	f		f
hartanto	orang:nama-keluarga	f		f
harting	orang:nama-keluarga	f		f
harto	orang:nama-keluarga	f		f
hartoko	orang:nama-keluarga	f		f
hartono	orang:nama-keluarga	f		f
harty	orang:nama-keluarga	f		f
haruai	wilayah:kecamatan	f		f
haruku	wilayah:kecamatan	f		f
harun	orang:nama-depan	f		f
harun	orang:nama-keluarga	f		f
haruyan	wilayah:kecamatan	f		f
harvey	orang:nama-depan	f		f
hary	orang:nama-depan	f		f
harya	orang:nama-keluarga	f		f
haryadi	orang:nama-keluarga	f		f
haryani	orang:nama-depan	f		f
haryanto	orang:nama-keluarga	f		f
haryo	orang:nama-depan	f		f
haryono	orang:nama-keluarga	f		f
hasanah	orang:nama-keluarga	f		f
hasanah	wilayah:kecamatan	f		f
hasanuddin	orang:nama-depan	f		f
hasballah	orang:nama-depan	f		f
hasibuan	orang:nama-keluarga	f		f
haslinda	orang:nama-depan	f		f
hassan	orang:nama-depan	f		f
hassan	orang:nama-keluarga	f		f
hastiyanti	orang:nama-keluarga	f		f
hastomo	orang:nama-depan	f		f
hastuti	orang:nama-keluarga	f		f
hasugian	orang:nama-keluarga	f		f
hasundutan	wilayah:kabupaten-kota	f		f
hasya	orang:nama-keluarga	f		f
hasyim	orang:nama-depan	f		f
hataran	wilayah:kecamatan	f		f
hatonduhan	wilayah:kecamatan	f		f
hattu	orang:nama-keluarga	f		f
hatungun	wilayah:kecamatan	f		f
haura	orang:nama-depan	f		f
haurgeulis	wilayah:kecamatan	f		f
haurwangi	wilayah:kecamatan	f		f
hawu	wilayah:kecamatan	f		f
hayam	orang:nama-depan	f		f
hayes	orang:nama-keluarga	f		f
hayom	orang:nama-depan	f		f
hediana	orang:nama-depan	f		f
heidy	orang:nama-depan	f		f
hein	orang:nama-depan	f		f
heinrich	orang:nama-depan	f		f
helen	orang:nama-depan	f		f
helena	orang:nama-depan	f		f
hellen	orang:nama-depan	f		f
helmi	orang:nama-depan	f		f
helmy	orang:nama-keluarga	f		f
helsi	orang:nama-depan	f		f
helumo	wilayah:kecamatan	f		f
helvetia	wilayah:kecamatan	f		f
helwin	orang:nama-depan	f		f
hemi	orang:nama-depan	f		f
hendra	orang:nama-depan	f		f
hendra	orang:nama-keluarga	f		f
hendrawan	orang:nama-keluarga	f		f
hendri	orang:nama-depan	f		f
hendrik	orang:nama-depan	f		f
hendrik	orang:nama-keluarga	f		f
hendrikus	orang:nama-depan	f		f
hendry	orang:nama-depan	f		f
hendry	orang:nama-keluarga	f		f
heni	orang:nama-depan	f		f
heni	orang:nama-keluarga	f		f
henk	orang:nama-depan	f		f
henny	orang:nama-depan	f		f
henricus	orang:nama-depan	f		f
henrikho	orang:nama-depan	f		f
heny	orang:nama-keluarga	f		f
hera	orang:nama-depan	f		f
heram	wilayah:kecamatan	f		f
heraty	orang:nama-keluarga	f		f
herawati	orang:nama-keluarga	f		f
herbert	orang:nama-depan	f		f
hereapini	wilayah:kecamatan	f		f
heri	orang:nama-depan	f		f
heriansyah	orang:nama-depan	f		f
herlang	wilayah:kecamatan	f		f
herliem	orang:nama-keluarga	f		f
herlin	orang:nama-keluarga	f		f
herlina	orang:nama-depan	f		f
herloardjo	orang:nama-keluarga	f		f
herly	orang:nama-depan	f		f
herman	orang:nama-depan	f		f
herman	orang:nama-keluarga	f		f
hermann	orang:nama-depan	f		f
hermansyah	orang:nama-keluarga	f		f
hermanus	orang:nama-depan	f		f
hermawan	orang:nama-depan	f		f
hermawan	orang:nama-keluarga	f		f
hermina	orang:nama-depan	f		f
hermono	orang:nama-depan	f		f
herowati	orang:nama-keluarga	f		f
herry	orang:nama-depan	f		f
herschel	orang:nama-depan	f		f
heru	orang:nama-depan	f		f
hery	orang:nama-depan	f		f
heryanto	orang:nama-keluarga	f		f
herzaky	orang:nama-depan	f		f
hetty	orang:nama-depan	f		f
hewokloang	wilayah:kecamatan	f		f
hian	orang:nama-depan	f		f
hian	orang:nama-keluarga	f		f
hibala	wilayah:kecamatan	f		f
hidayahtul	orang:nama-depan	f		f
hidayatullah	orang:nama-keluarga	f		f
hidir	orang:nama-depan	f		f
hieronymus	orang:nama-depan	f		f
hilarius	orang:nama-depan	f		f
hilda	orang:nama-depan	f		f
hildi	orang:nama-depan	f		f
hilgers	orang:nama-keluarga	f		f
hiliduho	wilayah:kecamatan	f		f
hilimegai	wilayah:kecamatan	f		f
hilipuk	wilayah:kecamatan	f		f
hiliran	wilayah:kecamatan	f		f
hiliserangkai	wilayah:kecamatan	f		f
hillary	orang:nama-depan	f		f
hilli	orang:nama-keluarga	f		f
hilman	orang:nama-keluarga	f		f
hilmar	orang:nama-depan	f		f
himawan	orang:nama-keluarga	f		f
hin	orang:nama-depan	f		f
hinai	wilayah:kecamatan	f		f
hingk	wilayah:kecamatan	f		f
hirata	orang:nama-keluarga	f		f
hiren	orang:nama-depan	f		f
hiri	wilayah:kecamatan	f		f
hironimus	orang:nama-depan	f		f
hisage	wilayah:kecamatan	f		f
hitadipa	wilayah:kecamatan	f		f
hoat	wilayah:kecamatan	f		f
hobard	wilayah:kecamatan	f		f
hoei	orang:nama-depan	f		f
hoffmann	orang:nama-keluarga	f		f
hogeland	orang:nama-keluarga	f		f
hogianto	orang:nama-keluarga	f		f
hogio	wilayah:kecamatan	f		f
hok	orang:nama-depan	f		f
hole	wilayah:kecamatan	f		f
holuwon	wilayah:kecamatan	f		f
holvy	orang:nama-depan	f		f
homeyo	wilayah:kecamatan	f		f
hong	orang:nama-depan	f		f
hoo	orang:nama-depan	f		f
hood	orang:nama-keluarga	f		f
hopper	orang:nama-keluarga	f		f
horisan	wilayah:kecamatan	f		f
houw	orang:nama-depan	f		f
hoya	wilayah:kecamatan	f		f
huamual	wilayah:kecamatan	f		f
huang	orang:nama-keluarga	f		f
hubert	orang:nama-depan	f		f
hubertus	orang:nama-depan	f		f
hubikiak	wilayah:kecamatan	f		f
hubikosi	wilayah:kecamatan	f		f
hudi	orang:nama-depan	f		f
hudiono	orang:nama-depan	f		f
hue	orang:nama-keluarga	f		f
hughes	orang:nama-keluarga	f		f
hugo	orang:nama-depan	f		f
hujansih	orang:nama-depan	f		f
hulda	orang:nama-depan	f		f
hulonthalangi	wilayah:kecamatan	f		f
huluan	wilayah:kecamatan	f		f
humam	orang:nama-depan	f		f
humbang	wilayah:kabupaten-kota	f		f
huristak	wilayah:kecamatan	f		f
hurk	orang:nama-keluarga	f		f
huruna	wilayah:kecamatan	f		f
husain	orang:nama-depan	f		f
husein	orang:nama-depan	f		f
husein	orang:nama-keluarga	f		f
husin	orang:nama-depan	f		f
husni	orang:nama-depan	f		f
husnia	orang:nama-keluarga	f		f
huta	wilayah:kecamatan	f		f
hutabayu	wilayah:kecamatan	f		f
hutagalung	orang:nama-keluarga	f		f
hutaimbaru	wilayah:kecamatan	f		f
hutaraja	wilayah:kecamatan	f		f
hutchison	orang:nama-keluarga	f		f
hutomo	orang:nama-keluarga	f		f
hwa	orang:nama-depan	f		f
hwang	orang:nama-keluarga	f		f
hwat	orang:nama-depan	f		f
hızır	orang:nama-depan	f		f
ian	orang:nama-depan	f		f
ibele	wilayah:kecamatan	f		f
ibrahim	orang:nama-depan	f		f
ibrahim	orang:nama-keluarga	f		f
icuk	orang:nama-depan	f		f
idanogawo	wilayah:kecamatan	f		f
idanoi	wilayah:kecamatan	f		f
idanotae	wilayah:kecamatan	f		f
idawati	orang:nama-keluarga	f		f
idham	orang:nama-depan	f		f
idi	wilayah:kecamatan	f		f
idris	orang:nama-depan	f		f
idris	orang:nama-keluarga	f		f
idrus	orang:nama-depan	f		f
ifan	orang:nama-depan	f		f
ignas	orang:nama-depan	f		f
ignatius	orang:nama-depan	f		f
igor	orang:nama-depan	f		f
ihsandi	orang:nama-depan	f		f
ihza	orang:nama-depan	f		f
iie	orang:nama-depan	f		f
iii	orang:nama-keluarga	f		f
iii	wilayah:kecamatan	f		f
ika	orang:nama-depan	f		f
ikbal	orang:nama-depan	f		f
ikhsan	orang:nama-depan	f		f
ikis	wilayah:kecamatan	f		f
iko	orang:nama-depan	f		f
ilaga	wilayah:kecamatan	f		f
ilamburawi	wilayah:kecamatan	f		f
ilana	orang:nama-depan	f		f
ile	wilayah:kecamatan	f		f
ilija	orang:nama-depan	f		f
illahi	orang:nama-keluarga	f		f
ilo	orang:nama-depan	f		f
ilona	orang:nama-depan	f		f
ilugwa	wilayah:kecamatan	f		f
ilwayab	wilayah:kecamatan	f		f
ilyas	orang:nama-depan	f		f
ilyasa	orang:nama-depan	f		f
imanda	orang:nama-depan	f		f
imanuel	orang:nama-depan	f		f
imanuela	orang:nama-depan	f		f
imanuela	orang:nama-keluarga	f		f
imarah	wilayah:kecamatan	f		f
imawan	orang:nama-keluarga	f		f
imay	orang:nama-depan	f		f
imelda	orang:nama-depan	f		f
imelda	orang:nama-keluarga	f		f
imma	orang:nama-depan	f		f
immanuel	orang:nama-depan	f		f
imran	orang:nama-depan	f		f
imran	orang:nama-keluarga	f		f
inamosol	wilayah:kecamatan	f		f
inan	orang:nama-depan	f		f
inanwatan	wilayah:kecamatan	f		f
inawati	orang:nama-keluarga	f		f
inayah	orang:nama-depan	f		f
indarti	orang:nama-depan	f		f
inderagiri	wilayah:kabupaten-kota	f		f
inderwati	orang:nama-keluarga	f		f
indihiang	wilayah:kecamatan	f		f
indira	orang:nama-depan	f		f
indragiri	wilayah:kabupaten-kota	f		f
indragiri	wilayah:kecamatan	f		f
indrajaya	orang:nama-keluarga	f		f
indrajaya	wilayah:kecamatan	f		f
indralaya	wilayah:kecamatan	f		f
indrapuri	wilayah:kecamatan	f		f
indrawati	orang:nama-depan	f		f
indriani	orang:nama-depan	f		f
indriani	orang:nama-keluarga	f		f
indrianto	orang:nama-keluarga	f		f
indy	orang:nama-depan	f		f
inerie	wilayah:kecamatan	f		f
ines	orang:nama-depan	f		f
inez	orang:nama-depan	f		f
ing	orang:nama-depan	f		f
inge	orang:nama-depan	f		f
inggerus	wilayah:kecamatan	f		f
ingrid	orang:nama-depan	f		f
inikgal	wilayah:kecamatan	f		f
iniyandit	wilayah:kecamatan	f		f
iniye	wilayah:kecamatan	f		f
inka	orang:nama-depan	f		f
innes	orang:nama-depan	f		f
inoki	orang:nama-depan	f		f
inri	orang:nama-depan	f		f
insana	wilayah:kecamatan	f		f
inten	orang:nama-depan	f		f
inuman	wilayah:kecamatan	f		f
iqbal	orang:nama-depan	f		f
iqbal	orang:nama-keluarga	f		f
irawan	orang:nama-keluarga	f		f
irawati	orang:nama-depan	f		f
irawati	orang:nama-keluarga	f		f
irena	orang:nama-depan	f		f
irene	orang:nama-depan	f		f
ireres	wilayah:kecamatan	f		f
irfan	orang:nama-depan	f		f
irimuli	wilayah:kecamatan	f		f
irish	orang:nama-depan	f		f
irma	orang:nama-depan	f		f
irman	orang:nama-depan	f		f
irna	orang:nama-depan	f		f
irsan	orang:nama-depan	f		f
irvan	orang:nama-depan	f		f
irvannaldy	orang:nama-keluarga	f		f
irvin	orang:nama-depan	f		f
irving	orang:nama-depan	f		f
irwana	orang:nama-keluarga	f		f
irwansyah	orang:nama-keluarga	f		f
irzani	orang:nama-keluarga	f		f
irén	orang:nama-depan	f		f
isaac	orang:nama-depan	f		f
isaak	orang:nama-depan	f		f
isabel	orang:nama-depan	f		f
isabella	orang:nama-depan	f		f
isabelle	orang:nama-depan	f		f
isaura	orang:nama-depan	f		f
isfahani	orang:nama-keluarga	f		f
ishak	orang:nama-depan	f		f
iskandar	orang:nama-depan	f		f
iskandar	orang:nama-keluarga	f		f
ismael	orang:nama-depan	f		f
ismail	orang:nama-depan	f		f
ismail	orang:nama-keluarga	f		f
ismanto	orang:nama-keluarga	f		f
ismet	orang:nama-depan	f		f
ismu	orang:nama-depan	f		f
isnanta	orang:nama-depan	f		f
issolina	orang:nama-keluarga	f		f
istanta	orang:nama-keluarga	f		f
istanto	orang:nama-keluarga	f		f
istarani	orang:nama-keluarga	f		f
isyana	orang:nama-depan	f		f
ita	orang:nama-depan	f		f
itam	wilayah:kecamatan	f		f
itje	orang:nama-depan	f		f
itlay	wilayah:kecamatan	f		f
ivan	orang:nama-depan	f		f
ivana	orang:nama-depan	f		f
ivanda	orang:nama-depan	f		f
ivanka	orang:nama-depan	f		f
ivanna	orang:nama-depan	f		f
ivo	orang:nama-depan	f		f
ivo	orang:nama-keluarga	f		f
ivonne	orang:nama-depan	f		f
ivy	orang:nama-depan	f		f
ivyana	orang:nama-keluarga	f		f
iwaka	wilayah:kecamatan	f		f
iwan	orang:nama-depan	f		f
iwanto	orang:nama-keluarga	f		f
iwasaki	orang:nama-keluarga	f		f
iwes	wilayah:kecamatan	f		f
iwoimendaa	wilayah:kecamatan	f		f
iwur	wilayah:kecamatan	f		f
iyan	orang:nama-depan	f		f
iza	orang:nama-depan	f		f
izaac	orang:nama-depan	f		f
izaak	orang:nama-depan	f		f
izak	orang:nama-depan	f		f
izzy	orang:nama-depan	f		f
jaarsma	orang:nama-keluarga	f		f
jabbar	orang:nama-keluarga	f		f
jabiren	wilayah:kecamatan	f		f
jabon	wilayah:kecamatan	f		f
jack	orang:nama-depan	f		f
jackson	orang:nama-depan	f		f
jackson	orang:nama-keluarga	f		f
jacob	orang:nama-depan	f		f
jacob	orang:nama-keluarga	f		f
jacobs	orang:nama-keluarga	f		f
jacobus	orang:nama-depan	f		f
jacqueline	orang:nama-depan	f		f
jade	orang:nama-depan	f		f
jaden	orang:nama-depan	f		f
jae	wilayah:kecamatan	f		f
jafar	orang:nama-depan	f		f
jafar	orang:nama-keluarga	f		f
jagebob	wilayah:kecamatan	f		f
jagoi	wilayah:kecamatan	f		f
jagong	wilayah:kecamatan	f		f
jahja	orang:nama-depan	f		f
jaidi	orang:nama-keluarga	f		f
jailolo	wilayah:kecamatan	f		f
jair	wilayah:kecamatan	f		f
jakabaring	wilayah:kecamatan	f		f
jaken	wilayah:kecamatan	f		f
jakenan	wilayah:kecamatan	f		f
jakob	orang:nama-depan	f		f
jalaksana	wilayah:kecamatan	f		f
jalancagak	wilayah:kecamatan	f		f
jalina	orang:nama-depan	f		f
jamaluddin	orang:nama-depan	f		f
jamanis	wilayah:kecamatan	f		f
jamarr	orang:nama-depan	f		f
jambesari	wilayah:kecamatan	f		f
jambo	wilayah:kecamatan	f		f
james	orang:nama-depan	f		f
james	orang:nama-keluarga	f		f
jamie	orang:nama-depan	f		f
jampangkulon	wilayah:kecamatan	f		f
jampangtengah	wilayah:kecamatan	f		f
jan	orang:nama-depan	f		f
jana	orang:nama-depan	f		f
janan	wilayah:kecamatan	f		f
janang	wilayah:kecamatan	f		f
janapria	wilayah:kecamatan	f		f
jane	orang:nama-depan	f		f
jane	orang:nama-keluarga	f		f
janessa	orang:nama-depan	f		f
janet	orang:nama-depan	f		f
janggo	wilayah:kecamatan	f		f
jania	orang:nama-depan	f		f
janice	orang:nama-depan	f		f
janny	orang:nama-depan	f		f
jansen	orang:nama-keluarga	f		f
jantho	wilayah:kecamatan	f		f
januar	orang:nama-depan	f		f
januar	orang:nama-keluarga	f		f
japah	wilayah:kecamatan	f		f
japara	wilayah:kecamatan	f		f
jarai	wilayah:kecamatan	f		f
jarron	orang:nama-depan	f		f
jasinga	wilayah:kecamatan	f		f
jasman	orang:nama-depan	f		f
jasmin	orang:nama-depan	f		f
jasmine	orang:nama-depan	f		f
jason	orang:nama-depan	f		f
jassin	orang:nama-keluarga	f		f
jaten	wilayah:kecamatan	f		f
jatiasih	wilayah:kecamatan	f		f
jatibanteng	wilayah:kecamatan	f		f
jatibarang	wilayah:kecamatan	f		f
jatigede	wilayah:kecamatan	f		f
jatikalen	wilayah:kecamatan	f		f
jatilawang	wilayah:kecamatan	f		f
jatiluhur	wilayah:kecamatan	f		f
jatinagara	wilayah:kecamatan	f		f
jatinangor	wilayah:kecamatan	f		f
jatinom	wilayah:kecamatan	f		f
jatinunggal	wilayah:kecamatan	f		f
jatipurno	wilayah:kecamatan	f		f
jatipuro	wilayah:kecamatan	f		f
jatirejo	wilayah:kecamatan	f		f
jatirogo	wilayah:kecamatan	f		f
jatiroto	wilayah:kecamatan	f		f
jatisampurna	wilayah:kecamatan	f		f
jatisari	wilayah:kecamatan	f		f
jatisrono	wilayah:kecamatan	f		f
jatitujuh	wilayah:kecamatan	f		f
jatiwangi	wilayah:kecamatan	f		f
jatiwaras	wilayah:kecamatan	f		f
jatiyoso	wilayah:kecamatan	f		f
jawai	wilayah:kecamatan	f		f
jawilan	wilayah:kecamatan	f		f
jay	orang:nama-depan	f		f
jayakerta	wilayah:kecamatan	f		f
jayaloka	wilayah:kecamatan	f		f
jayanti	orang:nama-keluarga	f		f
jayanti	wilayah:kecamatan	f		f
jaëll	orang:nama-depan	f		f
jean	orang:nama-depan	f		f
jeane	orang:nama-depan	f		f
jeanine	orang:nama-depan	f		f
jeanne	orang:nama-depan	f		f
jebus	wilayah:kecamatan	f		f
jeff	orang:nama-depan	f		f
jeffer	orang:nama-depan	f		f
jefferson	orang:nama-depan	f		f
jeffrey	orang:nama-depan	f		f
jeffry	orang:nama-depan	f		f
jefry	orang:nama-depan	f		f
jeget	wilayah:kecamatan	f		f
jehe	wilayah:kecamatan	f		f
jejangkit	wilayah:kecamatan	f		f
jeka	orang:nama-depan	f		f
jekan	wilayah:kecamatan	f		f
jekulo	wilayah:kecamatan	f		f
jelbuk	wilayah:kecamatan	f		f
jelimpo	wilayah:kecamatan	f		f
jemaja	wilayah:kecamatan	f		f
jempang	wilayah:kecamatan	f		f
jenamas	wilayah:kecamatan	f		f
jenar	wilayah:kecamatan	f		f
jenggawah	wilayah:kecamatan	f		f
jenna	orang:nama-depan	f		f
jennifer	orang:nama-depan	f		f
jenny	orang:nama-depan	f		f
jensen	orang:nama-keluarga	f		f
jepon	wilayah:kecamatan	f		f
jerango	wilayah:kecamatan	f		f
jerebuu	wilayah:kecamatan	f		f
jeremias	orang:nama-depan	f		f
jeremy	orang:nama-depan	f		f
jereweh	wilayah:kecamatan	f		f
jericho	orang:nama-depan	f		f
jerome	orang:nama-depan	f		f
jerowaru	wilayah:kecamatan	f		f
jerry	orang:nama-depan	f		f
jeruklegi	wilayah:kecamatan	f		f
jesica	orang:nama-depan	f		f
jesita	orang:nama-depan	f		f
jesse	orang:nama-depan	f		f
jesselyn	orang:nama-depan	f		f
jessica	orang:nama-depan	f		f
jessica	orang:nama-keluarga	f		f
jessie	orang:nama-depan	f		f
jesslyn	orang:nama-depan	f		f
jessy	orang:nama-depan	f		f
jetfa	wilayah:kecamatan	f		f
jetsy	wilayah:kecamatan	f		f
jeumpa	wilayah:kecamatan	f		f
jeunieb	wilayah:kecamatan	f		f
jiang	orang:nama-keluarga	f		f
jihan	orang:nama-depan	f		f
jiken	wilayah:kecamatan	f		f
jill	orang:nama-depan	f		f
jimi	orang:nama-depan	f		f
jimmy	orang:nama-depan	f		f
jiput	wilayah:kecamatan	f		f
jita	wilayah:kecamatan	f		f
jiwan	wilayah:kecamatan	f		f
joan	orang:nama-depan	f		f
joanna	orang:nama-depan	f		f
joanne	orang:nama-depan	f		f
joao	orang:nama-depan	f		f
joaquin	orang:nama-keluarga	f		f
jodhi	orang:nama-depan	f		f
jody	orang:nama-depan	f		f
joe	orang:nama-depan	f		f
joe	orang:nama-keluarga	f		f
joerat	wilayah:kecamatan	f		f
joerg	orang:nama-keluarga	f		f
joesoef	orang:nama-keluarga	f		f
joey	orang:nama-depan	f		f
jofi	orang:nama-keluarga	f		f
jogonalan	wilayah:kecamatan	f		f
jogorogo	wilayah:kecamatan	f		f
jogoroto	wilayah:kecamatan	f		f
johanes	orang:nama-depan	f		f
johann	orang:nama-depan	f		f
johanna	orang:nama-depan	f		f
johannes	orang:nama-depan	f		f
john	orang:nama-depan	f		f
john	orang:nama-keluarga	f		f
johnny	orang:nama-depan	f		f
johnson	orang:nama-keluarga	f		f
johny	orang:nama-depan	f		f
johor	wilayah:kecamatan	f		f
joice	orang:nama-depan	f		f
joice	orang:nama-keluarga	f		f
joity	orang:nama-depan	f		f
joko	orang:nama-depan	f		f
jola	orang:nama-depan	f		f
jolanov	orang:nama-keluarga	f		f
jolene	orang:nama-depan	f		f
jolly	orang:nama-keluarga	f		f
joman	wilayah:kecamatan	f		f
jompa	orang:nama-keluarga	f		f
jon	orang:nama-depan	f		f
jonas	orang:nama-depan	f		f
jonatan	orang:nama-depan	f		f
jonathan	orang:nama-depan	f		f
jonathans	orang:nama-keluarga	f		f
jones	orang:nama-depan	f		f
jonggat	wilayah:kecamatan	f		f
jongh	orang:nama-keluarga	f		f
jongkat	wilayah:kecamatan	f		f
joni	orang:nama-depan	f		f
joni	orang:nama-keluarga	f		f
jonker	orang:nama-keluarga	f		f
jonny	orang:nama-depan	f		f
joop	orang:nama-depan	f		f
jopie	orang:nama-depan	f		f
jordan	orang:nama-keluarga	f		f
jordi	orang:nama-depan	f		f
jordy	orang:nama-keluarga	f		f
joris	orang:nama-keluarga	f		f
jorlang	wilayah:kecamatan	f		f
joronga	wilayah:kecamatan	f		f
jose	orang:nama-depan	f		f
josef	orang:nama-depan	f		f
josefina	orang:nama-depan	f		f
joseph	orang:nama-depan	f		f
joseph	orang:nama-keluarga	f		f
josephine	orang:nama-depan	f		f
josephus	orang:nama-depan	f		f
joshua	orang:nama-depan	f		f
josiahno	orang:nama-depan	f		f
josua	orang:nama-depan	f		f
josé	orang:nama-depan	f		f
jouhki	orang:nama-keluarga	f		f
joutu	wilayah:kecamatan	f		f
jovanka	orang:nama-depan	f		f
jovika	orang:nama-depan	f		f
jovita	orang:nama-depan	f		f
jovita	orang:nama-keluarga	f		f
joy	orang:nama-depan	f		f
jozias	orang:nama-depan	f		f
jrengik	wilayah:kecamatan	f		f
juai	wilayah:kecamatan	f		f
juan	orang:nama-depan	f		f
juana	orang:nama-depan	f		f
juanita	orang:nama-depan	f		f
judge	orang:nama-keluarga	f		f
judith	orang:nama-depan	f		f
juhar	wilayah:kecamatan	f		f
juhari	orang:nama-keluarga	f		f
juhri	orang:nama-depan	f		f
jujuan	wilayah:kecamatan	f		f
jujuhan	wilayah:kecamatan	f		f
julia	orang:nama-depan	f		f
julia	orang:nama-keluarga	f		f
julian	orang:nama-depan	f		f
juliana	orang:nama-depan	f		f
julianus	orang:nama-depan	f		f
julie	orang:nama-depan	f		f
julimarbela	orang:nama-keluarga	f		f
julio	orang:nama-depan	f		f
julio	orang:nama-keluarga	f		f
julita	orang:nama-depan	f		f
julius	orang:nama-depan	f		f
julok	wilayah:kecamatan	f		f
julu	wilayah:kecamatan	f		f
jumantono	wilayah:kecamatan	f		f
jumapolo	wilayah:kecamatan	f		f
jumo	wilayah:kecamatan	f		f
junaedi	orang:nama-keluarga	f		f
june	orang:nama-depan	f		f
junita	orang:nama-keluarga	f		f
junrejo	wilayah:kecamatan	f		f
juntinyuat	wilayah:kecamatan	f		f
justian	orang:nama-depan	f		f
justin	orang:nama-depan	f		f
justin	orang:nama-keluarga	f		f
justine	orang:nama-keluarga	f		f
justinus	orang:nama-depan	f		f
justyn	orang:nama-depan	f		f
jusuf	orang:nama-depan	f		f
jusuf	orang:nama-keluarga	f		f
juventia	orang:nama-keluarga	f		f
juwana	wilayah:kecamatan	f		f
juwangi	wilayah:kecamatan	f		f
juwiring	wilayah:kecamatan	f		f
jīnfú	orang:nama-depan	f		f
kabaena	wilayah:kecamatan	f		f
kabandungan	wilayah:kecamatan	f		f
kabangka	wilayah:kecamatan	f		f
kabanjahe	wilayah:kecamatan	f		f
kabaruan	wilayah:kecamatan	f		f
kabawo	wilayah:kecamatan	f		f
kabianggama	wilayah:kecamatan	f		f
kabila	wilayah:kecamatan	f		f
kabola	wilayah:kecamatan	f		f
kabuh	wilayah:kecamatan	f		f
kabun	wilayah:kecamatan	f		f
kadatua	wilayah:kecamatan	f		f
kadek	orang:nama-depan	f		f
kademangan	wilayah:kecamatan	f		f
kadia	wilayah:kecamatan	f		f
kadudampit	wilayah:kecamatan	f		f
kadugede	wilayah:kecamatan	f		f
kaduhejo	wilayah:kecamatan	f		f
kadungora	wilayah:kecamatan	f		f
kadupandak	wilayah:kecamatan	f		f
kadur	wilayah:kecamatan	f		f
kaeksi	orang:nama-keluarga	f		f
kaemingk	orang:nama-keluarga	f		f
kaesar	orang:nama-depan	f		f
kahaungu	wilayah:kecamatan	f		f
kahayan	wilayah:kecamatan	f		f
kahean	wilayah:kecamatan	f		f
kahu	wilayah:kecamatan	f		f
kai	wilayah:kecamatan	f		f
kaibar	wilayah:kecamatan	f		f
kaidipang	wilayah:kecamatan	f		f
kaiely	wilayah:kecamatan	f		f
kairatu	wilayah:kecamatan	f		f
kairupan	orang:nama-keluarga	f		f
kaisa	orang:nama-depan	f		f
kaisenar	wilayah:kecamatan	f		f
kaiser	orang:nama-keluarga	f		f
kaisiepo	orang:nama-keluarga	f		f
kaitaro	wilayah:kecamatan	f		f
kaizar	orang:nama-depan	f		f
kajen	wilayah:kecamatan	f		f
kajoran	wilayah:kecamatan	f		f
kajuara	wilayah:kecamatan	f		f
kakuluk	wilayah:kecamatan	f		f
kalaena	wilayah:kecamatan	f		f
kalanganyar	wilayah:kecamatan	f		f
kalapanunggal	wilayah:kecamatan	f		f
kalawat	wilayah:kecamatan	f		f
kaledupa	wilayah:kecamatan	f		f
kaler	wilayah:kecamatan	f		f
kalianda	wilayah:kecamatan	f		f
kalianget	wilayah:kecamatan	f		f
kaliangkrik	wilayah:kecamatan	f		f
kalibagor	wilayah:kecamatan	f		f
kalibaru	wilayah:kecamatan	f		f
kalibawang	wilayah:kecamatan	f		f
kalibening	wilayah:kecamatan	f		f
kalibunder	wilayah:kecamatan	f		f
kalidawir	wilayah:kecamatan	f		f
kalidoni	wilayah:kecamatan	f		f
kaligesing	wilayah:kecamatan	f		f
kaligis	orang:nama-keluarga	f		f
kaligondang	wilayah:kecamatan	f		f
kalijambe	wilayah:kecamatan	f		f
kalijati	wilayah:kecamatan	f		f
kalikajar	wilayah:kecamatan	f		f
kalikotes	wilayah:kecamatan	f		f
kalimanah	wilayah:kecamatan	f		f
kalimanggis	wilayah:kecamatan	f		f
kalimantan	wilayah:provinsi	f		f
kalinyamatan	wilayah:kecamatan	f		f
kaliorang	wilayah:kecamatan	f		f
kaliori	wilayah:kecamatan	f		f
kalipare	wilayah:kecamatan	f		f
kalipucang	wilayah:kecamatan	f		f
kalipuro	wilayah:kecamatan	f		f
kalirejo	wilayah:kecamatan	f		f
kalisat	wilayah:kecamatan	f		f
kalitengah	wilayah:kecamatan	f		f
kalitidu	wilayah:kecamatan	f		f
kaliwates	wilayah:kecamatan	f		f
kaliwedi	wilayah:kecamatan	f		f
kaliwiro	wilayah:kecamatan	f		f
kalla	orang:nama-keluarga	f		f
kalmas	wilayah:kecamatan	f		f
kalomdol	wilayah:kecamatan	f		f
kalome	wilayah:kecamatan	f		f
kalongan	wilayah:kecamatan	f		f
kaloran	wilayah:kecamatan	f		f
kalua	wilayah:kecamatan	f		f
kalukku	wilayah:kecamatan	f		f
kalumpang	wilayah:kecamatan	f		f
kamala	orang:nama-depan	f		f
kaman	wilayah:kecamatan	f		f
kamang	wilayah:kecamatan	f		f
kamanre	wilayah:kecamatan	f		f
kambata	wilayah:kecamatan	f		f
kambera	wilayah:kecamatan	f		f
kambey	orang:nama-keluarga	f		f
kamboneri	wilayah:kecamatan	f		f
kambowa	wilayah:kecamatan	f		f
kambrau	wilayah:kecamatan	f		f
kambu	wilayah:kecamatan	f		f
kamga	orang:nama-keluarga	f		f
kamidia	orang:nama-depan	f		f
kamila	orang:nama-depan	f		f
kamila	orang:nama-keluarga	f		f
kamipang	wilayah:kecamatan	f		f
kamundan	wilayah:kecamatan	f		f
kan	orang:nama-keluarga	f		f
kanatang	wilayah:kecamatan	f		f
kandangan	wilayah:kecamatan	f		f
kandanghaur	wilayah:kecamatan	f		f
kandangserang	wilayah:kecamatan	f		f
kandat	wilayah:kecamatan	f		f
kandeman	wilayah:kecamatan	f		f
kandou	orang:nama-keluarga	f		f
kandow	orang:nama-keluarga	f		f
kangae	wilayah:kecamatan	f		f
kangayan	wilayah:kecamatan	f		f
kanggime	wilayah:kecamatan	f		f
kani	orang:nama-keluarga	f		f
kanigaran	wilayah:kecamatan	f		f
kanigoro	wilayah:kecamatan	f		f
kanisius	orang:nama-depan	f		f
kanor	wilayah:kecamatan	f		f
kantono	orang:nama-keluarga	f		f
kanty	orang:nama-depan	f		f
kao	orang:nama-depan	f		f
kao	wilayah:kecamatan	f		f
kapala	wilayah:kecamatan	f		f
kapiraya	wilayah:kecamatan	f		f
kapoiala	wilayah:kecamatan	f		f
kapongan	wilayah:kecamatan	f		f
kapontori	wilayah:kecamatan	f		f
kaptel	wilayah:kecamatan	f		f
karai	wilayah:kecamatan	f		f
karamat	wilayah:kecamatan	f		f
karamoy	orang:nama-keluarga	f		f
karanda	orang:nama-keluarga	f		f
karangampel	wilayah:kecamatan	f		f
karanganom	wilayah:kecamatan	f		f
karangawen	wilayah:kecamatan	f		f
karangbinangun	wilayah:kecamatan	f		f
karangdadap	wilayah:kecamatan	f		f
karangdowo	wilayah:kecamatan	f		f
karanggayam	wilayah:kecamatan	f		f
karanggede	wilayah:kecamatan	f		f
karanggeneng	wilayah:kecamatan	f		f
karangjambu	wilayah:kecamatan	f		f
karangjati	wilayah:kecamatan	f		f
karangkancana	wilayah:kecamatan	f		f
karangkobar	wilayah:kecamatan	f		f
karanglewas	wilayah:kecamatan	f		f
karangmalang	wilayah:kecamatan	f		f
karangmojo	wilayah:kecamatan	f		f
karangmoncol	wilayah:kecamatan	f		f
karangnongko	wilayah:kecamatan	f		f
karangnunggal	wilayah:kecamatan	f		f
karangpandan	wilayah:kecamatan	f		f
karangpawitan	wilayah:kecamatan	f		f
karangpenang	wilayah:kecamatan	f		f
karangploso	wilayah:kecamatan	f		f
karangpucung	wilayah:kecamatan	f		f
karangrayung	wilayah:kecamatan	f		f
karangreja	wilayah:kecamatan	f		f
karangrejo	wilayah:kecamatan	f		f
karangsambung	wilayah:kecamatan	f		f
karangsembung	wilayah:kecamatan	f		f
karangtengah	wilayah:kecamatan	f		f
karangwareng	wilayah:kecamatan	f		f
karawaci	wilayah:kecamatan	f		f
kare	wilayah:kecamatan	f		f
karen	orang:nama-depan	f		f
karen	orang:nama-keluarga	f		f
kareng	wilayah:kecamatan	f		f
karera	wilayah:kecamatan	f		f
karimata	wilayah:kecamatan	f		f
karimunjawa	wilayah:kecamatan	f		f
karis	orang:nama-depan	f		f
karman	orang:nama-keluarga	f		f
karmila	orang:nama-keluarga	f		f
karno	orang:nama-keluarga	f		f
karno	wilayah:kecamatan	f		f
karolin	orang:nama-depan	f		f
karolina	orang:nama-depan	f		f
karono	orang:nama-depan	f		f
karossa	wilayah:kecamatan	f		f
karsten	orang:nama-depan	f		f
kartakusuma	orang:nama-keluarga	f		f
kartanegara	orang:nama-keluarga	f		f
kartanegara	wilayah:kabupaten-kota	f		f
kartasura	wilayah:kecamatan	f		f
kartenegara	orang:nama-keluarga	f		f
kartini	orang:nama-depan	f		f
kartodikromo	orang:nama-keluarga	f		f
kartodirdjo	orang:nama-keluarga	f		f
kartoharjo	wilayah:kecamatan	f		f
kartono	orang:nama-keluarga	f		f
karua	wilayah:kecamatan	f		f
karubaga	wilayah:kecamatan	f		f
karusen	wilayah:kecamatan	f		f
karyaman	orang:nama-keluarga	f		f
karīm	orang:nama-depan	f		f
kasembon	wilayah:kecamatan	f		f
kasemen	wilayah:kecamatan	f		f
kasenda	orang:nama-keluarga	f		f
kasiman	wilayah:kecamatan	f		f
kasimbar	wilayah:kecamatan	f		f
kasiruta	wilayah:kecamatan	f		f
kasokandel	wilayah:kecamatan	f		f
kasomalang	wilayah:kecamatan	f		f
kasreman	wilayah:kecamatan	f		f
kassian	orang:nama-depan	f		f
kasturo	orang:nama-keluarga	f		f
katala	wilayah:kecamatan	f		f
katang	wilayah:kecamatan	f		f
katapang	wilayah:kecamatan	f		f
katarina	orang:nama-depan	f		f
kateman	wilayah:kecamatan	f		f
katharina	orang:nama-depan	f		f
katherine	orang:nama-depan	f		f
kathrina	orang:nama-depan	f		f
kathy	orang:nama-depan	f		f
katibung	wilayah:kecamatan	f		f
katie	orang:nama-depan	f		f
katiku	wilayah:kecamatan	f		f
katikutana	wilayah:kecamatan	f		f
katinka	orang:nama-depan	f		f
katis	wilayah:kecamatan	f		f
katobu	wilayah:kecamatan	f		f
katoi	wilayah:kecamatan	f		f
katon	wilayah:kecamatan	f		f
katrin	orang:nama-depan	f		f
katrina	orang:nama-depan	f		f
kaubun	wilayah:kecamatan	f		f
kauditan	wilayah:kecamatan	f		f
kaureh	wilayah:kecamatan	f		f
kawa	wilayah:kecamatan	f		f
kawagit	wilayah:kecamatan	f		f
kawali	wilayah:kecamatan	f		f
kawalu	wilayah:kecamatan	f		f
kawangkoan	wilayah:kecamatan	f		f
kaway	wilayah:kecamatan	f		f
kawedanan	wilayah:kecamatan	f		f
kawilarang	orang:nama-keluarga	f		f
kawor	wilayah:kecamatan	f		f
kawunganten	wilayah:kecamatan	f		f
kayauni	wilayah:kecamatan	f		f
kayen	wilayah:kecamatan	f		f
kayo	wilayah:kecamatan	f		f
kayoa	wilayah:kecamatan	f		f
kayong	wilayah:kabupaten-kota	f		f
kayong	wilayah:kecamatan	f		f
kazama	orang:nama-keluarga	f		f
kebakkramat	wilayah:kecamatan	f		f
kebar	wilayah:kecamatan	f		f
kebasen	wilayah:kecamatan	f		f
kebawetan	wilayah:kecamatan	f		f
kebayakan	wilayah:kecamatan	f		f
kebomas	wilayah:kecamatan	f		f
kebonagung	wilayah:kecamatan	f		f
kebonarum	wilayah:kecamatan	f		f
kebonpedes	wilayah:kecamatan	f		f
kebonsari	wilayah:kecamatan	f		f
kedamean	wilayah:kecamatan	f		f
kedaton	wilayah:kecamatan	f		f
kedawung	wilayah:kecamatan	f		f
kedewan	wilayah:kecamatan	f		f
kedokan	wilayah:kecamatan	f		f
kedopok	wilayah:kecamatan	f		f
kedu	wilayah:kecamatan	f		f
kedungadem	wilayah:kecamatan	f		f
kedungbanteng	wilayah:kecamatan	f		f
kedungdung	wilayah:kecamatan	f		f
kedunggalar	wilayah:kecamatan	f		f
kedungjajang	wilayah:kecamatan	f		f
kedungjati	wilayah:kecamatan	f		f
kedungkandang	wilayah:kecamatan	f		f
kedungpring	wilayah:kecamatan	f		f
kedungreja	wilayah:kecamatan	f		f
kedungtuban	wilayah:kecamatan	f		f
kedungwaru	wilayah:kecamatan	f		f
kedungwuni	wilayah:kecamatan	f		f
kedurang	wilayah:kecamatan	f		f
keera	wilayah:kecamatan	f		f
kees	orang:nama-depan	f		f
kefamenanu	wilayah:kecamatan	f		f
kegayem	wilayah:kecamatan	f		f
kei	wilayah:kecamatan	f		f
keiko	orang:nama-depan	f		f
keisha	orang:nama-depan	f		f
keisya	orang:nama-depan	f		f
kejajar	wilayah:kecamatan	f		f
kejaksan	wilayah:kecamatan	f		f
kejayan	wilayah:kecamatan	f		f
kejobong	wilayah:kecamatan	f		f
keke	wilayah:kecamatan	f		f
kelay	wilayah:kecamatan	f		f
kelekar	wilayah:kecamatan	f		f
keliat	wilayah:kecamatan	f		f
kelila	wilayah:kecamatan	f		f
kelimutu	wilayah:kecamatan	f		f
kelindang	wilayah:kecamatan	f		f
kelingi	wilayah:kecamatan	f		f
kelipah	wilayah:kecamatan	f		f
kelisoke	wilayah:kecamatan	f		f
kelly	orang:nama-depan	f		f
kelubagolit	wilayah:kecamatan	f		f
kelulome	wilayah:kecamatan	f		f
kelumbayan	wilayah:kecamatan	f		f
kelvin	orang:nama-depan	f		f
kema	wilayah:kecamatan	f		f
kemalang	wilayah:kecamatan	f		f
kemangkon	wilayah:kecamatan	f		f
kembangbahu	wilayah:kecamatan	f		f
kembayan	wilayah:kecamatan	f		f
kembru	wilayah:kecamatan	f		f
kemiling	wilayah:kecamatan	f		f
kemis	wilayah:kecamatan	f		f
kemlagi	wilayah:kecamatan	f		f
kempo	wilayah:kecamatan	f		f
kemranjen	wilayah:kecamatan	f		f
kemtuk	wilayah:kecamatan	f		f
kemusu	wilayah:kecamatan	f		f
kendahe	wilayah:kecamatan	f		f
kendawangan	wilayah:kecamatan	f		f
kenduruan	wilayah:kecamatan	f		f
kenedy	orang:nama-depan	f		f
kenjeran	wilayah:kecamatan	f		f
kennedy	orang:nama-depan	f		f
kenny	orang:nama-depan	f		f
kenohan	wilayah:kecamatan	f		f
kenzo	orang:nama-depan	f		f
keo	wilayah:kecamatan	f		f
kepanjen	wilayah:kecamatan	f		f
kepanjenkidul	wilayah:kecamatan	f		f
kepenuhan	wilayah:kecamatan	f		f
kepetakan	wilayah:kecamatan	f		f
kepohbaru	wilayah:kecamatan	f		f
kepungut	wilayah:kecamatan	f		f
kerambitan	wilayah:kecamatan	f		f
keritang	wilayah:kecamatan	f		f
kerjo	wilayah:kecamatan	f		f
kerman	wilayah:kecamatan	f		f
kersamanah	wilayah:kecamatan	f		f
kersana	wilayah:kecamatan	f		f
kertajati	wilayah:kecamatan	f		f
kertanegara	wilayah:kecamatan	f		f
kertapati	wilayah:kecamatan	f		f
kertasari	wilayah:kecamatan	f		f
kertasemaya	wilayah:kecamatan	f		f
kertek	wilayah:kecamatan	f		f
kertosono	wilayah:kecamatan	f		f
keruak	wilayah:kecamatan	f		f
kerumutan	wilayah:kecamatan	f		f
kesamben	wilayah:kecamatan	f		f
kesesi	wilayah:kecamatan	f		f
keshya	orang:nama-depan	f		f
kessya	orang:nama-depan	f		f
kesu	wilayah:kecamatan	f		f
kesugihan	wilayah:kecamatan	f		f
ketahun	wilayah:kecamatan	f		f
ketambe	wilayah:kecamatan	f		f
ketanggungan	wilayah:kecamatan	f		f
ketol	wilayah:kecamatan	f		f
ketulis	wilayah:kecamatan	f		f
ketungau	wilayah:kecamatan	f		f
ketut	orang:nama-depan	f		f
keumala	wilayah:kecamatan	f		f
keuramat	wilayah:kecamatan	f		f
kevin	orang:nama-depan	f		f
kewapante	wilayah:kecamatan	f		f
key	orang:nama-keluarga	f		f
kezia	orang:nama-depan	f		f
khaerany	orang:nama-depan	f		f
khaeriah	orang:nama-depan	f		f
khaerunnisa	orang:nama-depan	f		f
khairul	orang:nama-depan	f		f
khairunnisa	orang:nama-keluarga	f		f
khalimatus	orang:nama-depan	f		f
khalipah	wilayah:kecamatan	f		f
khasanah	orang:nama-keluarga	f		f
khay	orang:nama-depan	f		f
khilau	wilayah:kecamatan	f		f
kho	orang:nama-depan	f		f
kho	orang:nama-keluarga	f		f
khoe	orang:nama-keluarga	f		f
khoiriyansyah	orang:nama-keluarga	f		f
kholik	orang:nama-keluarga	f		f
khosadalina	orang:nama-keluarga	f		f
khrissabella	orang:nama-depan	f		f
khubaib	orang:nama-keluarga	f		f
kiang	orang:nama-depan	f		f
kiaracondong	wilayah:kecamatan	f		f
kiarapedes	wilayah:kecamatan	f		f
kiazen	orang:nama-keluarga	f		f
kibang	wilayah:kecamatan	f		f
kibin	wilayah:kecamatan	f		f
kido	orang:nama-keluarga	f		f
kiehl	orang:nama-keluarga	f		f
kiem	orang:nama-depan	f		f
kieran	orang:nama-depan	f		f
kiki	orang:nama-depan	f		f
kikim	wilayah:kecamatan	f		f
kilmid	wilayah:kecamatan	f		f
kilmury	wilayah:kecamatan	f		f
kimaam	wilayah:kecamatan	f		f
kimberley	orang:nama-depan	f		f
kimberly	orang:nama-depan	f		f
kimi	wilayah:kecamatan	f		f
kinal	wilayah:kecamatan	f		f
kinali	wilayah:kecamatan	f		f
kinard	orang:nama-keluarga	f		f
kindang	wilayah:kecamatan	f		f
king	orang:nama-depan	f		f
kinovaro	wilayah:kecamatan	f		f
kintamani	wilayah:kecamatan	f		f
kintap	wilayah:kecamatan	f		f
kintom	wilayah:kecamatan	f		f
kiok	orang:nama-depan	f		f
kirihi	wilayah:kecamatan	f		f
kisam	wilayah:kecamatan	f		f
kismantoro	wilayah:kecamatan	f		f
kiwirok	wilayah:kecamatan	f		f
kiyage	wilayah:kecamatan	f		f
klabang	wilayah:kecamatan	f		f
klabot	wilayah:kecamatan	f		f
klakah	wilayah:kecamatan	f		f
klambu	wilayah:kecamatan	f		f
klamono	wilayah:kecamatan	f		f
klampis	wilayah:kecamatan	f		f
klampok	wilayah:kecamatan	f		f
klapanunggal	wilayah:kecamatan	f		f
klara	orang:nama-depan	f		f
klari	wilayah:kecamatan	f		f
klasafet	wilayah:kecamatan	f		f
klaso	wilayah:kecamatan	f		f
klaurung	wilayah:kecamatan	f		f
klaus	orang:nama-depan	f		f
klawak	wilayah:kecamatan	f		f
klayili	wilayah:kecamatan	f		f
kledung	wilayah:kecamatan	f		f
klego	wilayah:kecamatan	f		f
klemen	orang:nama-depan	f		f
klemens	orang:nama-depan	f		f
kleopas	orang:nama-depan	f		f
klirong	wilayah:kecamatan	f		f
klojen	wilayah:kecamatan	f		f
klok	orang:nama-keluarga	f		f
klopper	orang:nama-keluarga	f		f
kluet	wilayah:kecamatan	f		f
koba	orang:nama-keluarga	f		f
koba	wilayah:kecamatan	f		f
kobakma	wilayah:kecamatan	f		f
kobalima	wilayah:kecamatan	f		f
kobi	wilayah:kecamatan	f		f
kodeoha	wilayah:kecamatan	f		f
koen	orang:nama-depan	f		f
koestijah	orang:nama-keluarga	f		f
kofiau	wilayah:kecamatan	f		f
kokalukuna	wilayah:kecamatan	f		f
kokap	wilayah:kecamatan	f		f
kokoda	wilayah:kecamatan	f		f
kokop	wilayah:kecamatan	f		f
kolaga	wilayah:kecamatan	f		f
kolang	wilayah:kecamatan	f		f
kolawa	wilayah:kecamatan	f		f
kolbano	wilayah:kecamatan	f		f
kolf	wilayah:kecamatan	f		f
kolono	wilayah:kecamatan	f		f
komala	orang:nama-depan	f		f
komam	wilayah:kecamatan	f		f
komang	orang:nama-depan	f		f
komar	orang:nama-keluarga	f		f
komba	wilayah:kecamatan	f		f
kombay	wilayah:kecamatan	f		f
kombeng	wilayah:kecamatan	f		f
kombi	wilayah:kecamatan	f		f
komboneri	wilayah:kecamatan	f		f
kombut	wilayah:kecamatan	f		f
komering	wilayah:kabupaten-kota	f		f
kona	wilayah:kecamatan	f		f
konang	wilayah:kecamatan	f		f
konda	wilayah:kecamatan	f		f
kondaga	wilayah:kecamatan	f		f
kondi	orang:nama-keluarga	f		f
konhir	wilayah:kecamatan	f		f
kontu	wilayah:kecamatan	f		f
kontuar	wilayah:kecamatan	f		f
kontunaga	wilayah:kecamatan	f		f
kool	orang:nama-keluarga	f		f
kopang	wilayah:kecamatan	f		f
kopar	wilayah:kecamatan	f		f
kopay	wilayah:kecamatan	f		f
kopo	wilayah:kecamatan	f		f
kora	wilayah:kecamatan	f		f
koragi	wilayah:kecamatan	f		f
korah	orang:nama-keluarga	f		f
kormomolin	wilayah:kecamatan	f		f
kornelia	orang:nama-depan	f		f
koroncong	wilayah:kecamatan	f		f
koroptak	wilayah:kecamatan	f		f
koroway	wilayah:kecamatan	f		f
korupun	wilayah:kecamatan	f		f
korwa	orang:nama-keluarga	f		f
kosarek	wilayah:kecamatan	f		f
kosiwo	wilayah:kecamatan	f		f
kosmas	orang:nama-depan	f		f
koster	orang:nama-keluarga	f		f
kostermans	orang:nama-keluarga	f		f
kotaanyar	wilayah:kecamatan	f		f
kotabumi	wilayah:kecamatan	f		f
kotabunan	wilayah:kecamatan	f		f
kotanopan	wilayah:kecamatan	f		f
kotapinang	wilayah:kecamatan	f		f
kotarih	wilayah:kecamatan	f		f
kotawaringin	wilayah:kabupaten-kota	f		f
kotawaringin	wilayah:kecamatan	f		f
koting	wilayah:kecamatan	f		f
koto	orang:nama-keluarga	f		f
koto	wilayah:kecamatan	f		f
kouh	wilayah:kecamatan	f		f
koumur	wilayah:kecamatan	f		f
kowuna	wilayah:kecamatan	f		f
kradenan	wilayah:kecamatan	f		f
kragan	wilayah:kecamatan	f		f
kragilan	wilayah:kecamatan	f		f
kraksaan	wilayah:kecamatan	f		f
kramatjati	wilayah:kecamatan	f		f
kramatmulya	wilayah:kecamatan	f		f
kramatwatu	wilayah:kecamatan	f		f
kramongmongga	wilayah:kecamatan	f		f
kranggan	wilayah:kecamatan	f		f
krangkeng	wilayah:kecamatan	f		f
kras	wilayah:kecamatan	f		f
krayan	wilayah:kecamatan	f		f
krejengan	wilayah:kecamatan	f		f
krembangan	wilayah:kecamatan	f		f
krembung	wilayah:kecamatan	f		f
krepkuri	wilayah:kecamatan	f		f
kresek	wilayah:kecamatan	f		f
kresnayandi	orang:nama-keluarga	f		f
krian	wilayah:kecamatan	f		f
kris	orang:nama-depan	f		f
krishinda	orang:nama-depan	f		f
krishna	orang:nama-depan	f		f
krishna	orang:nama-keluarga	f		f
krisna	orang:nama-depan	f		f
kristanto	orang:nama-keluarga	f		f
kristian	orang:nama-depan	f		f
kristiana	orang:nama-depan	f		f
kristin	orang:nama-depan	f		f
kristina	orang:nama-depan	f		f
kristy	orang:nama-keluarga	f		f
kriswanto	orang:nama-keluarga	f		f
krizia	orang:nama-depan	f		f
krocok	wilayah:kecamatan	f		f
krohn	orang:nama-keluarga	f		f
kromengan	wilayah:kecamatan	f		f
kronjo	wilayah:kecamatan	f		f
kroya	wilayah:kecamatan	f		f
krucil	wilayah:kecamatan	f		f
krueng	wilayah:kecamatan	f		f
krui	wilayah:kecamatan	f		f
kruyt	orang:nama-keluarga	f		f
kualin	wilayah:kecamatan	f		f
kualuh	wilayah:kecamatan	f		f
kuanfatu	wilayah:kecamatan	f		f
kuantan	wilayah:kabupaten-kota	f		f
kuantan	wilayah:kecamatan	f		f
kuaro	wilayah:kecamatan	f		f
kuasan	wilayah:kecamatan	f		f
kuatnana	wilayah:kecamatan	f		f
kubutambahan	wilayah:kecamatan	f		f
kudamassa	orang:nama-keluarga	f		f
kufeu	wilayah:kecamatan	f		f
kulawi	wilayah:kecamatan	f		f
kule	wilayah:kecamatan	f		f
kulisusu	wilayah:kecamatan	f		f
kulo	wilayah:kecamatan	f		f
kulu	wilayah:kecamatan	f		f
kuly	wilayah:kecamatan	f		f
kumalasari	orang:nama-keluarga	f		f
kumara	orang:nama-keluarga	f		f
kumelembuai	wilayah:kecamatan	f		f
kumpeh	wilayah:kecamatan	f		f
kumun	wilayah:kecamatan	f		f
kunang	wilayah:kecamatan	f		f
kuncoro	orang:nama-keluarga	f		f
kunjang	wilayah:kecamatan	f		f
kuntadi	orang:nama-keluarga	f		f
kunto	wilayah:kecamatan	f		f
kuo	orang:nama-keluarga	f		f
kuo	wilayah:kecamatan	f		f
kuok	wilayah:kecamatan	f		f
kupai	wilayah:kecamatan	f		f
kupitan	wilayah:kecamatan	f		f
kuranji	wilayah:kecamatan	f		f
kuri	wilayah:kecamatan	f		f
kurima	wilayah:kecamatan	f		f
kurnia	orang:nama-depan	f		f
kurnia	orang:nama-keluarga	f		f
kurniahu	orang:nama-keluarga	f		f
kurnianti	orang:nama-keluarga	f		f
kurniawan	orang:nama-keluarga	f		f
kurra	wilayah:kecamatan	f		f
kurudu	wilayah:kecamatan	f		f
kurulu	wilayah:kecamatan	f		f
kusambi	wilayah:kecamatan	f		f
kusan	wilayah:kecamatan	f		f
kusdianto	orang:nama-keluarga	f		f
kusharjanto	orang:nama-keluarga	f		f
kusharyanto	orang:nama-keluarga	f		f
kusmiati	orang:nama-keluarga	f		f
kusumah	orang:nama-keluarga	f		f
kusumastuti	orang:nama-keluarga	f		f
kusumawardana	orang:nama-keluarga	f		f
kusumawardhani	orang:nama-keluarga	f		f
kusumawati	orang:nama-keluarga	f		f
kusumo	orang:nama-keluarga	f		f
kutabuluh	wilayah:kecamatan	f		f
kutai	wilayah:kabupaten-kota	f		f
kutalimbaru	wilayah:kecamatan	f		f
kutambaru	wilayah:kecamatan	f		f
kutasari	wilayah:kecamatan	f		f
kutawaluya	wilayah:kecamatan	f		f
kutawaringin	wilayah:kecamatan	f		f
kute	wilayah:kecamatan	f		f
kutoarjo	wilayah:kecamatan	f		f
kutorejo	wilayah:kecamatan	f		f
kutowinangun	wilayah:kecamatan	f		f
kuwarasan	wilayah:kecamatan	f		f
kuwus	wilayah:kecamatan	f		f
kuyawage	wilayah:kecamatan	f		f
kwadungan	wilayah:kecamatan	f		f
kwamki	wilayah:kecamatan	f		f
kwandang	wilayah:kecamatan	f		f
kwanrico	orang:nama-keluarga	f		f
kwanyar	wilayah:kecamatan	f		f
kwee	orang:nama-keluarga	f		f
kwelamdua	wilayah:kecamatan	f		f
kwesefo	wilayah:kecamatan	f		f
kwik	orang:nama-keluarga	f		f
kwikma	wilayah:kecamatan	f		f
kwinara	orang:nama-depan	f		f
kwoor	wilayah:kecamatan	f		f
kyle	orang:nama-keluarga	f		f
kādir	orang:nama-depan	f		f
labakkang	wilayah:kecamatan	f		f
labangka	wilayah:kecamatan	f		f
labib	orang:nama-keluarga	f		f
labobar	wilayah:kecamatan	f		f
labobo	wilayah:kecamatan	f		f
laboya	wilayah:kecamatan	f		f
labuan	wilayah:kecamatan	f		f
labuapi	wilayah:kecamatan	f		f
labuhan	wilayah:kecamatan	f		f
labuhanhaji	wilayah:kecamatan	f		f
ladjar	orang:nama-keluarga	f		f
ladongi	wilayah:kecamatan	f		f
lae	wilayah:kecamatan	f		f
laenmanen	wilayah:kecamatan	f		f
laeya	wilayah:kecamatan	f		f
lafran	orang:nama-depan	f		f
lage	wilayah:kecamatan	f		f
laguboti	wilayah:kecamatan	f		f
laham	wilayah:kecamatan	f		f
lahardi	orang:nama-keluarga	f		f
lahei	wilayah:kecamatan	f		f
lahewa	wilayah:kecamatan	f		f
lahomi	wilayah:kecamatan	f		f
lahusa	wilayah:kecamatan	f		f
laikang	wilayah:kecamatan	f		f
laila	orang:nama-depan	f		f
laili	orang:nama-depan	f		f
laili	orang:nama-keluarga	f		f
lainea	wilayah:kecamatan	f		f
lakarsantri	wilayah:kecamatan	f		f
lakbok	wilayah:kecamatan	f		f
lakea	wilayah:kecamatan	f		f
lakitan	wilayah:kecamatan	f		f
lakor	wilayah:kecamatan	f		f
laksono	orang:nama-keluarga	f		f
lakudo	wilayah:kecamatan	f		f
lalabata	wilayah:kecamatan	f		f
lalan	wilayah:kecamatan	f		f
lalembuu	wilayah:kecamatan	f		f
lalolae	wilayah:kecamatan	f		f
lalonggasumeeto	wilayah:kecamatan	f		f
lamaknen	wilayah:kecamatan	f		f
lamala	wilayah:kecamatan	f		f
lamasi	wilayah:kecamatan	f		f
lamba	wilayah:kecamatan	f		f
lambalek	wilayah:kecamatan	f		f
lambandia	wilayah:kecamatan	f		f
lambertus	orang:nama-depan	f		f
lambewi	wilayah:kecamatan	f		f
lambitu	wilayah:kecamatan	f		f
lamboya	wilayah:kecamatan	f		f
lambunu	wilayah:kecamatan	f		f
lambuya	wilayah:kecamatan	f		f
lamo	orang:nama-keluarga	f		f
lampasio	wilayah:kecamatan	f		f
lampihong	wilayah:kecamatan	f		f
lamposi	wilayah:kecamatan	f		f
lamuru	wilayah:kecamatan	f		f
landawe	wilayah:kecamatan	f		f
landono	wilayah:kecamatan	f		f
landu	wilayah:kecamatan	f		f
landy	orang:nama-keluarga	f		f
langda	wilayah:kecamatan	f		f
langensari	wilayah:kecamatan	f		f
langgikima	wilayah:kecamatan	f		f
langgudu	wilayah:kecamatan	f		f
langkahan	wilayah:kecamatan	f		f
langkaplancar	wilayah:kecamatan	f		f
langkapura	wilayah:kecamatan	f		f
langke	wilayah:kecamatan	f		f
langowan	wilayah:kecamatan	f		f
lani	orang:nama-depan	f		f
lanny	orang:nama-depan	f		f
lanny	wilayah:kabupaten-kota	f		f
lanny	wilayah:kecamatan	f		f
lannyna	wilayah:kecamatan	f		f
lanora	orang:nama-keluarga	f		f
lanrisang	wilayah:kecamatan	f		f
lantari	wilayah:kecamatan	f		f
lanteh	wilayah:kecamatan	f		f
laoh	orang:nama-keluarga	f		f
laonti	wilayah:kecamatan	f		f
lapandewa	wilayah:kecamatan	f		f
lape	wilayah:kecamatan	f		f
lapian	orang:nama-keluarga	f		f
lappariaja	wilayah:kecamatan	f		f
larantuka	wilayah:kecamatan	f		f
larasati	orang:nama-keluarga	f		f
lareh	wilayah:kecamatan	f		f
laren	wilayah:kecamatan	f		f
lariang	wilayah:kecamatan	f		f
larissa	orang:nama-depan	f		f
larissa	orang:nama-keluarga	f		f
larompong	wilayah:kecamatan	f		f
lasalepa	wilayah:kecamatan	f		f
lasalimu	wilayah:kecamatan	f		f
lasem	wilayah:kecamatan	f		f
lasiolat	wilayah:kecamatan	f		f
lasolo	wilayah:kecamatan	f		f
lasso	orang:nama-keluarga	f		f
lasusua	wilayah:kecamatan	f		f
latambaga	wilayah:kecamatan	f		f
latasha	orang:nama-depan	f		f
latief	orang:nama-keluarga	f		f
latifa	orang:nama-depan	f		f
latimojong	wilayah:kecamatan	f		f
latoma	wilayah:kecamatan	f		f
latuconsina	orang:nama-keluarga	f		f
latumeten	orang:nama-keluarga	f		f
lau	wilayah:kecamatan	f		f
laubaleng	wilayah:kecamatan	f		f
laura	orang:nama-depan	f		f
laurens	orang:nama-depan	f		f
laurent	orang:nama-keluarga	f		f
laurinda	orang:nama-depan	f		f
lautang	wilayah:kecamatan	f		f
lavinia	orang:nama-depan	f		f
laweh	wilayah:kecamatan	f		f
lawrence	orang:nama-depan	f		f
lawrence	orang:nama-keluarga	f		f
lay	orang:nama-keluarga	f		f
lea	orang:nama-depan	f		f
lea	wilayah:kecamatan	f		f
leander	orang:nama-keluarga	f		f
leani	orang:nama-depan	f		f
leba	orang:nama-keluarga	f		f
lebakbarang	wilayah:kecamatan	f		f
lebakgedong	wilayah:kecamatan	f		f
lebaksiu	wilayah:kecamatan	f		f
lebakwangi	wilayah:kecamatan	f		f
lebatukan	wilayah:kecamatan	f		f
leces	wilayah:kecamatan	f		f
leda	wilayah:kecamatan	f		f
lede	wilayah:kecamatan	f		f
ledi	orang:nama-depan	f		f
ledia	orang:nama-depan	f		f
ledo	wilayah:kecamatan	f		f
ledokombo	wilayah:kecamatan	f		f
ledong	wilayah:kecamatan	f		f
lee	orang:nama-keluarga	f		f
legonkulon	wilayah:kecamatan	f		f
leidong	wilayah:kecamatan	f		f
leihitu	wilayah:kecamatan	f		f
leila	orang:nama-depan	f		f
leisela	wilayah:kecamatan	f		f
leitimur	wilayah:kecamatan	f		f
lejarsari	orang:nama-keluarga	f		f
leko	wilayah:kecamatan	f		f
leksono	orang:nama-keluarga	f		f
leksono	wilayah:kecamatan	f		f
leksula	wilayah:kecamatan	f		f
lelea	wilayah:kecamatan	f		f
lella	orang:nama-depan	f		f
lelyana	orang:nama-depan	f		f
lemahabang	wilayah:kecamatan	f		f
lemahsugih	wilayah:kecamatan	f		f
lemahwungkuk	wilayah:kecamatan	f		f
leman	orang:nama-keluarga	f		f
lematang	wilayah:kabupaten-kota	f		f
lembean	wilayah:kecamatan	f		f
lembeh	wilayah:kecamatan	f		f
lembeyan	wilayah:kecamatan	f		f
lembo	wilayah:kecamatan	f		f
lembor	wilayah:kecamatan	f		f
lembursitu	wilayah:kecamatan	f		f
lemito	wilayah:kecamatan	f		f
lemong	wilayah:kecamatan	f		f
lempuing	wilayah:kecamatan	f		f
lenangguar	wilayah:kecamatan	f		f
lendah	wilayah:kecamatan	f		f
lenek	wilayah:kecamatan	f		f
lengayang	wilayah:kecamatan	f		f
lengkiti	wilayah:kecamatan	f		f
lenni	orang:nama-depan	f		f
lenny	orang:nama-depan	f		f
leobele	wilayah:kecamatan	f		f
leon	orang:nama-depan	f		f
leona	orang:nama-depan	f		f
leonard	orang:nama-depan	f		f
leonard	orang:nama-keluarga	f		f
leonardo	orang:nama-depan	f		f
leonardo	orang:nama-keluarga	f		f
leonardus	orang:nama-depan	f		f
leonila	orang:nama-keluarga	f		f
leonora	orang:nama-depan	f		f
leopold	orang:nama-depan	f		f
lepan	wilayah:kecamatan	f		f
lepar	wilayah:kecamatan	f		f
lepembusu	wilayah:kecamatan	f		f
lery	orang:nama-keluarga	f		f
lesesne	orang:nama-keluarga	f		f
lesmana	orang:nama-keluarga	f		f
lesmina	orang:nama-depan	f		f
lester	orang:nama-depan	f		f
leti	wilayah:kecamatan	f		f
leupung	wilayah:kecamatan	f		f
leuser	wilayah:kecamatan	f		f
leuwidamar	wilayah:kecamatan	f		f
leuwigoong	wilayah:kecamatan	f		f
leuwiliang	wilayah:kecamatan	f		f
leuwimunding	wilayah:kecamatan	f		f
leuwisadeng	wilayah:kecamatan	f		f
leuwisari	wilayah:kecamatan	f		f
levi	orang:nama-depan	f		f
levi	orang:nama-keluarga	f		f
levia	orang:nama-depan	f		f
levinus	orang:nama-depan	f		f
levronka	orang:nama-keluarga	f		f
lewerissa	orang:nama-keluarga	f		f
lewis	orang:nama-depan	f		f
lewis	orang:nama-keluarga	f		f
lewolema	wilayah:kecamatan	f		f
lex	orang:nama-depan	f		f
leyla	orang:nama-depan	f		f
lhoknga	wilayah:kecamatan	f		f
lhoksukon	wilayah:kecamatan	f		f
lhoong	wilayah:kecamatan	f		f
lia	orang:nama-depan	f		f
lia	wilayah:kecamatan	f		f
liae	wilayah:kecamatan	f		f
lianawati	orang:nama-keluarga	f		f
liane	orang:nama-depan	f		f
libarek	wilayah:kecamatan	f		f
libureng	wilayah:kecamatan	f		f
lida	orang:nama-depan	f		f
lidia	orang:nama-depan	f		f
lidya	orang:nama-depan	f		f
lie	orang:nama-keluarga	f		f
liem	orang:nama-depan	f		f
liem	orang:nama-keluarga	f		f
lies	orang:nama-depan	f		f
ligung	wilayah:kecamatan	f		f
likupang	wilayah:kecamatan	f		f
lilialy	wilayah:kecamatan	f		f
liliana	orang:nama-depan	f		f
lilik	orang:nama-depan	f		f
liliriaja	wilayah:kecamatan	f		f
lilirilau	wilayah:kecamatan	f		f
liliyana	orang:nama-depan	f		f
lily	orang:nama-depan	f		f
limapuluh	wilayah:kecamatan	f		f
limardi	orang:nama-keluarga	f		f
limbangan	wilayah:kecamatan	f		f
limboro	wilayah:kecamatan	f		f
limboto	wilayah:kecamatan	f		f
limbowo	orang:nama-keluarga	f		f
limo	wilayah:kecamatan	f		f
limpasu	wilayah:kecamatan	f		f
limpele	orang:nama-keluarga	f		f
limpo	orang:nama-keluarga	f		f
limpoe	wilayah:kecamatan	f		f
lina	orang:nama-depan	f		f
linda	orang:nama-depan	f		f
linden	orang:nama-keluarga	f		f
lindh	orang:nama-keluarga	f		f
lindsey	orang:nama-depan	f		f
lindy	orang:nama-depan	f		f
linge	wilayah:kecamatan	f		f
linggang	wilayah:kecamatan	f		f
linggau	wilayah:kabupaten-kota	f		f
linggau	wilayah:kecamatan	f		f
linggo	wilayah:kecamatan	f		f
lingkuang	wilayah:kecamatan	f		f
lingsar	wilayah:kecamatan	f		f
lingu	wilayah:kecamatan	f		f
lino	orang:nama-depan	f		f
lintau	wilayah:kecamatan	f		f
linton	orang:nama-depan	f		f
lintong	wilayah:kecamatan	f		f
linus	orang:nama-depan	f		f
lioe	orang:nama-keluarga	f		f
lionel	orang:nama-depan	f		f
lirung	wilayah:kecamatan	f		f
lisa	orang:nama-depan	f		f
liske	orang:nama-depan	f		f
listanto	orang:nama-keluarga	f		f
listyanto	orang:nama-keluarga	f		f
lita	orang:nama-depan	f		f
litaay	orang:nama-keluarga	f		f
liu	orang:nama-keluarga	f		f
liukang	wilayah:kecamatan	f		f
lius	orang:nama-depan	f		f
livia	orang:nama-depan	f		f
liwongan	orang:nama-keluarga	f		f
liz	orang:nama-depan	f		f
liza	orang:nama-depan	f		f
liêm	orang:nama-depan	f		f
loa	wilayah:kecamatan	f		f
loaholu	wilayah:kecamatan	f		f
loano	wilayah:kecamatan	f		f
lobalain	wilayah:kecamatan	f		f
lobam	wilayah:kecamatan	f		f
lobu	wilayah:kecamatan	f		f
loceret	wilayah:kecamatan	f		f
lodewijk	orang:nama-depan	f		f
lodu	wilayah:kecamatan	f		f
loea	wilayah:kecamatan	f		f
logas	wilayah:kecamatan	f		f
lohanda	orang:nama-keluarga	f		f
lohbener	wilayah:kecamatan	f		f
lohia	wilayah:kecamatan	f		f
loho	orang:nama-keluarga	f		f
lois	orang:nama-depan	f		f
loise	orang:nama-depan	f		f
lokita	orang:nama-keluarga	f		f
lokpaikat	wilayah:kecamatan	f		f
loksado	wilayah:kecamatan	f		f
lola	orang:nama-depan	f		f
lolat	wilayah:kecamatan	f		f
lolayan	wilayah:kecamatan	f		f
loli	wilayah:kecamatan	f		f
lolita	orang:nama-depan	f		f
loloda	wilayah:kecamatan	f		f
lolofitu	wilayah:kecamatan	f		f
lolomatua	wilayah:kecamatan	f		f
lolowau	wilayah:kecamatan	f		f
lomban	orang:nama-keluarga	f		f
longkib	wilayah:kecamatan	f		f
lopa	orang:nama-keluarga	f		f
lopok	wilayah:kecamatan	f		f
lora	orang:nama-depan	f		f
lore	wilayah:kecamatan	f		f
lorena	orang:nama-depan	f		f
lorenzo	orang:nama-depan	f		f
losarang	wilayah:kecamatan	f		f
losari	wilayah:kecamatan	f		f
lotu	wilayah:kecamatan	f		f
louis	orang:nama-depan	f		f
louis	orang:nama-keluarga	f		f
louisa	orang:nama-depan	f		f
louise	orang:nama-depan	f		f
loura	wilayah:kecamatan	f		f
lowokwaru	wilayah:kecamatan	f		f
luahagundre	wilayah:kecamatan	f		f
luana	orang:nama-depan	f		f
lubai	wilayah:kecamatan	f		f
lubis	orang:nama-keluarga	f		f
lubu	wilayah:kecamatan	f		f
lubuak	wilayah:kecamatan	f		f
lucas	orang:nama-depan	f		f
lucia	orang:nama-depan	f		f
lucky	orang:nama-depan	f		f
lucy	orang:nama-depan	f		f
ludovikus	orang:nama-depan	f		f
ludwig	orang:nama-depan	f		f
lueng	wilayah:kecamatan	f		f
luisa	orang:nama-depan	f		f
lukas	orang:nama-depan	f		f
lukas	orang:nama-keluarga	f		f
lukhi	orang:nama-depan	f		f
lukman	orang:nama-depan	f		f
lukmanda	orang:nama-keluarga	f		f
lukmansyah	orang:nama-keluarga	f		f
lula	orang:nama-depan	f		f
lulu	orang:nama-depan	f		f
lumain	orang:nama-keluarga	f		f
lumban	wilayah:kecamatan	f		f
lumbang	wilayah:kecamatan	f		f
lumbir	wilayah:kecamatan	f		f
lumbis	wilayah:kecamatan	f		f
lumbok	wilayah:kecamatan	f		f
lumentut	orang:nama-keluarga	f		f
lumo	wilayah:kecamatan	f		f
lumoindong	orang:nama-keluarga	f		f
lumongga	orang:nama-depan	f		f
luna	orang:nama-depan	f		f
lunang	wilayah:kecamatan	f		f
lunasi	wilayah:kecamatan	f		f
lunci	wilayah:kecamatan	f		f
lunyuk	wilayah:kecamatan	f		f
lupar	wilayah:kecamatan	f		f
luragung	wilayah:kecamatan	f		f
lutfi	orang:nama-depan	f		f
luther	orang:nama-depan	f		f
luthfi	orang:nama-depan	f		f
luwuk	wilayah:kecamatan	f		f
luyo	wilayah:kecamatan	f		f
lya	orang:nama-depan	f		f
lyanny	orang:nama-depan	f		f
lydia	orang:nama-depan	f		f
lydia	orang:nama-keluarga	f		f
lynch	orang:nama-keluarga	f		f
lynda	orang:nama-depan	f		f
lyodra	orang:nama-depan	f		f
lyra	orang:nama-depan	f		f
maarten	orang:nama-depan	f		f
maba	wilayah:kecamatan	f		f
mabel	orang:nama-keluarga	f		f
mabugi	wilayah:kecamatan	f		f
machalul	orang:nama-depan	f		f
machsunnah	orang:nama-keluarga	f		f
madan	wilayah:kecamatan	f		f
madapangga	wilayah:kecamatan	f		f
made	orang:nama-depan	f		f
made	orang:nama-keluarga	f		f
madison	orang:nama-keluarga	f		f
madjid	orang:nama-keluarga	f		f
maduran	wilayah:kecamatan	f		f
maesa	wilayah:kecamatan	f		f
maesaan	wilayah:kecamatan	f		f
maga	orang:nama-keluarga	f		f
magdalena	orang:nama-depan	f		f
magdi	orang:nama-depan	f		f
magek	wilayah:kecamatan	f		f
magepanda	wilayah:kecamatan	f		f
maggie	orang:nama-depan	f		f
maginti	wilayah:kecamatan	f		f
magnifiro	orang:nama-depan	f		f
mahakam	wilayah:kabupaten-kota	f		f
mahap	wilayah:kecamatan	f		f
mahardi	orang:nama-keluarga	f		f
mahdani	orang:nama-depan	f		f
mahendra	orang:nama-depan	f		f
mahendra	orang:nama-keluarga	f		f
mahesi	orang:nama-keluarga	f		f
maheswari	orang:nama-keluarga	f		f
mahidin	orang:nama-depan	f		f
mahiroh	orang:nama-keluarga	f		f
mahmudin	orang:nama-keluarga	f		f
mahria	orang:nama-depan	f		f
mahu	wilayah:kecamatan	f		f
maia	orang:nama-depan	f		f
maia	orang:nama-keluarga	f		f
mailova	orang:nama-keluarga	f		f
maima	wilayah:kecamatan	f		f
mainaky	orang:nama-keluarga	f		f
mairera	orang:nama-keluarga	f		f
maisarah	orang:nama-depan	f		f
maisha	orang:nama-depan	f		f
maiwa	wilayah:kecamatan	f		f
majalaya	wilayah:kecamatan	f		f
majasari	wilayah:kecamatan	f		f
majauleng	wilayah:kecamatan	f		f
maje	wilayah:kecamatan	f		f
majenang	wilayah:kecamatan	f		f
majid	orang:nama-depan	f		f
majid	orang:nama-keluarga	f		f
makale	wilayah:kecamatan	f		f
makarti	wilayah:kecamatan	f		f
makayla	orang:nama-depan	f		f
makbon	wilayah:kecamatan	f		f
makimi	wilayah:kecamatan	f		f
makki	wilayah:kecamatan	f		f
makmu	wilayah:kecamatan	f		f
makmue	wilayah:kecamatan	f		f
malabotom	wilayah:kecamatan	f		f
maladum	wilayah:kecamatan	f		f
malaimsimsa	wilayah:kecamatan	f		f
malalak	wilayah:kecamatan	f		f
malalayang	wilayah:kecamatan	f		f
malangbong	wilayah:kecamatan	f		f
malangke	wilayah:kecamatan	f		f
malausma	wilayah:kecamatan	f		f
maleber	wilayah:kecamatan	f		f
malela	wilayah:kecamatan	f		f
malifut	wilayah:kecamatan	f		f
maligano	wilayah:kecamatan	f		f
maligas	wilayah:kecamatan	f		f
maliku	wilayah:kecamatan	f		f
malili	wilayah:kecamatan	f		f
malimbong	wilayah:kecamatan	f		f
malind	wilayah:kecamatan	f		f
malingping	wilayah:kecamatan	f		f
malino	wilayah:kecamatan	f		f
malintang	wilayah:kecamatan	f		f
mallarangeng	orang:nama-keluarga	f		f
mallawa	wilayah:kecamatan	f		f
mallusetasi	wilayah:kecamatan	f		f
malo	wilayah:kecamatan	f		f
malua	wilayah:kecamatan	f		f
maluk	wilayah:kecamatan	f		f
maluku	wilayah:kabupaten-kota	f		f
maluku	wilayah:provinsi	f		f
malunda	wilayah:kecamatan	f		f
malvino	orang:nama-depan	f		f
mamadou	orang:nama-depan	f		f
mamahit	orang:nama-keluarga	f		f
mamajang	wilayah:kecamatan	f		f
mambai	wilayah:kecamatan	f		f
mamberamo	wilayah:kabupaten-kota	f		f
mamberamo	wilayah:kecamatan	f		f
mambi	wilayah:kecamatan	f		f
mambioman	wilayah:kecamatan	f		f
mamboro	wilayah:kecamatan	f		f
mamduh	orang:nama-depan	f		f
mamonto	orang:nama-keluarga	f		f
mamosalato	wilayah:kecamatan	f		f
mamplam	wilayah:kecamatan	f		f
manaar	wilayah:kecamatan	f		f
mananggu	wilayah:kecamatan	f		f
manasa	wilayah:kecamatan	f		f
mancak	wilayah:kecamatan	f		f
mandagi	orang:nama-keluarga	f		f
mandailing	wilayah:kabupaten-kota	f		f
mandalajati	wilayah:kecamatan	f		f
mandalawangi	wilayah:kecamatan	f		f
mandalle	wilayah:kecamatan	f		f
mandastana	wilayah:kecamatan	f		f
mande	wilayah:kecamatan	f		f
mandiangin	wilayah:kecamatan	f		f
manding	wilayah:kecamatan	f		f
mandioli	wilayah:kecamatan	f		f
mandiraja	wilayah:kecamatan	f		f
mandirancan	wilayah:kecamatan	f		f
mandobo	wilayah:kecamatan	f		f
mandoge	wilayah:kecamatan	f		f
mandolang	wilayah:kecamatan	f		f
mandonga	wilayah:kecamatan	f		f
mandrehe	wilayah:kecamatan	f		f
manduamas	wilayah:kecamatan	f		f
mane	wilayah:kecamatan	f		f
manekar	wilayah:kecamatan	f		f
manganitu	wilayah:kecamatan	f		f
mangarabombang	wilayah:kecamatan	f		f
mangaran	wilayah:kecamatan	f		f
mangat	wilayah:kecamatan	f		f
manggalewa	wilayah:kecamatan	f		f
manggelum	wilayah:kecamatan	f		f
manggeng	wilayah:kecamatan	f		f
mangindaan	orang:nama-keluarga	f		f
mangkutana	wilayah:kecamatan	f		f
mangoli	wilayah:kecamatan	f		f
manguharjo	wilayah:kecamatan	f		f
mangunjaya	wilayah:kecamatan	f		f
mangunreja	wilayah:kecamatan	f		f
mangunwijaya	orang:nama-keluarga	f		f
mangur	wilayah:kecamatan	f		f
maniamolo	wilayah:kecamatan	f		f
maniangpajo	wilayah:kecamatan	f		f
maniis	wilayah:kecamatan	f		f
manimeri	wilayah:kecamatan	f		f
manipa	wilayah:kecamatan	f		f
manisrenggo	wilayah:kecamatan	f		f
manjunto	wilayah:kecamatan	f		f
manna	wilayah:kecamatan	f		f
mannem	wilayah:kecamatan	f		f
manoi	wilayah:kecamatan	f		f
manoj	orang:nama-depan	f		f
manonjaya	wilayah:kecamatan	f		f
mansar	wilayah:kecamatan	f		f
mansur	orang:nama-depan	f		f
mantang	wilayah:kecamatan	f		f
mantangai	wilayah:kecamatan	f		f
mantewe	wilayah:kecamatan	f		f
mantikei	wilayah:kecamatan	f		f
mantikulore	wilayah:kecamatan	f		f
mantingan	wilayah:kecamatan	f		f
mantoh	wilayah:kecamatan	f		f
mantouw	orang:nama-keluarga	f		f
mantovani	orang:nama-keluarga	f		f
mantup	wilayah:kecamatan	f		f
manuel	orang:nama-depan	f		f
manuella	orang:nama-depan	f		f
manuhing	wilayah:kecamatan	f		f
manuhutu	orang:nama-keluarga	f		f
manuju	wilayah:kecamatan	f		f
manuputty	orang:nama-keluarga	f		f
manurung	orang:nama-keluarga	f		f
manyak	wilayah:kecamatan	f		f
manyaran	wilayah:kecamatan	f		f
manyeuw	wilayah:kecamatan	f		f
maos	wilayah:kecamatan	f		f
maospati	wilayah:kecamatan	f		f
mapambuhang	wilayah:kecamatan	f		f
mapanget	wilayah:kecamatan	f		f
mapasa	orang:nama-keluarga	f		f
mapat	wilayah:kecamatan	f		f
mapenduma	wilayah:kecamatan	f		f
mapia	wilayah:kecamatan	f		f
mapilli	wilayah:kecamatan	f		f
mapitara	wilayah:kecamatan	f		f
mappak	wilayah:kecamatan	f		f
mappakasunggu	wilayah:kecamatan	f		f
mappedeceng	wilayah:kecamatan	f		f
maqdis	orang:nama-keluarga	f		f
marabahan	wilayah:kecamatan	f		f
maramis	orang:nama-keluarga	f		f
marancar	wilayah:kecamatan	f		f
marang	wilayah:kecamatan	f		f
marapi	wilayah:kecamatan	f		f
maratua	wilayah:kecamatan	f		f
marau	wilayah:kecamatan	f		f
marawola	wilayah:kecamatan	f		f
marbau	wilayah:kecamatan	f		f
marc	orang:nama-depan	f		f
marcel	orang:nama-depan	f		f
marcelia	orang:nama-depan	f		f
marcella	orang:nama-depan	f		f
marcella	orang:nama-keluarga	f		f
marcello	orang:nama-depan	f		f
marcellyno	orang:nama-keluarga	f		f
marcia	orang:nama-keluarga	f		f
marciano	orang:nama-depan	f		f
marciano	orang:nama-keluarga	f		f
marco	orang:nama-depan	f		f
marcos	orang:nama-depan	f		f
marcus	orang:nama-depan	f		f
mardianto	orang:nama-keluarga	f		f
mardingding	wilayah:kecamatan	f		f
marelan	wilayah:kecamatan	f		f
maretha	orang:nama-depan	f		f
marfuah	orang:nama-keluarga	f		f
margaasih	wilayah:kecamatan	f		f
margadana	wilayah:kecamatan	f		f
margahayu	wilayah:kecamatan	f		f
margaret	orang:nama-depan	f		f
margareta	orang:nama-depan	f		f
margareth	orang:nama-depan	f		f
margaretha	orang:nama-depan	f		f
margarétha	orang:nama-keluarga	f		f
margasari	wilayah:kecamatan	f		f
margo	wilayah:kecamatan	f		f
margomulyo	wilayah:kecamatan	f		f
margorejo	wilayah:kecamatan	f		f
margoyoso	wilayah:kecamatan	f		f
margret	orang:nama-depan	f		f
mariana	orang:nama-depan	f		f
mariani	orang:nama-keluarga	f		f
marianne	orang:nama-depan	f		f
mariat	wilayah:kecamatan	f		f
maribeth	orang:nama-depan	f		f
maridjan	orang:nama-keluarga	f		f
marie	orang:nama-depan	f		f
marihat	wilayah:kecamatan	f		f
marikit	wilayah:kecamatan	f		f
marimbun	wilayah:kecamatan	f		f
maringgai	wilayah:kecamatan	f		f
maringka	orang:nama-keluarga	f		f
marini	orang:nama-keluarga	f		f
marino	orang:nama-keluarga	f		f
marinus	orang:nama-depan	f		f
mario	orang:nama-depan	f		f
marion	orang:nama-depan	f		f
marioriawa	wilayah:kecamatan	f		f
marioriwawo	wilayah:kecamatan	f		f
marisa	orang:nama-depan	f		f
marisa	wilayah:kecamatan	f		f
marisca	orang:nama-keluarga	f		f
mariska	orang:nama-depan	f		f
mariso	wilayah:kecamatan	f		f
marissa	orang:nama-depan	f		f
marissa	orang:nama-keluarga	f		f
maritengngae	wilayah:kecamatan	f		f
marius	orang:nama-depan	f		f
marko	orang:nama-depan	f		f
markus	orang:nama-depan	f		f
markus	orang:nama-keluarga	f		f
marleve	orang:nama-depan	f		f
marli	orang:nama-depan	f		f
marlina	orang:nama-keluarga	f		f
marlis	orang:nama-depan	f		f
marlon	orang:nama-depan	f		f
marlon	orang:nama-keluarga	f		f
marlyn	orang:nama-depan	f		f
marobo	wilayah:kecamatan	f		f
maron	wilayah:kecamatan	f		f
maronge	wilayah:kecamatan	f		f
marore	wilayah:kecamatan	f		f
marpaung	orang:nama-keluarga	f		f
marpoyan	wilayah:kecamatan	f		f
marques	orang:nama-depan	f		f
marsa	orang:nama-depan	f		f
marsal	orang:nama-keluarga	f		f
marselinus	orang:nama-depan	f		f
marsha	orang:nama-depan	f		f
marsheilla	orang:nama-depan	f		f
marshela	orang:nama-depan	f		f
marsudi	orang:nama-keluarga	f		f
martapura	wilayah:kecamatan	f		f
marteen	orang:nama-keluarga	f		f
marten	orang:nama-depan	f		f
marten	orang:nama-keluarga	f		f
martha	orang:nama-depan	f		f
martha	orang:nama-keluarga	f		f
marthen	orang:nama-depan	f		f
marthin	orang:nama-keluarga	f		f
martin	orang:nama-depan	f		f
martin	orang:nama-keluarga	f		f
martina	orang:nama-depan	f		f
martinelly	orang:nama-keluarga	f		f
martino	orang:nama-keluarga	f		f
martinus	orang:nama-depan	f		f
martoba	wilayah:kecamatan	f		f
martogi	orang:nama-keluarga	f		f
marty	orang:nama-depan	f		f
marty	orang:nama-keluarga	f		f
maruf	orang:nama-keluarga	f		f
marusu	wilayah:kecamatan	f		f
marvella	orang:nama-depan	f		f
marvelyn	orang:nama-depan	f		f
marvino	orang:nama-keluarga	f		f
marwan	orang:nama-depan	f		f
mary	orang:nama-depan	f		f
maryam	orang:nama-depan	f		f
maryati	orang:nama-keluarga	f		f
marzuki	orang:nama-keluarga	f		f
maría	orang:nama-depan	f		f
maría	orang:nama-keluarga	f		f
masagal	wilayah:kecamatan	f		f
masaji	orang:nama-depan	f		f
masalembu	wilayah:kecamatan	f		f
masalle	wilayah:kecamatan	f		f
masaloka	wilayah:kecamatan	f		f
masama	wilayah:kecamatan	f		f
masamba	wilayah:kecamatan	f		f
masanda	wilayah:kecamatan	f		f
masaran	wilayah:kecamatan	f		f
masbagik	wilayah:kecamatan	f		f
masbar	orang:nama-depan	f		f
masela	orang:nama-keluarga	f		f
masela	wilayah:kecamatan	f		f
masihul	wilayah:kecamatan	f		f
masilam	wilayah:kecamatan	f		f
masirei	wilayah:kecamatan	f		f
masita	orang:nama-depan	f		f
masli	orang:nama-keluarga	f		f
masni	wilayah:kecamatan	f		f
masri	orang:nama-keluarga	f		f
masrikah	orang:nama-keluarga	f		f
massardi	orang:nama-keluarga	f		f
masumai	wilayah:kecamatan	f		f
masurai	wilayah:kecamatan	f		f
masyeta	wilayah:kecamatan	f		f
matakali	wilayah:kecamatan	f		f
matali	orang:nama-keluarga	f		f
matangkuli	wilayah:kecamatan	f		f
matangnga	wilayah:kecamatan	f		f
mataraman	wilayah:kecamatan	f		f
mataru	wilayah:kecamatan	f		f
matawai	wilayah:kecamatan	f		f
matemani	wilayah:kecamatan	f		f
matesih	wilayah:kecamatan	f		f
mateus	orang:nama-depan	f		f
matheus	orang:nama-depan	f		f
mathew	orang:nama-depan	f		f
mathias	orang:nama-depan	f		f
mathilda	orang:nama-depan	f		f
matiho	orang:nama-keluarga	f		f
matinggi	wilayah:kecamatan	f		f
matt	orang:nama-depan	f		f
matta	orang:nama-keluarga	f		f
matteo	orang:nama-depan	f		f
matthew	orang:nama-depan	f		f
matthews	orang:nama-keluarga	f		f
mattiro	wilayah:kecamatan	f		f
matuari	wilayah:kecamatan	f		f
maudus	wilayah:kecamatan	f		f
maudy	orang:nama-depan	f		f
mauk	wilayah:kecamatan	f		f
maukaro	wilayah:kecamatan	f		f
maulafa	wilayah:kecamatan	f		f
maulida	orang:nama-depan	f		f
mauponggo	wilayah:kecamatan	f		f
maureen	orang:nama-depan	f		f
maurole	wilayah:kecamatan	f		f
mauthuthihona	orang:nama-keluarga	f		f
mawabuan	wilayah:kecamatan	f		f
mawasangka	wilayah:kecamatan	f		f
max	orang:nama-depan	f		f
maxime	orang:nama-depan	f		f
maximiliaan	orang:nama-depan	f		f
maxine	orang:nama-depan	f		f
maxwell	orang:nama-depan	f		f
maxwell	orang:nama-keluarga	f		f
may	orang:nama-depan	f		f
may	orang:nama-keluarga	f		f
mayalibit	wilayah:kecamatan	f		f
mayamuk	wilayah:kecamatan	f		f
mayangan	wilayah:kecamatan	f		f
mayasari	orang:nama-keluarga	f		f
maykel	orang:nama-depan	f		f
mayla	orang:nama-depan	f		f
mayoan	orang:nama-keluarga	f		f
mayong	wilayah:kecamatan	f		f
mayrina	orang:nama-depan	f		f
maysa	orang:nama-depan	f		f
mazino	wilayah:kecamatan	f		f
maziyyah	orang:nama-depan	f		f
mazo	wilayah:kecamatan	f		f
mbahamdandara	wilayah:kecamatan	f		f
mbeliling	wilayah:kecamatan	f		f
mbua	wilayah:kecamatan	f		f
mbulmu	wilayah:kecamatan	f		f
mbuwa	wilayah:kecamatan	f		f
mcguire	orang:nama-keluarga	f		f
mckenna	orang:nama-keluarga	f		f
mcrae	orang:nama-keluarga	f		f
mebarok	wilayah:kecamatan	f		f
medansatria	wilayah:kecamatan	f		f
medina	orang:nama-depan	f		f
medita	orang:nama-keluarga	f		f
medyan	orang:nama-depan	f		f
mees	orang:nama-depan	f		f
megaluh	wilayah:kecamatan	f		f
megambilis	wilayah:kecamatan	f		f
megamendung	wilayah:kecamatan	f		f
megang	wilayah:kecamatan	f		f
megawati	orang:nama-keluarga	f		f
mego	wilayah:kecamatan	f		f
mehalaan	wilayah:kecamatan	f		f
mehara	wilayah:kecamatan	f		f
mehdi	orang:nama-depan	f		f
meida	orang:nama-keluarga	f		f
meika	orang:nama-depan	f		f
meilani	orang:nama-depan	f		f
meiliana	orang:nama-depan	f		f
meilyanna	orang:nama-keluarga	f		f
meilysa	orang:nama-depan	f		f
meisa	orang:nama-depan	f		f
meisy	orang:nama-depan	f		f
mejayan	wilayah:kecamatan	f		f
mejobo	wilayah:kecamatan	f		f
mejoyo	wilayah:kecamatan	f		f
mekakau	wilayah:kecamatan	f		f
mekarjaya	wilayah:kecamatan	f		f
mekarmukti	wilayah:kecamatan	f		f
mekarsari	wilayah:kecamatan	f		f
melagi	wilayah:kecamatan	f		f
melagineri	wilayah:kecamatan	f		f
melak	wilayah:kecamatan	f		f
melani	orang:nama-depan	f		f
melanie	orang:nama-depan	f		f
melawi	wilayah:kabupaten-kota	f		f
melaya	wilayah:kecamatan	f		f
meliana	orang:nama-depan	f		f
meliau	wilayah:kecamatan	f		f
melicia	orang:nama-depan	f		f
melinda	orang:nama-depan	f		f
melinting	wilayah:kecamatan	f		f
melisha	orang:nama-depan	f		f
melissa	orang:nama-depan	f		f
melitha	orang:nama-depan	f		f
melody	orang:nama-depan	f		f
melonguane	wilayah:kecamatan	f		f
melsya	orang:nama-depan	f		f
meluhu	wilayah:kecamatan	f		f
melvin	orang:nama-depan	f		f
melvira	orang:nama-depan	f		f
membalong	wilayah:kecamatan	f		f
membey	wilayah:kecamatan	f		f
mempura	wilayah:kecamatan	f		f
mendahara	wilayah:kecamatan	f		f
mendaluh	wilayah:kecamatan	f		f
mendawai	wilayah:kecamatan	f		f
mende	orang:nama-keluarga	f		f
mendo	wilayah:kecamatan	f		f
mendoyo	wilayah:kecamatan	f		f
meneng	wilayah:kecamatan	f		f
menes	wilayah:kecamatan	f		f
menganti	wilayah:kecamatan	f		f
mengkendek	wilayah:kecamatan	f		f
mengwi	wilayah:kecamatan	f		f
menou	wilayah:kecamatan	f		f
mentarang	wilayah:kecamatan	f		f
mentawa	wilayah:kecamatan	f		f
mentawai	wilayah:kabupaten-kota	f		f
mentaya	wilayah:kecamatan	f		f
mentebah	wilayah:kecamatan	f		f
menthobi	wilayah:kecamatan	f		f
menui	wilayah:kecamatan	f		f
menukung	wilayah:kecamatan	f		f
menyuke	wilayah:kecamatan	f		f
meos	wilayah:kecamatan	f		f
mepanga	wilayah:kecamatan	f		f
meraksa	wilayah:kecamatan	f		f
merakurak	wilayah:kecamatan	f		f
meral	wilayah:kecamatan	f		f
merapi	wilayah:kecamatan	f		f
merawang	wilayah:kecamatan	f		f
merdey	wilayah:kecamatan	f		f
meriana	orang:nama-depan	f		f
merigi	wilayah:kecamatan	f		f
merisa	orang:nama-depan	f		f
merlin	orang:nama-keluarga	f		f
merlung	wilayah:kecamatan	f		f
merry	orang:nama-depan	f		f
mersam	wilayah:kecamatan	f		f
mertoyudan	wilayah:kecamatan	f		f
mesak	wilayah:kecamatan	f		f
mesangat	wilayah:kecamatan	f		f
mesdila	orang:nama-keluarga	f		f
mese	wilayah:kecamatan	f		f
mesidah	wilayah:kecamatan	f		f
mess	orang:nama-keluarga	f		f
messawa	wilayah:kecamatan	f		f
mestong	wilayah:kecamatan	f		f
metri	orang:nama-keluarga	f		f
metta	orang:nama-depan	f		f
metya	orang:nama-depan	f		f
meukek	wilayah:kecamatan	f		f
meurah	wilayah:kecamatan	f		f
meuraxa	wilayah:kecamatan	f		f
meureubo	wilayah:kecamatan	f		f
meureudu	wilayah:kecamatan	f		f
meutia	orang:nama-depan	f		f
mewoluk	wilayah:kecamatan	f		f
meyado	wilayah:kecamatan	f		f
mia	orang:nama-depan	f		f
miangas	wilayah:kecamatan	f		f
miantoro	orang:nama-keluarga	f		f
michael	orang:nama-depan	f		f
michaela	orang:nama-depan	f		f
michelin	orang:nama-depan	f		f
michella	orang:nama-depan	f		f
michelle	orang:nama-depan	f		f
michiels	orang:nama-keluarga	f		f
midai	wilayah:kecamatan	f		f
mieke	orang:nama-depan	f		f
mien	orang:nama-depan	f		f
miftaqul	orang:nama-depan	f		f
mihati	orang:nama-keluarga	f		f
mihing	wilayah:kecamatan	f		f
mikael	orang:nama-depan	f		f
mike	orang:nama-depan	f		f
mikha	orang:nama-depan	f		f
mikko	orang:nama-depan	f		f
mikola	orang:nama-keluarga	f		f
mila	wilayah:kecamatan	f		f
milano	orang:nama-keluarga	f		f
milimbo	wilayah:kecamatan	f		f
millicent	orang:nama-depan	f		f
mimma	orang:nama-depan	f		f
minarni	orang:nama-depan	f		f
minarti	orang:nama-depan	f		f
minas	wilayah:kecamatan	f		f
mindiptana	wilayah:kecamatan	f		f
minny	orang:nama-keluarga	f		f
mintaredja	orang:nama-keluarga	f		f
minyambaouw	wilayah:kecamatan	f		f
minyamur	wilayah:kecamatan	f		f
miomaffo	wilayah:kecamatan	f		f
mira	orang:nama-depan	f		f
miranat	orang:nama-keluarga	f		f
miranda	orang:nama-depan	f		f
miranda	orang:nama-keluarga	f		f
miranti	orang:nama-keluarga	f		f
miri	wilayah:kecamatan	f		f
miriam	orang:nama-depan	f		f
mirit	wilayah:kecamatan	f		f
mirna	orang:nama-depan	f		f
miro	orang:nama-depan	f		f
mirta	orang:nama-depan	f		f
miryam	orang:nama-depan	f		f
mirza	orang:nama-depan	f		f
mirzani	orang:nama-depan	f		f
mischa	orang:nama-depan	f		f
misool	wilayah:kecamatan	f		f
mitak	wilayah:kecamatan	f		f
mitchell	orang:nama-depan	f		f
mitzi	orang:nama-depan	f		f
miyah	wilayah:kecamatan	f		f
miyo	wilayah:kecamatan	f		f
miyu	orang:nama-depan	f		f
mlandingan	wilayah:kecamatan	f		f
mlarak	wilayah:kecamatan	f		f
mlonggo	wilayah:kecamatan	f		f
moa	wilayah:kecamatan	f		f
moba	wilayah:kecamatan	f		f
mochamad	orang:nama-depan	f		f
mochtar	orang:nama-depan	f		f
modayag	wilayah:kecamatan	f		f
modo	wilayah:kecamatan	f		f
modoinding	wilayah:kecamatan	f		f
modung	wilayah:kecamatan	f		f
moeljati	orang:nama-keluarga	f		f
moeloek	orang:nama-keluarga	f		f
moenleu	wilayah:kecamatan	f		f
moeremans	orang:nama-keluarga	f		f
mofinop	wilayah:kecamatan	f		f
mohamad	orang:nama-depan	f		f
mohamad	orang:nama-keluarga	f		f
mohamed	orang:nama-depan	f		f
mohammad	orang:nama-depan	f		f
mohd	orang:nama-depan	f		f
mohidin	orang:nama-keluarga	f		f
moi	wilayah:kecamatan	f		f
moilong	wilayah:kecamatan	f		f
moira	orang:nama-depan	f		f
moisegen	wilayah:kecamatan	f		f
mojo	wilayah:kecamatan	f		f
mojoagung	wilayah:kecamatan	f		f
mojoanyar	wilayah:kecamatan	f		f
mojogedang	wilayah:kecamatan	f		f
mojolaban	wilayah:kecamatan	f		f
mojoroto	wilayah:kecamatan	f		f
mojosari	wilayah:kecamatan	f		f
mojosongo	wilayah:kecamatan	f		f
mojotengah	wilayah:kecamatan	f		f
mojowarno	wilayah:kecamatan	f		f
mokoni	wilayah:kecamatan	f		f
mokwam	wilayah:kecamatan	f		f
molagalome	wilayah:kecamatan	f		f
molanikime	wilayah:kecamatan	f		f
molawe	wilayah:kecamatan	f		f
mollo	wilayah:kecamatan	f		f
molly	orang:nama-depan	f		f
molo	wilayah:kecamatan	f		f
molu	wilayah:kecamatan	f		f
momi	wilayah:kecamatan	f		f
momunu	wilayah:kecamatan	f		f
mona	orang:nama-depan	f		f
monano	wilayah:kecamatan	f		f
monardo	orang:nama-keluarga	f		f
moncongloe	wilayah:kecamatan	f		f
mondokan	wilayah:kecamatan	f		f
mongondow	wilayah:kabupaten-kota	f		f
monica	orang:nama-depan	f		f
monica	orang:nama-keluarga	f		f
monika	orang:nama-depan	f		f
moningka	orang:nama-keluarga	f		f
monique	orang:nama-depan	f		f
monita	orang:nama-depan	f		f
monoarfa	orang:nama-keluarga	f		f
monod	orang:nama-keluarga	f		f
monta	wilayah:kecamatan	f		f
montallat	wilayah:kecamatan	f		f
montasik	wilayah:kecamatan	f		f
monteiro	orang:nama-keluarga	f		f
monterado	wilayah:kecamatan	f		f
montong	wilayah:kecamatan	f		f
montserrat	orang:nama-depan	f		f
monty	orang:nama-depan	f		f
mooat	wilayah:kecamatan	f		f
mook	wilayah:kecamatan	f		f
moora	wilayah:kecamatan	f		f
moors	orang:nama-keluarga	f		f
moosa	orang:nama-keluarga	f		f
mootilango	wilayah:kecamatan	f		f
moraid	wilayah:kecamatan	f		f
moramo	wilayah:kecamatan	f		f
moravia	orang:nama-keluarga	f		f
morawa	wilayah:kecamatan	f		f
moreno	orang:nama-depan	f		f
moreno	orang:nama-keluarga	f		f
morgan	orang:nama-depan	f		f
morin	orang:nama-keluarga	f		f
moro	wilayah:kecamatan	f		f
moronge	wilayah:kecamatan	f		f
morosi	wilayah:kecamatan	f		f
morotai	wilayah:kabupaten-kota	f		f
morotai	wilayah:kecamatan	f		f
moruj	wilayah:kecamatan	f		f
moses	orang:nama-depan	f		f
moskona	wilayah:kecamatan	f		f
moswaren	wilayah:kecamatan	f		f
moti	wilayah:kecamatan	f		f
motoling	wilayah:kecamatan	f		f
motongkad	wilayah:kecamatan	f		f
motui	wilayah:kecamatan	f		f
mouly	orang:nama-keluarga	f		f
moutong	wilayah:kabupaten-kota	f		f
moutong	wilayah:kecamatan	f		f
mowewe	wilayah:kecamatan	f		f
mowila	wilayah:kecamatan	f		f
moyo	wilayah:kecamatan	f		f
mpunda	wilayah:kecamatan	f		f
mpur	wilayah:kecamatan	f		f
mranggen	wilayah:kecamatan	f		f
mrebet	wilayah:kecamatan	f		f
muandau	wilayah:kecamatan	f		f
muaradua	wilayah:kecamatan	f		f
muaragembong	wilayah:kecamatan	f		f
muaro	wilayah:kabupaten-kota	f		f
mubarokah	orang:nama-keluarga	f		f
mubrani	wilayah:kecamatan	f		f
muchlis	orang:nama-keluarga	f		f
muchlisin	orang:nama-depan	f		f
mudatsir	orang:nama-depan	f		f
mudijanto	orang:nama-keluarga	f		f
mufida	orang:nama-keluarga	f		f
mugi	wilayah:kecamatan	f		f
muhamad	orang:nama-keluarga	f		f
muhammed	orang:nama-depan	f		f
muis	orang:nama-keluarga	f		f
mukai	wilayah:kecamatan	f		f
muko	wilayah:kecamatan	f		f
mukok	wilayah:kecamatan	f		f
muksin	orang:nama-depan	f		f
mulak	wilayah:kecamatan	f		f
mulamula	wilayah:kecamatan	f		f
muliama	wilayah:kecamatan	f		f
muljadi	orang:nama-depan	f		f
muljoto	orang:nama-keluarga	f		f
mulya	wilayah:kecamatan	f		f
mulyajaya	orang:nama-keluarga	f		f
mulyana	orang:nama-depan	f		f
mulyani	orang:nama-keluarga	f		f
mulyono	orang:nama-keluarga	f		f
mulyorejo	wilayah:kecamatan	f		f
mumbulsari	wilayah:kecamatan	f		f
munadi	orang:nama-depan	f		f
munaf	orang:nama-keluarga	f		f
munanda	orang:nama-keluarga	f		f
muncar	wilayah:kecamatan	f		f
mundiasti	orang:nama-keluarga	f		f
munggaran	orang:nama-keluarga	f		f
mungka	wilayah:kecamatan	f		f
mungkajang	wilayah:kecamatan	f		f
mungkid	wilayah:kecamatan	f		f
muni	orang:nama-depan	f		f
munjul	wilayah:kecamatan	f		f
munjungan	wilayah:kecamatan	f		f
muntai	wilayah:kecamatan	f		f
munte	wilayah:kecamatan	f		f
muntilan	wilayah:kecamatan	f		f
muray	orang:nama-keluarga	f		f
murdjianto	orang:nama-keluarga	f		f
murhum	wilayah:kecamatan	f		f
murkim	wilayah:kecamatan	f		f
murniati	orang:nama-depan	f		f
murty	orang:nama-keluarga	f		f
muruk	wilayah:kecamatan	f		f
murwito	orang:nama-keluarga	f		f
musa	orang:nama-keluarga	f		f
musaik	wilayah:kecamatan	f		f
musatfak	wilayah:kecamatan	f		f
mushira	orang:nama-keluarga	f		f
musso	orang:nama-keluarga	f		f
mustafa	orang:nama-depan	f		f
mustafa	orang:nama-keluarga	f		f
mustaine	orang:nama-keluarga	f		f
mustikajaya	wilayah:kecamatan	f		f
mustofa	orang:nama-keluarga	f		f
musuk	wilayah:kecamatan	f		f
muthia	orang:nama-depan	f		f
mutiah	orang:nama-depan	f		f
muting	wilayah:kecamatan	f		f
mutis	wilayah:kecamatan	f		f
muttaqin	orang:nama-depan	f		f
muye	wilayah:kecamatan	f		f
muzadi	orang:nama-keluarga	f		f
mychelle	orang:nama-depan	f		f
myra	orang:nama-depan	f		f
mário	orang:nama-depan	f		f
mémet	orang:nama-keluarga	f		f
münz	orang:nama-keluarga	f		f
nabara	wilayah:kecamatan	f		f
nabawi	orang:nama-keluarga	f		f
nabil	orang:nama-depan	f		f
nabila	orang:nama-depan	f		f
nabila	orang:nama-keluarga	f		f
nabilah	orang:nama-depan	f		f
nabilla	orang:nama-depan	f		f
nabunage	wilayah:kecamatan	f		f
nabung	wilayah:kecamatan	f		f
nadhir	orang:nama-keluarga	f		f
nadia	orang:nama-depan	f		f
nadia	orang:nama-keluarga	f		f
nadin	orang:nama-depan	f		f
nadine	orang:nama-depan	f		f
nadirah	orang:nama-depan	f		f
nadya	orang:nama-depan	f		f
nafisa	orang:nama-depan	f		f
nagan	wilayah:kabupaten-kota	f		f
nagori	wilayah:kecamatan	f		f
nagrak	wilayah:kecamatan	f		f
nagreg	wilayah:kecamatan	f		f
nahla	orang:nama-depan	f		f
naibenu	wilayah:kecamatan	f		f
naikere	wilayah:kecamatan	f		f
naila	orang:nama-depan	f		f
nainggolan	orang:nama-keluarga	f		f
nainggolan	wilayah:kecamatan	f		f
najwa	orang:nama-depan	f		f
nakama	wilayah:kecamatan	f		f
nalca	wilayah:kecamatan	f		f
nalo	wilayah:kecamatan	f		f
nalumsari	wilayah:kecamatan	f		f
naman	wilayah:kecamatan	f		f
namang	wilayah:kecamatan	f		f
nambluong	wilayah:kecamatan	f		f
nambo	wilayah:kecamatan	f		f
namlea	wilayah:kecamatan	f		f
namo	wilayah:kecamatan	f		f
namohalu	wilayah:kecamatan	f		f
namrole	wilayah:kecamatan	f		f
nana	orang:nama-depan	f		f
nanaet	wilayah:kecamatan	f		f
nancy	orang:nama-depan	f		f
nandang	orang:nama-depan	f		f
nandini	orang:nama-depan	f		f
nanga	wilayah:kecamatan	f		f
nangapanda	wilayah:kecamatan	f		f
nangaroro	wilayah:kecamatan	f		f
nanggala	wilayah:kecamatan	f		f
nanggalo	wilayah:kecamatan	f		f
nanggar	wilayah:kecamatan	f		f
nanggulan	wilayah:kecamatan	f		f
nanggung	wilayah:kecamatan	f		f
nani	orang:nama-depan	f		f
naningan	wilayah:kecamatan	f		f
nanny	orang:nama-depan	f		f
nansy	orang:nama-depan	f		f
nanusa	wilayah:kecamatan	f		f
naoko	orang:nama-depan	f		f
naomi	orang:nama-depan	f		f
naon	orang:nama-keluarga	f		f
napabalano	wilayah:kecamatan	f		f
napan	wilayah:kecamatan	f		f
napano	wilayah:kecamatan	f		f
napo	wilayah:kecamatan	f		f
napua	wilayah:kecamatan	f		f
naqiyyah	orang:nama-keluarga	f		f
narama	wilayah:kecamatan	f		f
nareswari	orang:nama-keluarga	f		f
narinder	orang:nama-depan	f		f
naringgul	wilayah:kecamatan	f		f
narmada	wilayah:kecamatan	f		f
narulia	orang:nama-depan	f		f
narumonda	wilayah:kecamatan	f		f
nasaruddin	orang:nama-depan	f		f
nasik	wilayah:kecamatan	f		f
nasir	orang:nama-depan	f		f
nasrul	orang:nama-depan	f		f
nasrullah	orang:nama-depan	f		f
nassau	wilayah:kecamatan	f		f
nastine	orang:nama-keluarga	f		f
nasution	orang:nama-keluarga	f		f
natali	orang:nama-keluarga	f		f
natalia	orang:nama-depan	f		f
natalia	orang:nama-keluarga	f		f
natalie	orang:nama-depan	f		f
natanael	orang:nama-depan	f		f
natas	wilayah:kecamatan	f		f
natasa	orang:nama-depan	f		f
natasha	orang:nama-depan	f		f
natashia	orang:nama-depan	f		f
natasya	orang:nama-depan	f		f
nathalie	orang:nama-depan	f		f
nathan	orang:nama-depan	f		f
nathan	orang:nama-keluarga	f		f
nathanael	orang:nama-keluarga	f		f
nathania	orang:nama-depan	f		f
nathaniel	orang:nama-depan	f		f
natsir	orang:nama-keluarga	f		f
naufa	orang:nama-depan	f		f
naufal	orang:nama-depan	f		f
naukenjerai	wilayah:kecamatan	f		f
nauli	wilayah:kecamatan	f		f
nawaf	orang:nama-depan	f		f
nawangan	wilayah:kecamatan	f		f
nawangwulan	orang:nama-keluarga	f		f
naya	orang:nama-depan	f		f
nayoan	orang:nama-keluarga	f		f
nazamuddin	orang:nama-depan	f		f
nazif	orang:nama-depan	f		f
nazif	orang:nama-keluarga	f		f
nazila	orang:nama-depan	f		f
nazli	orang:nama-depan	f		f
nazly	orang:nama-depan	f		f
nazril	orang:nama-depan	f		f
nazwa	orang:nama-depan	f		f
ndao	wilayah:kabupaten-kota	f		f
ndao	wilayah:kecamatan	f		f
ndona	wilayah:kecamatan	f		f
ndori	wilayah:kecamatan	f		f
ndoso	wilayah:kecamatan	f		f
neefe	orang:nama-keluarga	f		f
neglasari	wilayah:kecamatan	f		f
neil	orang:nama-depan	f		f
nekamese	wilayah:kecamatan	f		f
neki	orang:nama-depan	f		f
nelawi	wilayah:kecamatan	f		f
nella	orang:nama-depan	f		f
nelle	wilayah:kecamatan	f		f
nelly	orang:nama-depan	f		f
nelson	orang:nama-depan	f		f
nemoto	orang:nama-keluarga	f		f
nempu	wilayah:kecamatan	f		f
neneng	orang:nama-depan	f		f
neney	wilayah:kecamatan	f		f
nenggeagin	wilayah:kecamatan	f		f
nerly	orang:nama-keluarga	f		f
nessa	orang:nama-depan	f		f
nethania	orang:nama-depan	f		f
netty	orang:nama-depan	f		f
ngabang	wilayah:kecamatan	f		f
ngablak	wilayah:kecamatan	f		f
ngadien	orang:nama-keluarga	f		f
ngadiluwih	wilayah:kecamatan	f		f
ngadirejo	wilayah:kecamatan	f		f
ngadirojo	wilayah:kecamatan	f		f
ngadu	wilayah:kecamatan	f		f
ngajum	wilayah:kecamatan	f		f
ngala	wilayah:kecamatan	f		f
ngambon	wilayah:kecamatan	f		f
ngambur	wilayah:kecamatan	f		f
ngampel	wilayah:kecamatan	f		f
ngamprah	wilayah:kecamatan	f		f
ngancar	wilayah:kecamatan	f		f
ngantang	wilayah:kecamatan	f		f
ngantru	wilayah:kecamatan	f		f
ngapa	wilayah:kecamatan	f		f
ngaras	wilayah:kecamatan	f		f
ngargoyoso	wilayah:kecamatan	f		f
ngariboyo	wilayah:kecamatan	f		f
ngaringan	wilayah:kecamatan	f		f
ngasem	wilayah:kecamatan	f		f
ngawen	wilayah:kecamatan	f		f
ngebel	wilayah:kecamatan	f		f
ngetos	wilayah:kecamatan	f		f
nggaha	wilayah:kecamatan	f		f
nggay	wilayah:kecamatan	f		f
nggoang	wilayah:kecamatan	f		f
ngguti	wilayah:kecamatan	f		f
ngimbang	wilayah:kecamatan	f		f
nglegok	wilayah:kecamatan	f		f
nglipar	wilayah:kecamatan	f		f
ngluwar	wilayah:kecamatan	f		f
ngluyu	wilayah:kecamatan	f		f
ngombol	wilayah:kecamatan	f		f
ngoro	wilayah:kecamatan	f		f
ngraho	wilayah:kecamatan	f		f
ngrambe	wilayah:kecamatan	f		f
ngrampal	wilayah:kecamatan	f		f
ngrayun	wilayah:kecamatan	f		f
ngronggot	wilayah:kecamatan	f		f
nguling	wilayah:kecamatan	f		f
nguntoronadi	wilayah:kecamatan	f		f
ngunut	wilayah:kecamatan	f		f
ngurai	wilayah:kecamatan	f		f
ngusikan	wilayah:kecamatan	f		f
nguter	wilayah:kecamatan	f		f
nibong	wilayah:kecamatan	f		f
nicholas	orang:nama-depan	f		f
nichole	orang:nama-depan	f		f
nick	orang:nama-depan	f		f
nickson	orang:nama-depan	f		f
nicky	orang:nama-depan	f		f
nico	orang:nama-depan	f		f
nicola	orang:nama-depan	f		f
nicolaas	orang:nama-depan	f		f
nicolas	orang:nama-keluarga	f		f
nicolaus	orang:nama-depan	f		f
nicole	orang:nama-depan	f		f
niet	wilayah:kecamatan	f		f
nihuta	wilayah:kecamatan	f		f
nike	orang:nama-depan	f		f
niken	orang:nama-depan	f		f
nikita	orang:nama-depan	f		f
nikita	orang:nama-keluarga	f		f
nikiwar	wilayah:kecamatan	f		f
nikki	orang:nama-depan	f		f
nikogwe	wilayah:kecamatan	f		f
nikolas	orang:nama-keluarga	f		f
nikolaus	orang:nama-depan	f		f
nikolay	orang:nama-depan	f		f
nilsen	orang:nama-keluarga	f		f
nilulat	wilayah:kecamatan	f		f
nimas	orang:nama-depan	f		f
nimbokrang	wilayah:kecamatan	f		f
nimboran	wilayah:kecamatan	f		f
nina	orang:nama-depan	f		f
niname	wilayah:kecamatan	f		f
ninati	wilayah:kecamatan	f		f
ningrum	orang:nama-keluarga	f		f
ninia	wilayah:kecamatan	f		f
ninna	orang:nama-depan	f		f
nino	orang:nama-depan	f		f
nintya	orang:nama-depan	f		f
nio	orang:nama-depan	f		f
nio	orang:nama-keluarga	f		f
niode	orang:nama-keluarga	f		f
nioga	wilayah:kecamatan	f		f
nipa	orang:nama-keluarga	f		f
nipsan	wilayah:kecamatan	f		f
nirkuri	wilayah:kecamatan	f		f
nirul	orang:nama-keluarga	f		f
nirunmas	wilayah:kecamatan	f		f
nirwanda	orang:nama-keluarga	f		f
nisak	orang:nama-depan	f		f
nisam	wilayah:kecamatan	f		f
nita	orang:nama-depan	f		f
nita	orang:nama-keluarga	f		f
nita	wilayah:kecamatan	f		f
nitya	orang:nama-depan	f		f
nizar	orang:nama-depan	f		f
nizwan	orang:nama-depan	f		f
njoo	orang:nama-depan	f		f
njoto	orang:nama-keluarga	f		f
noebana	wilayah:kecamatan	f		f
noebeba	wilayah:kecamatan	f		f
noella	orang:nama-depan	f		f
noemuti	wilayah:kecamatan	f		f
noer	orang:nama-keluarga	f		f
nogi	wilayah:kecamatan	f		f
nogosari	wilayah:kecamatan	f		f
nokilalaki	wilayah:kecamatan	f		f
nola	orang:nama-depan	f		f
nonggunong	wilayah:kecamatan	f		f
nongme	wilayah:kecamatan	f		f
nongsa	wilayah:kecamatan	f		f
nono	orang:nama-depan	f		f
noor	orang:nama-depan	f		f
noor	orang:nama-keluarga	f		f
nora	orang:nama-depan	f		f
norin	orang:nama-keluarga	f		f
normalina	orang:nama-depan	f		f
norman	orang:nama-depan	f		f
norman	orang:nama-keluarga	f		f
nory	orang:nama-depan	f		f
nosu	wilayah:kecamatan	f		f
noura	orang:nama-depan	f		f
novalia	orang:nama-depan	f		f
novalita	orang:nama-depan	f		f
novelia	orang:nama-depan	f		f
novi	orang:nama-depan	f		f
novianti	orang:nama-keluarga	f		f
novita	orang:nama-keluarga	f		f
novyana	orang:nama-depan	f		f
noya	orang:nama-keluarga	f		f
noyan	wilayah:kecamatan	f		f
nuangan	wilayah:kecamatan	f		f
nuban	wilayah:kecamatan	f		f
nubatukan	wilayah:kecamatan	f		f
nugraheni	orang:nama-keluarga	f		f
nugroho	orang:nama-keluarga	f		f
nuha	wilayah:kecamatan	f		f
nuhon	wilayah:kecamatan	f		f
numba	wilayah:kecamatan	f		f
nume	wilayah:kecamatan	f		f
numfor	wilayah:kabupaten-kota	f		f
numfor	wilayah:kecamatan	f		f
nunbena	wilayah:kecamatan	f		f
nunggawi	wilayah:kecamatan	f		f
nunkolo	wilayah:kecamatan	f		f
nunung	orang:nama-depan	f		f
nunyai	wilayah:kecamatan	f		f
nuraidah	orang:nama-keluarga	f		f
nuraini	orang:nama-keluarga	f		f
nurbeta	orang:nama-depan	f		f
nurdin	orang:nama-depan	f		f
nurhabibullah	orang:nama-keluarga	f		f
nurhaena	orang:nama-depan	f		f
nurhidayah	orang:nama-keluarga	f		f
nurlita	orang:nama-keluarga	f		f
nurman	orang:nama-keluarga	f		f
nurrafif	orang:nama-depan	f		f
nurrohkhim	orang:nama-keluarga	f		f
nursugianti	orang:nama-keluarga	f		f
nurtertiati	orang:nama-keluarga	f		f
nurtjahja	orang:nama-keluarga	f		f
nuruddin	orang:nama-depan	f		f
nurul	orang:nama-depan	f		f
nurumi	orang:nama-depan	f		f
nurussalam	wilayah:kecamatan	f		f
nurvita	orang:nama-depan	f		f
nurwahyudi	orang:nama-keluarga	f		f
nusa	wilayah:kecamatan	f		f
nusa	wilayah:provinsi	f		f
nusaherang	wilayah:kecamatan	f		f
nusaniwe	wilayah:kecamatan	f		f
nusawani	wilayah:kecamatan	f		f
nusawungu	wilayah:kecamatan	f		f
nuse	wilayah:kecamatan	f		f
nyalindung	wilayah:kecamatan	f		f
nyuatan	wilayah:kecamatan	f		f
oba	wilayah:kecamatan	f		f
obaa	wilayah:kecamatan	f		f
obed	orang:nama-depan	f		f
obio	wilayah:kecamatan	f		f
octavia	orang:nama-depan	f		f
octavio	orang:nama-depan	f		f
oddie	orang:nama-depan	f		f
odellia	orang:nama-depan	f		f
oebobo	wilayah:kecamatan	f		f
oefeto	wilayah:kecamatan	f		f
oei	orang:nama-depan	f		f
oei	orang:nama-keluarga	f		f
oen	orang:nama-keluarga	f		f
oenino	wilayah:kecamatan	f		f
oerip	orang:nama-depan	f		f
oeripan	orang:nama-depan	f		f
oey	orang:nama-keluarga	f		f
ogamanim	wilayah:kecamatan	f		f
ogan	wilayah:kabupaten-kota	f		f
ogan	wilayah:kecamatan	f		f
ogn	orang:nama-keluarga	f		f
ogodeide	wilayah:kecamatan	f		f
ogong	wilayah:kecamatan	f		f
oheo	wilayah:kecamatan	f		f
oka	orang:nama-keluarga	f		f
okaba	wilayah:kecamatan	f		f
okbab	wilayah:kecamatan	f		f
okbape	wilayah:kecamatan	f		f
okbemtau	wilayah:kecamatan	f		f
okbibab	wilayah:kecamatan	f		f
okhika	wilayah:kecamatan	f		f
okka	orang:nama-depan	f		f
oklamona	orang:nama-keluarga	f		f
oklip	wilayah:kecamatan	f		f
oksamol	wilayah:kecamatan	f		f
oksebang	wilayah:kecamatan	f		f
oksibil	wilayah:kecamatan	f		f
oksop	wilayah:kecamatan	f		f
okta	orang:nama-keluarga	f		f
oktavan	orang:nama-keluarga	f		f
oktavia	orang:nama-depan	f		f
oktavia	orang:nama-keluarga	f		f
oktavianti	orang:nama-keluarga	f		f
oktavina	orang:nama-depan	f		f
oktila	orang:nama-keluarga	f		f
okvana	orang:nama-keluarga	f		f
olaf	orang:nama-depan	f		f
ole	orang:nama-depan	f		f
oleo	wilayah:kecamatan	f		f
olga	orang:nama-depan	f		f
olich	orang:nama-depan	f		f
oline	orang:nama-depan	f		f
olive	orang:nama-depan	f		f
olivia	orang:nama-depan	f		f
olivia	orang:nama-keluarga	f		f
ollo	wilayah:kecamatan	f		f
olly	orang:nama-depan	f		f
olvita	orang:nama-keluarga	f		f
omar	orang:nama-depan	f		f
omara	orang:nama-keluarga	f		f
omben	wilayah:kecamatan	f		f
omeh	wilayah:kecamatan	f		f
omesuri	wilayah:kecamatan	f		f
omukia	wilayah:kecamatan	f		f
onan	wilayah:kecamatan	f		f
onang	wilayah:kecamatan	f		f
onembute	wilayah:kecamatan	f		f
oneri	wilayah:kecamatan	f		f
ongka	wilayah:kecamatan	f		f
ongkytama	orang:nama-depan	f		f
onibala	orang:nama-keluarga	f		f
onno	orang:nama-depan	f		f
onohazumba	wilayah:kecamatan	f		f
onolalu	wilayah:kecamatan	f		f
onsoi	wilayah:kecamatan	f		f
opu	wilayah:kecamatan	f		f
oransbari	wilayah:kecamatan	f		f
oratmangun	orang:nama-keluarga	f		f
ori	wilayah:kecamatan	f		f
oridek	wilayah:kecamatan	f		f
orie	orang:nama-keluarga	f		f
orizae	orang:nama-depan	f		f
orkeri	wilayah:kecamatan	f		f
orlando	orang:nama-depan	f		f
orong	wilayah:kecamatan	f		f
orpa	orang:nama-depan	f		f
orville	orang:nama-keluarga	f		f
oscar	orang:nama-depan	f		f
oskar	orang:nama-depan	f		f
oslan	orang:nama-depan	f		f
otto	orang:nama-depan	f		f
oudate	wilayah:kecamatan	f		f
oxavia	orang:nama-depan	f		f
oyo	wilayah:kecamatan	f		f
oza	orang:nama-depan	f		f
paal	wilayah:kecamatan	f		f
pabedilan	wilayah:kecamatan	f		f
paberiwai	wilayah:kecamatan	f		f
pabuaran	wilayah:kecamatan	f		f
paciran	wilayah:kecamatan	f		f
padaherang	wilayah:kecamatan	f		f
padaido	wilayah:kecamatan	f		f
padakembang	wilayah:kecamatan	f		f
padalarang	wilayah:kecamatan	f		f
padamara	wilayah:kecamatan	f		f
padangan	wilayah:kecamatan	f		f
padangguni	wilayah:kecamatan	f		f
padarincang	wilayah:kecamatan	f		f
pademangan	wilayah:kecamatan	f		f
pademawu	wilayah:kecamatan	f		f
padua	wilayah:kecamatan	f		f
padureso	wilayah:kecamatan	f		f
paff	orang:nama-keluarga	f		f
paga	wilayah:kecamatan	f		f
pagaden	wilayah:kecamatan	f		f
pagai	wilayah:kecamatan	f		f
pagak	wilayah:kecamatan	f		f
pagaleme	wilayah:kecamatan	f		f
pagaran	wilayah:kecamatan	f		f
pagedangan	wilayah:kecamatan	f		f
pagedongan	wilayah:kecamatan	f		f
pagelarang	wilayah:kecamatan	f		f
pagentan	wilayah:kecamatan	f		f
pagerageung	wilayah:kecamatan	f		f
pagerbarang	wilayah:kecamatan	f		f
pageruyung	wilayah:kecamatan	f		f
pagerwojo	wilayah:kecamatan	f		f
pagimana	wilayah:kecamatan	f		f
pagindar	wilayah:kecamatan	f		f
pagong	wilayah:kecamatan	f		f
paguat	wilayah:kecamatan	f		f
paguyaman	wilayah:kecamatan	f		f
paguyangan	wilayah:kecamatan	f		f
pahae	wilayah:kecamatan	f		f
pahandut	wilayah:kecamatan	f		f
pahangai	wilayah:kecamatan	f		f
pahlevi	orang:nama-keluarga	f		f
pahu	wilayah:kecamatan	f		f
pahunga	wilayah:kecamatan	f		f
paiton	wilayah:kecamatan	f		f
pajar	wilayah:kecamatan	f		f
pajarakan	wilayah:kecamatan	f		f
pajo	wilayah:kecamatan	f		f
paju	wilayah:kecamatan	f		f
pajukukang	wilayah:kecamatan	f		f
pakaenoni	orang:nama-keluarga	f		f
pakam	wilayah:kecamatan	f		f
pakantan	wilayah:kecamatan	f		f
pakava	wilayah:kecamatan	f		f
pakedai	wilayah:kecamatan	f		f
pakel	wilayah:kecamatan	f		f
pakenjeng	wilayah:kecamatan	f		f
pakisaji	wilayah:kecamatan	f		f
pakisjaya	wilayah:kecamatan	f		f
pakkat	wilayah:kecamatan	f		f
pakong	wilayah:kecamatan	f		f
pakpak	wilayah:kabupaten-kota	f		f
pakuan	wilayah:kecamatan	f		f
pakue	wilayah:kecamatan	f		f
pakuhaji	wilayah:kecamatan	f		f
pakuniran	wilayah:kecamatan	f		f
pakusari	wilayah:kecamatan	f		f
palabuhanratu	wilayah:kecamatan	f		f
palakka	wilayah:kecamatan	f		f
palangga	wilayah:kecamatan	f		f
palaran	wilayah:kecamatan	f		f
palasa	wilayah:kecamatan	f		f
palasah	wilayah:kecamatan	f		f
paleleh	wilayah:kecamatan	f		f
palembayan	wilayah:kecamatan	f		f
palengaan	wilayah:kecamatan	f		f
paleteang	wilayah:kecamatan	f		f
palibelo	wilayah:kecamatan	f		f
palik	wilayah:kecamatan	f		f
palimanan	wilayah:kecamatan	f		f
palipi	wilayah:kecamatan	f		f
paliyan	wilayah:kecamatan	f		f
pallangga	wilayah:kecamatan	f		f
palmatak	wilayah:kecamatan	f		f
palmer	orang:nama-keluarga	f		f
palmieri	orang:nama-keluarga	f		f
paloh	wilayah:kecamatan	f		f
palue	wilayah:kecamatan	f		f
palupuh	wilayah:kecamatan	f		f
pamanukan	wilayah:kecamatan	f		f
pamarayan	wilayah:kecamatan	f		f
pamarican	wilayah:kecamatan	f		f
pamatang	wilayah:kecamatan	f		f
pamboang	wilayah:kecamatan	f		f
pambodi	orang:nama-keluarga	f		f
pamek	wilayah:kecamatan	f		f
pamela	orang:nama-depan	f		f
pamenang	wilayah:kecamatan	f		f
pameungpeuk	wilayah:kecamatan	f		f
pamijahan	wilayah:kecamatan	f		f
paminggir	wilayah:kecamatan	f		f
pammana	wilayah:kecamatan	f		f
pamona	wilayah:kecamatan	f		f
pamotan	wilayah:kecamatan	f		f
pampangan	wilayah:kecamatan	f		f
pamukan	wilayah:kecamatan	f		f
pamulang	wilayah:kecamatan	f		f
pamulihan	wilayah:kecamatan	f		f
panaga	wilayah:kecamatan	f		f
panakkukang	wilayah:kecamatan	f		f
panang	wilayah:kecamatan	f		f
panarukan	wilayah:kecamatan	f		f
panawangan	wilayah:kecamatan	f		f
panca	wilayah:kecamatan	f		f
pancalang	wilayah:kecamatan	f		f
pancasari	orang:nama-keluarga	f		f
pancatengah	wilayah:kecamatan	f		f
panceng	wilayah:kecamatan	f		f
pandaan	wilayah:kecamatan	f		f
pandanarum	wilayah:kecamatan	f		f
pandawai	wilayah:kecamatan	f		f
pandawan	wilayah:kecamatan	f		f
pandih	wilayah:kecamatan	f		f
pandrah	wilayah:kecamatan	f		f
pandugo	orang:nama-keluarga	f		f
pane	orang:nama-keluarga	f		f
pane	wilayah:kecamatan	f		f
panei	wilayah:kecamatan	f		f
panekan	wilayah:kecamatan	f		f
panga	wilayah:kecamatan	f		f
pangale	wilayah:kecamatan	f		f
pangalengan	wilayah:kecamatan	f		f
pangarengan	wilayah:kecamatan	f		f
pangaribuan	wilayah:kecamatan	f		f
pangatikan	wilayah:kecamatan	f		f
pangean	wilayah:kecamatan	f		f
pangenan	wilayah:kecamatan	f		f
pangersa	orang:nama-keluarga	f		f
panggabean	orang:nama-keluarga	f		f
panggarangan	wilayah:kecamatan	f		f
panggema	wilayah:kecamatan	f		f
panggungrejo	wilayah:kecamatan	f		f
pangisthu	orang:nama-keluarga	f		f
pangkajene	wilayah:kabupaten-kota	f		f
pangkajene	wilayah:kecamatan	f		f
pangkatan	wilayah:kecamatan	f		f
panguragan	wilayah:kecamatan	f		f
pangururan	wilayah:kecamatan	f		f
panimbang	wilayah:kecamatan	f		f
paninggaran	wilayah:kecamatan	f		f
panjalu	wilayah:kecamatan	f		f
pankaryanira	orang:nama-keluarga	f		f
panombeian	wilayah:kecamatan	f		f
panongan	wilayah:kecamatan	f		f
panribuan	wilayah:kecamatan	f		f
pansiangan	wilayah:kecamatan	f		f
pantan	wilayah:kecamatan	f		f
pante	wilayah:kecamatan	f		f
panteraja	wilayah:kecamatan	f		f
panton	wilayah:kecamatan	f		f
panumbangan	wilayah:kecamatan	f		f
panyabungan	wilayah:kecamatan	f		f
panyileukan	wilayah:kecamatan	f		f
panyingkiran	wilayah:kecamatan	f		f
panyipatan	wilayah:kecamatan	f		f
paoki	orang:nama-keluarga	f		f
paola	orang:nama-depan	f		f
papalang	wilayah:kecamatan	f		f
papalik	wilayah:kecamatan	f		f
papilaya	orang:nama-keluarga	f		f
papua	wilayah:provinsi	f		f
paquita	orang:nama-depan	f		f
parado	wilayah:kecamatan	f		f
parakan	wilayah:kecamatan	f		f
parakansalak	wilayah:kecamatan	f		f
paramaditha	orang:nama-keluarga	f		f
paramasan	wilayah:kecamatan	f		f
paramytha	orang:nama-depan	f		f
paranggupito	wilayah:kecamatan	f		f
paranginan	wilayah:kecamatan	f		f
parangloe	wilayah:kecamatan	f		f
parapat	orang:nama-keluarga	f		f
parbuluan	wilayah:kecamatan	f		f
pardamean	wilayah:kecamatan	f		f
pardasuka	wilayah:kecamatan	f		f
pareira	orang:nama-keluarga	f		f
paremnas	orang:nama-keluarga	f		f
parengan	wilayah:kecamatan	f		f
parenggean	wilayah:kecamatan	f		f
pariangan	wilayah:kecamatan	f		f
parigi	wilayah:kabupaten-kota	f		f
parigi	wilayah:kecamatan	f		f
parindu	wilayah:kecamatan	f		f
paringin	wilayah:kecamatan	f		f
parira	wilayah:kecamatan	f		f
parittiga	wilayah:kecamatan	f		f
pariwari	wilayah:kecamatan	f		f
parlilitan	wilayah:kecamatan	f		f
parmaksian	wilayah:kecamatan	f		f
parmenas	orang:nama-keluarga	f		f
parmonangan	wilayah:kecamatan	f		f
parongpong	wilayah:kecamatan	f		f
parung	wilayah:kecamatan	f		f
parungkuda	wilayah:kecamatan	f		f
parungpanjang	wilayah:kecamatan	f		f
parungponteng	wilayah:kecamatan	f		f
pasaleman	wilayah:kecamatan	f		f
pasan	wilayah:kecamatan	f		f
pasaribu	orang:nama-keluarga	f		f
pasaribu	wilayah:kecamatan	f		f
pasarwajo	wilayah:kecamatan	f		f
pasawahan	wilayah:kecamatan	f		f
pascalina	orang:nama-depan	f		f
paschalis	orang:nama-depan	f		f
pascua	orang:nama-keluarga	f		f
pase	wilayah:kecamatan	f		f
pasean	wilayah:kecamatan	f		f
paseh	wilayah:kecamatan	f		f
pasek	orang:nama-keluarga	f		f
pasekan	wilayah:kecamatan	f		f
pasema	wilayah:kecamatan	f		f
pasemah	wilayah:kecamatan	f		f
pasie	wilayah:kecamatan	f		f
pasilambena	wilayah:kecamatan	f		f
pasimarannu	wilayah:kecamatan	f		f
pasimasunggu	wilayah:kecamatan	f		f
pasiran	wilayah:kecamatan	f		f
pasirian	wilayah:kecamatan	f		f
pasirjambu	wilayah:kecamatan	f		f
pasirkuda	wilayah:kecamatan	f		f
pasirwangi	wilayah:kecamatan	f		f
pasisie	wilayah:kecamatan	f		f
pasongsongan	wilayah:kecamatan	f		f
pasrepan	wilayah:kecamatan	f		f
pasrujambe	wilayah:kecamatan	f		f
passi	wilayah:kecamatan	f		f
passue	wilayah:kecamatan	f		f
patampanua	wilayah:kecamatan	f		f
patamuan	wilayah:kecamatan	f		f
patangkep	wilayah:kecamatan	f		f
patani	wilayah:kecamatan	f		f
pataruman	wilayah:kecamatan	f		f
patean	wilayah:kecamatan	f		f
patebon	wilayah:kecamatan	f		f
patia	wilayah:kecamatan	f		f
patianrowo	wilayah:kecamatan	f		f
patikraja	wilayah:kecamatan	f		f
patilanggio	wilayah:kecamatan	f		f
patimpeng	wilayah:kecamatan	f		f
patimuan	wilayah:kecamatan	f		f
patipi	wilayah:kecamatan	f		f
patokbeusi	wilayah:kecamatan	f		f
patra	orang:nama-depan	f		f
patrang	wilayah:kecamatan	f		f
patria	orang:nama-depan	f		f
patria	orang:nama-keluarga	f		f
patriani	orang:nama-keluarga	f		f
patrice	orang:nama-depan	f		f
patrich	orang:nama-depan	f		f
patricia	orang:nama-depan	f		f
patrick	orang:nama-depan	f		f
patrick	orang:nama-keluarga	f		f
patrik	orang:nama-depan	f		f
patrol	wilayah:kecamatan	f		f
patta	orang:nama-keluarga	f		f
pattallasang	wilayah:kecamatan	f		f
pattallassang	wilayah:kecamatan	f		f
pattirane	orang:nama-keluarga	f		f
patumbak	wilayah:kecamatan	f		f
paula	orang:nama-depan	f		f
paulina	orang:nama-depan	f		f
paulo	orang:nama-depan	f		f
paulus	orang:nama-depan	f		f
paulus	orang:nama-keluarga	f		f
pauw	orang:nama-keluarga	f		f
pawan	wilayah:kecamatan	f		f
pawestri	orang:nama-keluarga	f		f
pawu	wilayah:kecamatan	f		f
payangan	wilayah:kecamatan	f		f
payaraman	wilayah:kecamatan	f		f
payawan	wilayah:kecamatan	f		f
payed	wilayah:kecamatan	f		f
pearce	orang:nama-keluarga	f		f
pebayuran	wilayah:kecamatan	f		f
pecalungan	wilayah:kecamatan	f		f
pecangaan	wilayah:kecamatan	f		f
pedan	wilayah:kecamatan	f		f
pedes	wilayah:kecamatan	f		f
pedi	orang:nama-keluarga	f		f
pedongga	wilayah:kecamatan	f		f
pegagan	wilayah:kecamatan	f		f
pegajahan	wilayah:kecamatan	f		f
pegandon	wilayah:kecamatan	f		f
pegantenan	wilayah:kecamatan	f		f
pegasing	wilayah:kecamatan	f		f
peggy	orang:nama-depan	f		f
pejagoan	wilayah:kecamatan	f		f
pejawaran	wilayah:kecamatan	f		f
pekaitan	wilayah:kecamatan	f		f
pekalipan	wilayah:kecamatan	f		f
pekuncen	wilayah:kecamatan	f		f
pekurun	wilayah:kecamatan	f		f
pekutatan	wilayah:kecamatan	f		f
pelaihari	wilayah:kecamatan	f		f
pelangiran	wilayah:kecamatan	f		f
pelayang	wilayah:kecamatan	f		f
pelayangan	wilayah:kecamatan	f		f
pelebaga	wilayah:kecamatan	f		f
pelepat	wilayah:kecamatan	f		f
peling	wilayah:kecamatan	f		f
peliung	wilayah:kecamatan	f		f
pelupessy	orang:nama-keluarga	f		f
pemaca	wilayah:kecamatan	f		f
pemahan	wilayah:kecamatan	f		f
pemangkat	wilayah:kecamatan	f		f
pemayung	wilayah:kecamatan	f		f
pemean	wilayah:kecamatan	f		f
pemi	orang:nama-depan	f		f
pemulutan	wilayah:kecamatan	f		f
penajam	wilayah:kabupaten-kota	f		f
penajam	wilayah:kecamatan	f		f
penanjung	wilayah:kecamatan	f		f
penawangan	wilayah:kecamatan	f		f
pendalian	wilayah:kecamatan	f		f
penebel	wilayah:kecamatan	f		f
penengahan	wilayah:kecamatan	f		f
pengadegan	wilayah:kecamatan	f		f
pengandonan	wilayah:kecamatan	f		f
pengaron	wilayah:kecamatan	f		f
pengkadan	wilayah:kecamatan	f		f
pengubuan	wilayah:kecamatan	f		f
penida	wilayah:kecamatan	f		f
penjaringan	wilayah:kecamatan	f		f
penrang	wilayah:kecamatan	f		f
penuguan	wilayah:kecamatan	f		f
penukal	wilayah:kabupaten-kota	f		f
penukal	wilayah:kecamatan	f		f
penyinggahan	wilayah:kecamatan	f		f
peore	wilayah:kecamatan	f		f
pepasan	wilayah:kecamatan	f		f
pepera	wilayah:kecamatan	f		f
peranap	wilayah:kecamatan	f		f
perbaungan	wilayah:kecamatan	f		f
percut	wilayah:kecamatan	f		f
pereira	orang:nama-keluarga	f		f
perez	orang:nama-keluarga	f		f
pergetteng	wilayah:kecamatan	f		f
periukan	wilayah:kecamatan	f		f
permadi	orang:nama-keluarga	f		f
permatahani	orang:nama-keluarga	f		f
permatasari	orang:nama-keluarga	f		f
perry	orang:nama-depan	f		f
perucha	orang:nama-keluarga	f		f
pesanggaran	wilayah:kecamatan	f		f
peso	wilayah:kecamatan	f		f
pesulima	orang:nama-keluarga	f		f
petalangan	wilayah:kecamatan	f		f
petanahan	wilayah:kecamatan	f		f
petarukan	wilayah:kecamatan	f		f
petasia	wilayah:kecamatan	f		f
peter	orang:nama-depan	f		f
peterongan	wilayah:kecamatan	f		f
petisah	wilayah:kecamatan	f		f
petra	orang:nama-depan	f		f
petrus	orang:nama-depan	f		f
petulai	wilayah:kecamatan	f		f
petungkriyono	wilayah:kecamatan	f		f
peudada	wilayah:kecamatan	f		f
peudawa	wilayah:kecamatan	f		f
peukan	wilayah:kecamatan	f		f
peulimbang	wilayah:kecamatan	f		f
peunaron	wilayah:kecamatan	f		f
peundeuy	wilayah:kecamatan	f		f
peureulak	wilayah:kecamatan	f		f
peusangan	wilayah:kecamatan	f		f
philip	orang:nama-depan	f		f
phill	orang:nama-depan	f		f
phoa	orang:nama-keluarga	f		f
pia	orang:nama-depan	f		f
piani	wilayah:kecamatan	f		f
pical	orang:nama-keluarga	f		f
pierngadi	orang:nama-keluarga	f		f
pierre	orang:nama-depan	f		f
pierre	orang:nama-keluarga	f		f
piet	orang:nama-depan	f		f
pieter	orang:nama-depan	f		f
pieters	orang:nama-keluarga	f		f
pija	wilayah:kecamatan	f		f
pilangkenceng	wilayah:kecamatan	f		f
piliang	orang:nama-depan	f		f
pinangsori	wilayah:kecamatan	f		f
pineleng	wilayah:kecamatan	f		f
pinem	wilayah:kecamatan	f		f
pinembani	wilayah:kecamatan	f		f
ping	orang:nama-depan	f		f
pining	wilayah:kecamatan	f		f
pino	orang:nama-depan	f		f
pino	wilayah:kecamatan	f		f
pinogaluman	wilayah:kecamatan	f		f
pinogu	wilayah:kecamatan	f		f
pinoh	wilayah:kecamatan	f		f
pinolosian	wilayah:kecamatan	f		f
pinot	orang:nama-keluarga	f		f
pinu	wilayah:kecamatan	f		f
pinyuh	wilayah:kecamatan	f		f
piongan	wilayah:kecamatan	f		f
pipikoro	wilayah:kecamatan	f		f
pirak	wilayah:kecamatan	f		f
piramid	wilayah:kecamatan	f		f
pirih	orang:nama-keluarga	f		f
pirime	wilayah:kecamatan	f		f
pisugi	wilayah:kecamatan	f		f
piter	orang:nama-depan	f		f
pitha	orang:nama-depan	f		f
pitu	wilayah:kecamatan	f		f
pitumpanua	wilayah:kecamatan	f		f
pituruh	wilayah:kecamatan	f		f
pius	orang:nama-depan	f		f
piyaiye	wilayah:kecamatan	f		f
plaju	wilayah:kecamatan	f		f
plampang	wilayah:kecamatan	f		f
plandaan	wilayah:kecamatan	f		f
plantungan	wilayah:kecamatan	f		f
plaosan	wilayah:kecamatan	f		f
plate	orang:nama-keluarga	f		f
playen	wilayah:kecamatan	f		f
plemahan	wilayah:kecamatan	f		f
plered	wilayah:kecamatan	f		f
ploso	wilayah:kecamatan	f		f
plosoklaten	wilayah:kecamatan	f		f
plumbon	wilayah:kecamatan	f		f
plumpang	wilayah:kecamatan	f		f
plupuh	wilayah:kecamatan	f		f
poasia	wilayah:kecamatan	f		f
poga	wilayah:kecamatan	f		f
pogalan	wilayah:kecamatan	f		f
poganeri	wilayah:kecamatan	f		f
pogoma	wilayah:kecamatan	f		f
pohan	orang:nama-keluarga	f		f
pohan	wilayah:kecamatan	f		f
pohjentrek	wilayah:kecamatan	f		f
poigar	wilayah:kecamatan	f		f
poiru	wilayah:kecamatan	f		f
pokhkisen	wilayah:kecamatan	f		f
polanharjo	wilayah:kecamatan	f		f
poleang	wilayah:kecamatan	f		f
polewali	wilayah:kabupaten-kota	f		f
polewali	wilayah:kecamatan	f		f
poli	wilayah:kecamatan	f		f
polia	wilayah:kecamatan	f		f
polii	orang:nama-keluarga	f		f
polinggona	wilayah:kecamatan	f		f
polla	orang:nama-keluarga	f		f
pollok	orang:nama-keluarga	f		f
pollung	wilayah:kecamatan	f		f
polokarto	wilayah:kecamatan	f		f
polongbangkeng	wilayah:kecamatan	f		f
polonia	wilayah:kecamatan	f		f
poluakan	orang:nama-keluarga	f		f
pomalaa	wilayah:kecamatan	f		f
poncokusumo	wilayah:kecamatan	f		f
poncol	wilayah:kecamatan	f		f
poncowarno	wilayah:kecamatan	f		f
ponda	wilayah:kecamatan	f		f
pondidaha	wilayah:kecamatan	f		f
pondokgede	wilayah:kecamatan	f		f
pondokmelati	wilayah:kecamatan	f		f
pondoksalam	wilayah:kecamatan	f		f
ponelo	wilayah:kecamatan	f		f
pongoh	orang:nama-keluarga	f		f
pongok	wilayah:kecamatan	f		f
ponjong	wilayah:kecamatan	f		f
ponrang	wilayah:kecamatan	f		f
ponre	wilayah:kecamatan	f		f
pontang	wilayah:kecamatan	f		f
poom	wilayah:kecamatan	f		f
popayato	wilayah:kecamatan	f		f
popugoba	wilayah:kecamatan	f		f
porehu	wilayah:kecamatan	f		f
porsea	wilayah:kecamatan	f		f
portibi	wilayah:kecamatan	f		f
posek	wilayah:kecamatan	f		f
posigadan	wilayah:kecamatan	f		f
pote	orang:nama-depan	f		f
poto	wilayah:kecamatan	f		f
pouw	orang:nama-keluarga	f		f
poyk	orang:nama-keluarga	f		f
prabudita	orang:nama-keluarga	f		f
pracimantoro	wilayah:kecamatan	f		f
pradipta	orang:nama-keluarga	f		f
prafi	wilayah:kecamatan	f		f
pragaan	wilayah:kecamatan	f		f
prahdiska	orang:nama-depan	f		f
prajasuta	orang:nama-keluarga	f		f
prajekan	wilayah:kecamatan	f		f
prajuritkulon	wilayah:kecamatan	f		f
prakoso	orang:nama-keluarga	f		f
prambon	wilayah:kecamatan	f		f
pramoedya	orang:nama-depan	f		f
pramono	orang:nama-keluarga	f		f
pramudya	orang:nama-depan	f		f
pranita	orang:nama-depan	f		f
pranowo	orang:nama-keluarga	f		f
prasetya	orang:nama-keluarga	f		f
prasetyo	orang:nama-keluarga	f		f
prasista	orang:nama-keluarga	f		f
prasma	orang:nama-depan	f		f
pratama	orang:nama-keluarga	f		f
prathama	orang:nama-keluarga	f		f
pratiwi	orang:nama-depan	f		f
pratiwi	orang:nama-keluarga	f		f
praveen	orang:nama-depan	f		f
prawesti	orang:nama-keluarga	f		f
prawidssa	orang:nama-keluarga	f		f
pray	orang:nama-depan	f		f
praya	wilayah:kecamatan	f		f
prayoga	orang:nama-keluarga	f		f
prembun	wilayah:kecamatan	f		f
pricilia	orang:nama-depan	f		f
pricilla	orang:nama-depan	f		f
pricillia	orang:nama-depan	f		f
prigen	wilayah:kecamatan	f		f
prihardika	orang:nama-keluarga	f		f
pringgabaya	wilayah:kecamatan	f		f
pringgarata	wilayah:kecamatan	f		f
pringgasela	wilayah:kecamatan	f		f
pringkuku	wilayah:kecamatan	f		f
pringsurat	wilayah:kecamatan	f		f
priok	wilayah:kecamatan	f		f
prisca	orang:nama-depan	f		f
priscilia	orang:nama-depan	f		f
priscilla	orang:nama-depan	f		f
priscillia	orang:nama-depan	f		f
priska	orang:nama-depan	f		f
priskila	orang:nama-depan	f		f
priyanti	orang:nama-keluarga	f		f
progo	wilayah:kabupaten-kota	f		f
proklanomi	orang:nama-keluarga	f		f
pronggoli	wilayah:kecamatan	f		f
pronk	orang:nama-keluarga	f		f
pronojiwo	wilayah:kecamatan	f		f
proppo	wilayah:kecamatan	f		f
pseksu	wilayah:kecamatan	f		f
pua	wilayah:kecamatan	f		f
pubian	wilayah:kecamatan	f		f
pucakwangi	wilayah:kecamatan	f		f
pucanglaban	wilayah:kecamatan	f		f
pudak	wilayah:kecamatan	f		f
pugaan	wilayah:kecamatan	f		f
puger	wilayah:kecamatan	f		f
pugo	wilayah:kecamatan	f		f
pugung	wilayah:kecamatan	f		f
puhpelem	wilayah:kecamatan	f		f
pujananting	wilayah:kecamatan	f		f
pujer	wilayah:kecamatan	f		f
pujon	wilayah:kecamatan	f		f
pujud	wilayah:kecamatan	f		f
pujungan	wilayah:kecamatan	f		f
pulaulaut	wilayah:kecamatan	f		f
pulaumerbau	wilayah:kecamatan	f		f
puldama	wilayah:kecamatan	f		f
pule	wilayah:kecamatan	f		f
pulogadung	wilayah:kecamatan	f		f
pulokulon	wilayah:kecamatan	f		f
pulomerak	wilayah:kecamatan	f		f
pulosari	wilayah:kecamatan	f		f
pulu	wilayah:kecamatan	f		f
pulubala	wilayah:kecamatan	f		f
pulutan	wilayah:kecamatan	f		f
pumi	wilayah:kecamatan	f		f
pumpung	wilayah:kecamatan	f		f
pumu	wilayah:kecamatan	f		f
puncu	wilayah:kecamatan	f		f
pungga	wilayah:kecamatan	f		f
punggelan	wilayah:kecamatan	f		f
pungging	wilayah:kecamatan	f		f
pungkasari	orang:nama-keluarga	f		f
pungkut	wilayah:kecamatan	f		f
pungky	orang:nama-depan	f		f
punjabi	orang:nama-keluarga	f		f
punung	wilayah:kecamatan	f		f
pupin	orang:nama-depan	f		f
purabaya	wilayah:kecamatan	f		f
purbaratu	wilayah:kecamatan	f		f
purbatua	wilayah:kecamatan	f		f
purbolinggo	wilayah:kecamatan	f		f
purbowati	orang:nama-keluarga	f		f
purei	wilayah:kecamatan	f		f
pureman	wilayah:kecamatan	f		f
puriala	wilayah:kecamatan	f		f
purnomo	orang:nama-keluarga	f		f
purusatami	orang:nama-depan	f		f
purwadadi	wilayah:kecamatan	f		f
purwaharja	wilayah:kecamatan	f		f
purwanatadinata	orang:nama-keluarga	f		f
purwanegara	wilayah:kecamatan	f		f
purwaningtyas	orang:nama-keluarga	f		f
purwanto	orang:nama-keluarga	f		f
purwantoro	wilayah:kecamatan	f		f
purwasari	wilayah:kecamatan	f		f
purwasito	orang:nama-keluarga	f		f
purwati	orang:nama-depan	f		f
purwati	orang:nama-keluarga	f		f
purwoasri	wilayah:kecamatan	f		f
purwodadi	wilayah:kecamatan	f		f
purwoharjo	wilayah:kecamatan	f		f
purwojati	wilayah:kecamatan	f		f
purwokerto	wilayah:kecamatan	f		f
purworeja	wilayah:kecamatan	f		f
purwosari	wilayah:kecamatan	f		f
purwotjugiono	orang:nama-keluarga	f		f
puryanto	orang:nama-depan	f		f
pusakajaya	wilayah:kecamatan	f		f
pusakanagara	wilayah:kecamatan	f		f
pusako	wilayah:kecamatan	f		f
puselemba	wilayah:kecamatan	f		f
pusomaen	wilayah:kecamatan	f		f
puspahiang	wilayah:kecamatan	f		f
puspitasari	orang:nama-keluarga	f		f
puspo	wilayah:kecamatan	f		f
puteri	orang:nama-depan	f		f
puteri	orang:nama-keluarga	f		f
puteri	wilayah:kecamatan	f		f
putrie	orang:nama-keluarga	f		f
putro	orang:nama-keluarga	f		f
putussibau	wilayah:kecamatan	f		f
puuwatu	wilayah:kecamatan	f		f
pérez	orang:nama-keluarga	f		f
qadir	orang:nama-depan	f		f
qahar	orang:nama-depan	f		f
qomarudin	orang:nama-keluarga	f		f
qonitah	orang:nama-depan	f		f
quinn	orang:nama-depan	f		f
quinn	orang:nama-keluarga	f		f
quintieri	orang:nama-keluarga	f		f
quryantin	orang:nama-keluarga	f		f
qìngdé	orang:nama-depan	f		f
rachel	orang:nama-depan	f		f
rachman	orang:nama-keluarga	f		f
rachmawati	orang:nama-keluarga	f		f
radisti	orang:nama-keluarga	f		f
raditya	orang:nama-depan	f		f
radjasa	orang:nama-keluarga	f		f
raema	orang:nama-depan	f		f
rafa	orang:nama-keluarga	f		f
rafael	orang:nama-depan	f		f
rafian	orang:nama-depan	f		f
rafiddias	orang:nama-depan	f		f
rafika	orang:nama-depan	f		f
rafli	orang:nama-depan	f		f
rafsyah	orang:nama-depan	f		f
ragnar	orang:nama-depan	f		f
raha	orang:nama-depan	f		f
rahadi	orang:nama-keluarga	f		f
rahardja	orang:nama-keluarga	f		f
rahayuningsih	orang:nama-depan	f		f
rahel	orang:nama-depan	f		f
rahma	orang:nama-depan	f		f
rahma	orang:nama-keluarga	f		f
rahmadani	orang:nama-keluarga	f		f
rahmadhani	orang:nama-depan	f		f
rahmah	orang:nama-depan	f		f
rahmah	wilayah:kecamatan	f		f
rahmani	orang:nama-keluarga	f		f
rahmansyah	orang:nama-keluarga	f		f
rahmanto	orang:nama-keluarga	f		f
rahmasari	orang:nama-keluarga	f		f
rahmawati	orang:nama-keluarga	f		f
rahmi	orang:nama-depan	f		f
rahmi	orang:nama-keluarga	f		f
rahong	wilayah:kecamatan	f		f
rahuning	wilayah:kecamatan	f		f
raihat	wilayah:kecamatan	f		f
raijua	wilayah:kabupaten-kota	f		f
raijua	wilayah:kecamatan	f		f
raimanuk	wilayah:kecamatan	f		f
raimbawi	wilayah:kecamatan	f		f
rain	orang:nama-depan	f		f
rain	orang:nama-keluarga	f		f
rainer	orang:nama-depan	f		f
rainis	wilayah:kecamatan	f		f
rainy	orang:nama-depan	f		f
raisa	orang:nama-depan	f		f
raissa	orang:nama-depan	f		f
raith	orang:nama-depan	f		f
rajabasa	wilayah:kecamatan	f		f
rajadesa	wilayah:kecamatan	f		f
rajagaluh	wilayah:kecamatan	f		f
rajapolah	wilayah:kecamatan	f		f
rajeg	wilayah:kecamatan	f		f
rajo	wilayah:kecamatan	f		f
rajuddin	orang:nama-depan	f		f
rakhmawati	orang:nama-depan	f		f
rakumpit	wilayah:kecamatan	f		f
ralfy	orang:nama-depan	f		f
ralph	orang:nama-depan	f		f
ramadani	orang:nama-keluarga	f		f
ramadhan	orang:nama-keluarga	f		f
ramadhani	orang:nama-depan	f		f
ramadhani	orang:nama-keluarga	f		f
ramadhanti	orang:nama-keluarga	f		f
ramadhany	orang:nama-keluarga	f		f
ramadhini	orang:nama-keluarga	f		f
ramadiansyah	orang:nama-keluarga	f		f
raman	wilayah:kecamatan	f		f
rambe	wilayah:kecamatan	f		f
rambipuji	wilayah:kecamatan	f		f
rambitan	orang:nama-keluarga	f		f
ramdani	orang:nama-keluarga	f		f
ramdhan	orang:nama-keluarga	f		f
ramlie	orang:nama-keluarga	f		f
ramon	orang:nama-depan	f		f
ramona	orang:nama-depan	f		f
ramondo	orang:nama-depan	f		f
rampah	wilayah:kecamatan	f		f
rampi	wilayah:kecamatan	f		f
ramses	orang:nama-depan	f		f
ramzy	orang:nama-depan	f		f
ranau	wilayah:kecamatan	f		f
rancabali	wilayah:kecamatan	f		f
rancabungur	wilayah:kecamatan	f		f
rancaekek	wilayah:kecamatan	f		f
rancakalong	wilayah:kecamatan	f		f
rancasari	wilayah:kecamatan	f		f
randangan	wilayah:kecamatan	f		f
randhy	orang:nama-depan	f		f
randolph	orang:nama-depan	f		f
randuagung	wilayah:kecamatan	f		f
randublatung	wilayah:kecamatan	f		f
randudongkal	wilayah:kecamatan	f		f
randy	orang:nama-depan	f		f
rangkasbitung	wilayah:kecamatan	f		f
rangkui	wilayah:kecamatan	f		f
rania	orang:nama-depan	f		f
ranialdy	orang:nama-keluarga	f		f
rano	wilayah:kecamatan	f		f
ranomeeto	wilayah:kecamatan	f		f
ranoyapo	wilayah:kecamatan	f		f
ransiki	wilayah:kecamatan	f		f
rantebua	wilayah:kecamatan	f		f
rantebulahan	wilayah:kecamatan	f		f
rantepao	wilayah:kecamatan	f		f
rantetayo	wilayah:kecamatan	f		f
ranto	wilayah:kecamatan	f		f
ranuyoso	wilayah:kecamatan	f		f
rao	wilayah:kecamatan	f		f
raphael	orang:nama-depan	f		f
rappa	orang:nama-keluarga	f		f
rappang	wilayah:kabupaten-kota	f		f
rappocini	wilayah:kecamatan	f		f
raquel	orang:nama-depan	f		f
rara	wilayah:kecamatan	f		f
raren	wilayah:kecamatan	f		f
rarowatu	wilayah:kecamatan	f		f
rasanae	wilayah:kecamatan	f		f
rasiei	wilayah:kecamatan	f		f
raso	wilayah:kecamatan	f		f
ratahan	wilayah:kecamatan	f		f
ratai	wilayah:kecamatan	f		f
ratana	orang:nama-depan	f		f
ratatotok	wilayah:kecamatan	f		f
ratih	orang:nama-keluarga	f		f
ratnasari	orang:nama-keluarga	f		f
ratolindo	wilayah:kecamatan	f		f
ratoputri	orang:nama-depan	f		f
ratri	orang:nama-depan	f		f
ratulangi	orang:nama-keluarga	f		f
raveni	wilayah:kecamatan	f		f
ravenska	orang:nama-depan	f		f
ravi	orang:nama-depan	f		f
rawalo	wilayah:kecamatan	f		f
rawalumbu	wilayah:kecamatan	f		f
rawamerta	wilayah:kecamatan	f		f
rawas	wilayah:kabupaten-kota	f		f
rawas	wilayah:kecamatan	f		f
rawles	orang:nama-keluarga	f		f
ray	orang:nama-depan	f		f
ray	orang:nama-keluarga	f		f
rayak	wilayah:kecamatan	f		f
rayat	wilayah:kecamatan	f		f
rayeuk	wilayah:kecamatan	f		f
rayhan	orang:nama-depan	f		f
rayhan	orang:nama-keluarga	f		f
raymond	orang:nama-depan	f		f
rayner	orang:nama-keluarga	f		f
rayssa	orang:nama-depan	f		f
razak	orang:nama-keluarga	f		f
razali	orang:nama-depan	f		f
razi	orang:nama-keluarga	f		f
razzaq	orang:nama-depan	f		f
rea	wilayah:kecamatan	f		f
rebang	wilayah:kecamatan	f		f
rebecca	orang:nama-depan	f		f
redeb	wilayah:kecamatan	f		f
refa	orang:nama-depan	f		f
reggie	orang:nama-depan	f		f
regina	orang:nama-depan	f		f
reguna	orang:nama-depan	f		f
regus	orang:nama-keluarga	f		f
rehan	orang:nama-depan	f		f
reijnders	orang:nama-keluarga	f		f
reimas	orang:nama-keluarga	f		f
rein	orang:nama-depan	f		f
reinard	orang:nama-depan	f		f
reiner	orang:nama-depan	f		f
reinhard	orang:nama-depan	f		f
reinout	orang:nama-depan	f		f
rejo	wilayah:kecamatan	f		f
rejoso	wilayah:kecamatan	f		f
rejotangan	wilayah:kecamatan	f		f
remboken	wilayah:kecamatan	f		f
rembon	wilayah:kecamatan	f		f
rembong	wilayah:kecamatan	f		f
renald	orang:nama-depan	f		f
renaldi	orang:nama-depan	f		f
renata	orang:nama-depan	f		f
renatta	orang:nama-depan	f		f
renatus	orang:nama-depan	f		f
rendell	orang:nama-keluarga	f		f
rendra	orang:nama-depan	f		f
rendra	orang:nama-keluarga	f		f
rendy	orang:nama-depan	f		f
rene	orang:nama-depan	f		f
rengasdengklok	wilayah:kecamatan	f		f
rengel	wilayah:kecamatan	f		f
renggiang	wilayah:kecamatan	f		f
reni	orang:nama-depan	f		f
renna	orang:nama-depan	f		f
renni	orang:nama-depan	f		f
renny	orang:nama-depan	f		f
reno	orang:nama-depan	f		f
renou	orang:nama-keluarga	f		f
reny	orang:nama-depan	f		f
reok	wilayah:kecamatan	f		f
reony	orang:nama-depan	f		f
repasi	orang:nama-keluarga	f		f
resiana	orang:nama-keluarga	f		f
resink	orang:nama-keluarga	f		f
resky	orang:nama-depan	f		f
reteh	wilayah:kecamatan	f		f
retno	orang:nama-depan	f		f
retnowati	orang:nama-keluarga	f		f
reu	wilayah:kecamatan	f		f
reuben	orang:nama-depan	f		f
reva	orang:nama-depan	f		f
rexy	orang:nama-depan	f		f
reymond	orang:nama-depan	f		f
reynold	orang:nama-depan	f		f
reza	orang:nama-depan	f		f
reza	orang:nama-keluarga	f		f
rezky	orang:nama-depan	f		f
rhee	wilayah:kecamatan	f		f
rhizta	orang:nama-depan	f		f
rhoma	orang:nama-keluarga	f		f
rhustavito	orang:nama-keluarga	f		f
riaja	wilayah:kecamatan	f		f
riana	orang:nama-depan	f		f
riana	orang:nama-keluarga	f		f
riani	orang:nama-keluarga	f		f
rianne	orang:nama-depan	f		f
rianto	orang:nama-keluarga	f		f
rianty	orang:nama-depan	f		f
riase	wilayah:kecamatan	f		f
riattang	wilayah:kecamatan	f		f
riau	wilayah:kabupaten-kota	f		f
riau	wilayah:kecamatan	f		f
riau	wilayah:provinsi	f		f
riawa	wilayah:kecamatan	f		f
ribka	orang:nama-depan	f		f
ricardo	orang:nama-depan	f		f
richa	orang:nama-depan	f		f
richard	orang:nama-depan	f		f
richard	orang:nama-keluarga	f		f
richardo	orang:nama-keluarga	f		f
richi	orang:nama-depan	f		f
richie	orang:nama-depan	f		f
ricky	orang:nama-depan	f		f
rico	orang:nama-depan	f		f
ridha	orang:nama-depan	f		f
ridho	orang:nama-depan	f		f
ridwan	orang:nama-depan	f		f
ridya	orang:nama-depan	f		f
rieka	orang:nama-depan	f		f
rieke	orang:nama-depan	f		f
rifa	orang:nama-depan	f		f
rifat	orang:nama-depan	f		f
rigby	orang:nama-keluarga	f		f
righu	wilayah:kecamatan	f		f
rii	wilayah:kecamatan	f		f
rika	orang:nama-depan	f		f
rikit	wilayah:kecamatan	f		f
riky	orang:nama-depan	f		f
rilau	wilayah:kecamatan	f		f
rilauale	wilayah:kecamatan	f		f
rimarcdi	orang:nama-keluarga	f		f
rimau	wilayah:kecamatan	f		f
rimbo	wilayah:kecamatan	f		f
rina	orang:nama-depan	f		f
rinaldi	orang:nama-keluarga	f		f
rinawati	orang:nama-keluarga	f		f
rinda	orang:nama-depan	f		f
rindi	wilayah:kecamatan	f		f
rindingallo	wilayah:kecamatan	f		f
rindorindo	orang:nama-keluarga	f		f
ringinarum	wilayah:kecamatan	f		f
ringinrejo	wilayah:kecamatan	f		f
ringo	orang:nama-keluarga	f		f
rinhat	wilayah:kecamatan	f		f
rinjani	orang:nama-depan	f		f
rino	orang:nama-depan	f		f
rinov	orang:nama-depan	f		f
rintan	orang:nama-keluarga	f		f
rio	orang:nama-depan	f		f
rio	wilayah:kecamatan	f		f
riodingin	orang:nama-keluarga	f		f
riri	orang:nama-depan	f		f
ririn	orang:nama-depan	f		f
risei	wilayah:kecamatan	f		f
riseu	orang:nama-keluarga	f		f
riska	orang:nama-depan	f		f
rismawardani	orang:nama-keluarga	f		f
rissal	orang:nama-keluarga	f		f
ristiyani	orang:nama-depan	f		f
riswandi	orang:nama-keluarga	f		f
rita	orang:nama-depan	f		f
rivai	orang:nama-keluarga	f		f
rivaldo	orang:nama-depan	f		f
rivaldy	orang:nama-keluarga	f		f
riwanto	orang:nama-keluarga	f		f
riyadi	orang:nama-keluarga	f		f
riyadie	orang:nama-keluarga	f		f
riyanto	orang:nama-depan	f		f
riyo	orang:nama-depan	f		f
riza	orang:nama-depan	f		f
riza	orang:nama-keluarga	f		f
rizal	orang:nama-depan	f		f
rizal	orang:nama-keluarga	f		f
rizka	orang:nama-depan	f		f
rizki	orang:nama-depan	f		f
rizko	orang:nama-keluarga	f		f
rizky	orang:nama-depan	f		f
rizma	orang:nama-depan	f		f
rob	orang:nama-depan	f		f
roban	wilayah:kecamatan	f		f
robatal	wilayah:kecamatan	f		f
robby	orang:nama-depan	f		f
robert	orang:nama-depan	f		f
robert	orang:nama-keluarga	f		f
roberth	orang:nama-depan	f		f
roberto	orang:nama-depan	f		f
roberts	orang:nama-keluarga	f		f
robertus	orang:nama-depan	f		f
robi	orang:nama-depan	f		f
robin	orang:nama-depan	f		f
robo	orang:nama-keluarga	f		f
rocharjanta	orang:nama-depan	f		f
rock	orang:nama-keluarga	f		f
rocky	orang:nama-depan	f		f
roem	orang:nama-keluarga	f		f
rofa	orang:nama-depan	f		f
rofahadah	orang:nama-depan	f		f
rofigoh	orang:nama-depan	f		f
roger	orang:nama-depan	f		f
rogi	orang:nama-keluarga	f		f
rogojampi	wilayah:kecamatan	f		f
rohali	orang:nama-keluarga	f		f
rohmah	orang:nama-keluarga	f		f
rohman	orang:nama-keluarga	f		f
rokan	wilayah:kabupaten-kota	f		f
rokan	wilayah:kecamatan	f		f
rokus	orang:nama-depan	f		f
roland	orang:nama-depan	f		f
roland	orang:nama-keluarga	f		f
rolly	orang:nama-depan	f		f
rolly	orang:nama-keluarga	f		f
romadhini	orang:nama-keluarga	f		f
romadhon	orang:nama-keluarga	f		f
romana	orang:nama-depan	f		f
romanus	orang:nama-depan	f		f
rombe	orang:nama-keluarga	f		f
romeo	orang:nama-depan	f		f
romero	orang:nama-keluarga	f		f
romil	orang:nama-depan	f		f
rommy	orang:nama-depan	f		f
rompis	orang:nama-keluarga	f		f
romy	orang:nama-depan	f		f
ron	orang:nama-depan	f		f
ronald	orang:nama-depan	f		f
ronaldo	orang:nama-depan	f		f
roney	orang:nama-depan	f		f
ronggur	wilayah:kecamatan	f		f
rongkop	wilayah:kecamatan	f		f
ronne	orang:nama-depan	f		f
ronny	orang:nama-depan	f		f
rony	orang:nama-depan	f		f
roon	wilayah:kecamatan	f		f
ropang	wilayah:kecamatan	f		f
rorimpandey	orang:nama-keluarga	f		f
roro	orang:nama-depan	f		f
rory	orang:nama-depan	f		f
rosa	orang:nama-depan	f		f
rosa	orang:nama-keluarga	f		f
rosalia	orang:nama-depan	f		f
rosalina	orang:nama-depan	f		f
rosalynn	orang:nama-depan	f		f
rosana	orang:nama-keluarga	f		f
rosaria	orang:nama-depan	f		f
rose	orang:nama-depan	f		f
rose	orang:nama-keluarga	f		f
rosemarie	orang:nama-depan	f		f
rosi	orang:nama-keluarga	f		f
rosiana	orang:nama-depan	f		f
rosita	orang:nama-depan	f		f
rosita	orang:nama-keluarga	f		f
rositawati	orang:nama-keluarga	f		f
roslan	orang:nama-keluarga	f		f
roslidar	orang:nama-depan	f		f
roslin	orang:nama-depan	f		f
rosmini	orang:nama-keluarga	f		f
rosnani	orang:nama-depan	f		f
rosnida	orang:nama-depan	f		f
rosobin	orang:nama-keluarga	f		f
rossa	orang:nama-depan	f		f
rossedy	orang:nama-keluarga	f		f
rossy	orang:nama-depan	f		f
roswar	wilayah:kecamatan	f		f
rosy	orang:nama-depan	f		f
rosyita	orang:nama-depan	f		f
rot	wilayah:kecamatan	f		f
rote	wilayah:kabupaten-kota	f		f
rote	wilayah:kecamatan	f		f
rotinsulu	orang:nama-keluarga	f		f
roumbouts	wilayah:kecamatan	f		f
routa	wilayah:kecamatan	f		f
rovita	orang:nama-keluarga	f		f
rowo	wilayah:kecamatan	f		f
rowokangkung	wilayah:kecamatan	f		f
rowokele	wilayah:kecamatan	f		f
rowosari	wilayah:kecamatan	f		f
roy	orang:nama-depan	f		f
rubaru	wilayah:kecamatan	f		f
rube	wilayah:kecamatan	f		f
ruben	orang:nama-depan	f		f
ruby	orang:nama-depan	f		f
rudolf	orang:nama-depan	f		f
rudy	orang:nama-depan	f		f
rudy	orang:nama-keluarga	f		f
rufaer	wilayah:kecamatan	f		f
rufika	orang:nama-depan	f		f
rukaendi	orang:nama-keluarga	f		f
rumajar	orang:nama-keluarga	f		f
rumambi	orang:nama-keluarga	f		f
rumate	orang:nama-depan	f		f
rumbaka	orang:nama-keluarga	f		f
rumbay	orang:nama-keluarga	f		f
rumberpon	wilayah:kecamatan	f		f
rumbewas	orang:nama-keluarga	f		f
rumbiak	orang:nama-keluarga	f		f
rumbio	wilayah:kecamatan	f		f
rumokoy	orang:nama-keluarga	f		f
rumpin	wilayah:kecamatan	f		f
rumpoko	orang:nama-keluarga	f		f
rundeng	wilayah:kecamatan	f		f
rungan	wilayah:kecamatan	f		f
rungkut	wilayah:kecamatan	f		f
runtolalu	orang:nama-keluarga	f		f
rupat	wilayah:kecamatan	f		f
rupit	wilayah:kecamatan	f		f
rury	orang:nama-depan	f		f
rusdianto	orang:nama-keluarga	f		f
ruselli	orang:nama-depan	f		f
rusip	wilayah:kecamatan	f		f
ruslan	orang:nama-depan	f		f
rusli	orang:nama-depan	f		f
rusli	orang:nama-keluarga	f		f
rustam	orang:nama-depan	f		f
rustam	orang:nama-keluarga	f		f
rusydina	orang:nama-depan	f		f
ruteng	wilayah:kecamatan	f		f
ruth	orang:nama-depan	f		f
ruud	orang:nama-depan	f		f
ruy	orang:nama-depan	f		f
ryan	orang:nama-depan	f		f
ryan	orang:nama-keluarga	f		f
ryder	orang:nama-keluarga	f		f
saad	orang:nama-keluarga	f		f
saari	orang:nama-keluarga	f		f
sabangau	wilayah:kecamatan	f		f
sabangparu	wilayah:kecamatan	f		f
sabara	orang:nama-keluarga	f		f
sabaris	wilayah:kecamatan	f		f
sabaruddin	orang:nama-depan	f		f
sabbang	wilayah:kecamatan	f		f
sabee	wilayah:kecamatan	f		f
sabrina	orang:nama-depan	f		f
sabrina	orang:nama-keluarga	f		f
sabu	wilayah:kabupaten-kota	f		f
sabu	wilayah:kecamatan	f		f
sabulakoa	wilayah:kecamatan	f		f
sadananya	wilayah:kecamatan	f		f
sadaniang	wilayah:kecamatan	f		f
sadat	orang:nama-depan	f		f
sadat	orang:nama-keluarga	f		f
sadewa	orang:nama-keluarga	f		f
sadikin	orang:nama-keluarga	f		f
sadiyah	orang:nama-keluarga	f		f
sadrach	orang:nama-depan	f		f
saengkeduk	wilayah:kecamatan	f		f
safan	wilayah:kecamatan	f		f
saffana	orang:nama-keluarga	f		f
safian	orang:nama-keluarga	f		f
safira	orang:nama-depan	f		f
safira	orang:nama-keluarga	f		f
safitri	orang:nama-depan	f		f
sagala	orang:nama-keluarga	f		f
sagalaherang	wilayah:kecamatan	f		f
sagaranten	wilayah:kecamatan	f		f
sagawin	wilayah:kecamatan	f		f
sagita	orang:nama-keluarga	f		f
saguling	wilayah:kecamatan	f		f
sagulung	wilayah:kecamatan	f		f
sahal	orang:nama-keluarga	f		f
sahilan	wilayah:kecamatan	f		f
sahilatua	orang:nama-keluarga	f		f
sahputri	orang:nama-keluarga	f		f
sahu	wilayah:kecamatan	f		f
sahung	wilayah:kecamatan	f		f
saifi	orang:nama-depan	f		f
saifi	wilayah:kecamatan	f		f
saifuddin	orang:nama-depan	f		f
saiful	orang:nama-depan	f		f
sail	wilayah:kecamatan	f		f
saipar	wilayah:kecamatan	f		f
sajad	wilayah:kecamatan	f		f
sajingan	wilayah:kecamatan	f		f
sajira	wilayah:kecamatan	f		f
sajoanging	wilayah:kecamatan	f		f
saketi	wilayah:kecamatan	f		f
sako	wilayah:kecamatan	f		f
sakra	wilayah:kecamatan	f		f
saladin	orang:nama-keluarga	f		f
salahutu	wilayah:kecamatan	f		f
salaman	wilayah:kecamatan	f		f
salapian	wilayah:kecamatan	f		f
salawati	wilayah:kecamatan	f		f
salawu	wilayah:kecamatan	f		f
salek	wilayah:kecamatan	f		f
sales	orang:nama-depan	f		f
salibabu	wilayah:kecamatan	f		f
salimpaung	wilayah:kecamatan	f		f
salis	orang:nama-keluarga	f		f
salkma	wilayah:kecamatan	f		f
salli	orang:nama-depan	f		f
sally	orang:nama-depan	f		f
salma	orang:nama-depan	f		f
salman	orang:nama-depan	f		f
salman	orang:nama-keluarga	f		f
salmantyo	orang:nama-depan	f		f
salmi	orang:nama-keluarga	f		f
salo	wilayah:kecamatan	f		f
salomekko	wilayah:kecamatan	f		f
salomon	orang:nama-depan	f		f
salomon	orang:nama-keluarga	f		f
salopa	wilayah:kecamatan	f		f
salsabila	orang:nama-depan	f		f
salsabila	orang:nama-keluarga	f		f
salupputti	wilayah:kecamatan	f		f
salwa	orang:nama-depan	f		f
sam	orang:nama-depan	f		f
samadua	wilayah:kecamatan	f		f
samalanga	wilayah:kecamatan	f		f
samalantan	wilayah:kecamatan	f		f
samantha	orang:nama-depan	f		f
samarang	wilayah:kecamatan	f		f
samatiga	wilayah:kecamatan	f		f
samaturu	wilayah:kecamatan	f		f
sambaliung	wilayah:kecamatan	f		f
samban	wilayah:kecamatan	f		f
sambelia	wilayah:kecamatan	f		f
sambeng	wilayah:kecamatan	f		f
sambikerep	wilayah:kecamatan	f		f
sambirejo	wilayah:kecamatan	f		f
samboja	wilayah:kecamatan	f		f
sambong	wilayah:kecamatan	f		f
sambungmacan	wilayah:kecamatan	f		f
samenage	wilayah:kecamatan	f		f
samigaluh	wilayah:kecamatan	f		f
sammy	orang:nama-depan	f		f
samo	wilayah:kecamatan	f		f
samofa	wilayah:kecamatan	f		f
sampaga	wilayah:kecamatan	f		f
sampanahan	wilayah:kecamatan	f		f
sampara	wilayah:kecamatan	f		f
sampit	wilayah:kecamatan	f		f
sampoi	wilayah:kecamatan	f		f
sampolawa	wilayah:kecamatan	f		f
sampung	wilayah:kecamatan	f		f
samson	orang:nama-depan	f		f
samson	orang:nama-keluarga	f		f
samsul	orang:nama-depan	f		f
samu	wilayah:kecamatan	f		f
samuel	orang:nama-depan	f		f
samuel	orang:nama-keluarga	f		f
san	orang:nama-keluarga	f		f
sanaman	wilayah:kecamatan	f		f
sanana	wilayah:kecamatan	f		f
sanankulon	wilayah:kecamatan	f		f
sananwetan	wilayah:kecamatan	f		f
sancho	orang:nama-keluarga	f		f
sandai	wilayah:kecamatan	f		f
sanders	orang:nama-keluarga	f		f
sandia	orang:nama-keluarga	f		f
sandiarto	orang:nama-depan	f		f
sandra	orang:nama-depan	f		f
sandradewi	orang:nama-keluarga	f		f
sandrina	orang:nama-depan	f		f
sandro	orang:nama-depan	f		f
sandubaya	wilayah:kecamatan	f		f
sandy	orang:nama-depan	f		f
sandy	orang:nama-keluarga	f		f
sangalang	wilayah:kecamatan	f		f
sangatta	wilayah:kecamatan	f		f
sanger	orang:nama-keluarga	f		f
sanggalangi	wilayah:kecamatan	f		f
sangia	wilayah:kecamatan	f		f
sangihe	wilayah:kabupaten-kota	f		f
sangkapura	wilayah:kecamatan	f		f
sangkarrang	wilayah:kecamatan	f		f
sangkub	wilayah:kecamatan	f		f
sangkulirang	wilayah:kecamatan	f		f
sangkunur	wilayah:kecamatan	f		f
sangtempe	wilayah:kecamatan	f		f
sanjaya	orang:nama-depan	f		f
sanjaya	orang:nama-keluarga	f		f
sanrobone	wilayah:kecamatan	f		f
santi	orang:nama-depan	f		f
santian	wilayah:kecamatan	f		f
santos	orang:nama-keluarga	f		f
santosa	orang:nama-keluarga	f		f
santoso	orang:nama-depan	f		f
santoso	orang:nama-keluarga	f		f
santuai	wilayah:kecamatan	f		f
sanusi	orang:nama-depan	f		f
sanusi	orang:nama-keluarga	f		f
saparua	wilayah:kecamatan	f		f
sape	wilayah:kecamatan	f		f
sapeken	wilayah:kecamatan	f		f
saphira	orang:nama-depan	f		f
saptosari	wilayah:kecamatan	f		f
sapuran	wilayah:kecamatan	f		f
saputo	orang:nama-keluarga	f		f
saputra	orang:nama-depan	f		f
saputra	orang:nama-keluarga	f		f
saputro	orang:nama-keluarga	f		f
saradan	wilayah:kecamatan	f		f
sarah	orang:nama-depan	f		f
sarah	orang:nama-keluarga	f		f
saraswati	orang:nama-keluarga	f		f
sardi	orang:nama-keluarga	f		f
sareal	wilayah:kecamatan	f		f
sario	wilayah:kecamatan	f		f
saripudin	orang:nama-keluarga	f		f
sarirejo	wilayah:kecamatan	f		f
sarita	orang:nama-depan	f		f
sariwangi	wilayah:kecamatan	f		f
sarjo	wilayah:kecamatan	f		f
sarong	orang:nama-depan	f		f
saronggi	wilayah:kecamatan	f		f
sartika	orang:nama-keluarga	f		f
sartono	orang:nama-depan	f		f
sartono	orang:nama-keluarga	f		f
sarudik	wilayah:kecamatan	f		f
sarudu	wilayah:kecamatan	f		f
sarundajang	orang:nama-keluarga	f		f
sarwendah	orang:nama-depan	f		f
sary	orang:nama-depan	f		f
sary	orang:nama-keluarga	f		f
sasfariansyah	orang:nama-depan	f		f
sasha	orang:nama-depan	f		f
sasitamean	wilayah:kecamatan	f		f
saskia	orang:nama-depan	f		f
sasongko	orang:nama-keluarga	f		f
sastroamidjojo	orang:nama-keluarga	f		f
sastrowardoyo	orang:nama-keluarga	f		f
sativa	orang:nama-depan	f		f
satriaji	orang:nama-depan	f		f
satto	orang:nama-keluarga	f		f
satui	wilayah:kecamatan	f		f
saufika	orang:nama-keluarga	f		f
saul	orang:nama-depan	f		f
sausapor	wilayah:kecamatan	f		f
sausu	wilayah:kecamatan	f		f
savira	orang:nama-depan	f		f
sawahan	wilayah:kecamatan	f		f
sawerigadi	wilayah:kecamatan	f		f
sawiat	wilayah:kecamatan	f		f
sawitto	wilayah:kecamatan	f		f
sawoo	wilayah:kecamatan	f		f
sawsan	orang:nama-depan	f		f
sayan	wilayah:kecamatan	f		f
sayati	wilayah:kecamatan	f		f
sayosa	wilayah:kecamatan	f		f
schagerl	orang:nama-keluarga	f		f
scheunemann	orang:nama-keluarga	f		f
schmitz	orang:nama-keluarga	f		f
scholastika	orang:nama-keluarga	f		f
schramm	orang:nama-keluarga	f		f
schwarz	orang:nama-keluarga	f		f
scorpio	orang:nama-keluarga	f		f
sean	orang:nama-depan	f		f
sebangau	wilayah:kecamatan	f		f
sebangki	wilayah:kecamatan	f		f
sebastian	orang:nama-depan	f		f
sebastian	orang:nama-keluarga	f		f
sebatik	wilayah:kecamatan	f		f
sebawi	wilayah:kecamatan	f		f
sebelat	wilayah:kecamatan	f		f
seberida	wilayah:kecamatan	f		f
seberuang	wilayah:kecamatan	f		f
sebingkai	wilayah:kecamatan	f		f
sebo	wilayah:kecamatan	f		f
sebong	wilayah:kecamatan	f		f
sebuku	wilayah:kecamatan	f		f
sebulu	wilayah:kecamatan	f		f
secanggang	wilayah:kecamatan	f		f
sedati	wilayah:kecamatan	f		f
sedyawati	orang:nama-keluarga	f		f
see	orang:nama-keluarga	f		f
segedong	wilayah:kecamatan	f		f
segeri	wilayah:kecamatan	f		f
segers	orang:nama-keluarga	f		f
seget	wilayah:kecamatan	f		f
seginim	wilayah:kecamatan	f		f
segun	wilayah:kecamatan	f		f
sei	wilayah:kecamatan	f		f
seiko	orang:nama-depan	f		f
sejangkung	wilayah:kecamatan	f		f
sekadau	wilayah:kabupaten-kota	f		f
sekadau	wilayah:kecamatan	f		f
sekaki	wilayah:kecamatan	f		f
sekampung	wilayah:kecamatan	f		f
sekaran	wilayah:kecamatan	f		f
sekarbela	wilayah:kecamatan	f		f
sekartaji	orang:nama-depan	f		f
sekatak	wilayah:kecamatan	f		f
sekayam	wilayah:kecamatan	f		f
sekayu	wilayah:kecamatan	f		f
sekerak	wilayah:kecamatan	f		f
sekernan	wilayah:kecamatan	f		f
sekincau	wilayah:kecamatan	f		f
sekolaq	wilayah:kecamatan	f		f
sekongkang	wilayah:kecamatan	f		f
sekotong	wilayah:kecamatan	f		f
sekupang	wilayah:kecamatan	f		f
selaawi	wilayah:kecamatan	f		f
selagai	wilayah:kecamatan	f		f
selagan	wilayah:kecamatan	f		f
selajambe	wilayah:kecamatan	f		f
selakau	wilayah:kecamatan	f		f
selamet	orang:nama-keluarga	f		f
selaparang	wilayah:kecamatan	f		f
selaru	wilayah:kecamatan	f		f
selayan	wilayah:kecamatan	f		f
selayar	wilayah:kabupaten-kota	f		f
selayar	wilayah:kecamatan	f		f
selebah	wilayah:kecamatan	f		f
selemadeg	wilayah:kecamatan	f		f
selemkai	wilayah:kecamatan	f		f
selena	orang:nama-depan	f		f
selimbau	wilayah:kecamatan	f		f
selina	orang:nama-depan	f		f
sellawati	orang:nama-depan	f		f
selma	orang:nama-depan	f		f
selogiri	wilayah:kecamatan	f		f
selomerto	wilayah:kecamatan	f		f
selopampang	wilayah:kecamatan	f		f
selopuro	wilayah:kecamatan	f		f
selor	wilayah:kecamatan	f		f
selorejo	wilayah:kecamatan	f		f
seluan	wilayah:kecamatan	f		f
seluluk	wilayah:kecamatan	f		f
selupu	wilayah:kecamatan	f		f
selvanus	orang:nama-depan	f		f
selvie	orang:nama-depan	f		f
semadam	wilayah:kecamatan	f		f
semaka	wilayah:kecamatan	f		f
semampir	wilayah:kecamatan	f		f
semanding	wilayah:kecamatan	f		f
semangga	wilayah:kecamatan	f		f
semanu	wilayah:kecamatan	f		f
sematang	wilayah:kecamatan	f		f
sematu	wilayah:kecamatan	f		f
sembakung	wilayah:kecamatan	f		f
sembalun	wilayah:kecamatan	f		f
sembawa	wilayah:kecamatan	f		f
sembiring	orang:nama-keluarga	f		f
semboro	wilayah:kecamatan	f		f
sembuluh	wilayah:kecamatan	f		f
semendawai	wilayah:kecamatan	f		f
semende	wilayah:kecamatan	f		f
semenguk	wilayah:kecamatan	f		f
semidang	wilayah:kecamatan	f		f
semin	wilayah:kecamatan	f		f
seminung	wilayah:kecamatan	f		f
semitau	wilayah:kecamatan	f		f
semparuk	wilayah:kecamatan	f		f
sempol	wilayah:kecamatan	f		f
sempor	wilayah:kecamatan	f		f
sempu	wilayah:kecamatan	f		f
semuel	orang:nama-depan	f		f
semuli	wilayah:kecamatan	f		f
semuong	wilayah:kecamatan	f		f
senapelan	wilayah:kecamatan	f		f
senatria	orang:nama-depan	f		f
senatria	orang:nama-keluarga	f		f
senayang	wilayah:kecamatan	f		f
sendana	wilayah:kecamatan	f		f
senduro	wilayah:kecamatan	f		f
sendy	orang:nama-depan	f		f
seneng	wilayah:kecamatan	f		f
sengah	wilayah:kecamatan	f		f
sengan	wilayah:kecamatan	f		f
senggi	wilayah:kecamatan	f		f
sengkut	wilayah:kecamatan	f		f
senna	orang:nama-depan	f		f
senna	orang:nama-keluarga	f		f
senopi	wilayah:kecamatan	f		f
senori	wilayah:kecamatan	f		f
sensa	orang:nama-keluarga	f		f
sensi	orang:nama-keluarga	f		f
sentajo	wilayah:kecamatan	f		f
sentani	wilayah:kecamatan	f		f
sentolo	wilayah:kecamatan	f		f
sentot	orang:nama-keluarga	f		f
senyerang	wilayah:kecamatan	f		f
sepaku	wilayah:kecamatan	f		f
sepatan	wilayah:kecamatan	f		f
sepauk	wilayah:kecamatan	f		f
seponti	wilayah:kecamatan	f		f
septano	orang:nama-keluarga	f		f
septriasa	orang:nama-keluarga	f		f
sepulu	wilayah:kecamatan	f		f
seputih	wilayah:kecamatan	f		f
seputra	orang:nama-keluarga	f		f
seradala	wilayah:kecamatan	f		f
serambakon	wilayah:kecamatan	f		f
seranau	wilayah:kecamatan	f		f
serangpanjang	wilayah:kecamatan	f		f
serasan	wilayah:kecamatan	f		f
serawai	wilayah:kecamatan	f		f
serbajadi	wilayah:kecamatan	f		f
seremuk	wilayah:kecamatan	f		f
serena	orang:nama-depan	f		f
serian	orang:nama-depan	f		f
seririt	wilayah:kecamatan	f		f
serka	wilayah:kecamatan	f		f
sermata	wilayah:kecamatan	f		f
serpong	wilayah:kecamatan	f		f
serua	wilayah:kecamatan	f		f
seruway	wilayah:kecamatan	f		f
servia	orang:nama-keluarga	f		f
sesayap	wilayah:kecamatan	f		f
sesean	wilayah:kecamatan	f		f
sesenapadang	wilayah:kecamatan	f		f
sesilia	orang:nama-depan	f		f
sesnuk	wilayah:kecamatan	f		f
seteluk	wilayah:kecamatan	f		f
setiadi	orang:nama-keluarga	f		f
setiadikara	orang:nama-keluarga	f		f
setiani	orang:nama-keluarga	f		f
setianingrum	orang:nama-keluarga	f		f
setiawati	orang:nama-keluarga	f		f
setiyoningsih	orang:nama-keluarga	f		f
setya	orang:nama-keluarga	f		f
setyaldi	orang:nama-depan	f		f
setyana	orang:nama-depan	f		f
setyawan	orang:nama-keluarga	f		f
setyo	orang:nama-depan	f		f
seulawah	wilayah:kecamatan	f		f
seulimeum	wilayah:kecamatan	f		f
seunagan	wilayah:kecamatan	f		f
seunuddon	wilayah:kecamatan	f		f
shabillah	orang:nama-keluarga	f		f
shabri	orang:nama-depan	f		f
shae	orang:nama-depan	f		f
shafa	orang:nama-depan	f		f
shafira	orang:nama-keluarga	f		f
shahab	orang:nama-keluarga	f		f
shaharudin	orang:nama-keluarga	f		f
shakila	orang:nama-depan	f		f
shakira	orang:nama-depan	f		f
shandi	orang:nama-depan	f		f
shandy	orang:nama-depan	f		f
shani	orang:nama-depan	f		f
shania	orang:nama-depan	f		f
shankar	orang:nama-depan	f		f
shanna	orang:nama-depan	f		f
shara	orang:nama-depan	f		f
shari	orang:nama-depan	f		f
sharifah	orang:nama-depan	f		f
sharon	orang:nama-depan	f		f
shawn	orang:nama-depan	f		f
sheila	orang:nama-depan	f		f
shelandry	orang:nama-depan	f		f
shella	orang:nama-depan	f		f
shendy	orang:nama-depan	f		f
shephard	orang:nama-depan	f		f
sherina	orang:nama-depan	f		f
sheryl	orang:nama-depan	f		f
shesar	orang:nama-depan	f		f
shi	orang:nama-keluarga	f		f
shine	orang:nama-keluarga	f		f
shinta	orang:nama-depan	f		f
shireen	orang:nama-depan	f		f
shirin	orang:nama-depan	f		f
shirley	orang:nama-keluarga	f		f
shitta	orang:nama-depan	f		f
shohibul	orang:nama-depan	f		f
sholah	wilayah:kecamatan	f		f
sholeh	orang:nama-depan	f		f
sholuhuddin	orang:nama-depan	f		f
shopi	orang:nama-keluarga	f		f
shri	orang:nama-depan	f		f
shua	orang:nama-keluarga	f		f
shujiwo	orang:nama-keluarga	f		f
shuǐlíng	orang:nama-depan	f		f
siabu	wilayah:kecamatan	f		f
siahaan	orang:nama-keluarga	f		f
siahaya	orang:nama-keluarga	f		f
sianjur	wilayah:kecamatan	f		f
siantar	wilayah:kabupaten-kota	f		f
siantar	wilayah:kecamatan	f		f
sianturi	orang:nama-keluarga	f		f
siatas	wilayah:kecamatan	f		f
siattinge	wilayah:kecamatan	f		f
sibabangun	wilayah:kecamatan	f		f
siberut	wilayah:kecamatan	f		f
siblah	wilayah:kecamatan	f		f
sibolangit	wilayah:kecamatan	f		f
siborongborong	wilayah:kecamatan	f		f
sibulue	wilayah:kecamatan	f		f
siburian	orang:nama-keluarga	f		f
sichar	orang:nama-keluarga	f		f
sidabutar	orang:nama-keluarga	f		f
sidamanik	wilayah:kecamatan	f		f
sidamulih	wilayah:kecamatan	f		f
sidareja	wilayah:kecamatan	f		f
sidarta	orang:nama-keluarga	f		f
sidayu	wilayah:kecamatan	f		f
sidemen	wilayah:kecamatan	f		f
sidempuan	wilayah:kecamatan	f		f
sidenreng	wilayah:kabupaten-kota	f		f
sidenreng	wilayah:kecamatan	f		f
sidey	wilayah:kecamatan	f		f
sidikalang	wilayah:kecamatan	f		f
sidin	orang:nama-keluarga	f		f
sidney	orang:nama-depan	f		f
sidoan	wilayah:kecamatan	f		f
sidoharjo	wilayah:kecamatan	f		f
sidomulyo	wilayah:kecamatan	f		f
sidorejo	wilayah:kecamatan	f		f
siempat	wilayah:kecamatan	f		f
siepkosi	wilayah:kecamatan	f		f
sifen	orang:nama-depan	f		f
sigala	wilayah:kecamatan	f		f
sigaluh	wilayah:kecamatan	f		f
sigam	wilayah:kecamatan	f		f
sigid	orang:nama-depan	f		f
sigit	orang:nama-depan	f		f
sigli	wilayah:kecamatan	f		f
sigompulon	wilayah:kecamatan	f		f
sigumpar	wilayah:kecamatan	f		f
sihapas	wilayah:kecamatan	f		f
sijabat	orang:nama-keluarga	f		f
sijamapolang	wilayah:kecamatan	f		f
sijuk	wilayah:kecamatan	f		f
sikakap	wilayah:kecamatan	f		f
sikaping	wilayah:kecamatan	f		f
sikarah	wilayah:kecamatan	f		f
sikur	wilayah:kecamatan	f		f
silaen	wilayah:kecamatan	f		f
silahisabungan	wilayah:kecamatan	f		f
silangkitang	wilayah:kecamatan	f		f
silao	wilayah:kecamatan	f		f
silas	orang:nama-depan	f		f
silas	orang:nama-keluarga	f		f
silaut	wilayah:kecamatan	f		f
silian	wilayah:kecamatan	f		f
silima	wilayah:kecamatan	f		f
silimakuta	wilayah:kecamatan	f		f
silimo	wilayah:kecamatan	f		f
silinda	wilayah:kecamatan	f		f
silip	wilayah:kecamatan	f		f
siliragung	wilayah:kecamatan	f		f
sillanan	wilayah:kecamatan	f		f
silou	wilayah:kecamatan	f		f
siluq	wilayah:kecamatan	f		f
silva	orang:nama-depan	f		f
silva	orang:nama-keluarga	f		f
silvana	orang:nama-depan	f		f
silvano	orang:nama-depan	f		f
silvester	orang:nama-depan	f		f
silvi	orang:nama-depan	f		f
silvia	orang:nama-depan	f		f
silviana	orang:nama-depan	f		f
silvo	orang:nama-keluarga	f		f
simalungun	wilayah:kabupaten-kota	f		f
siman	wilayah:kecamatan	f		f
simangambat	wilayah:kecamatan	f		f
simangumban	wilayah:kecamatan	f		f
simanindo	wilayah:kecamatan	f		f
simanjuntak	orang:nama-keluarga	f		f
simanullang	orang:nama-keluarga	f		f
simbarsono	orang:nama-depan	f		f
simbolon	orang:nama-keluarga	f		f
simboro	wilayah:kecamatan	f		f
simbuang	wilayah:kecamatan	f		f
simo	wilayah:kecamatan	f		f
simokerto	wilayah:kecamatan	f		f
simon	orang:nama-depan	f		f
simon	orang:nama-keluarga	f		f
simone	orang:nama-depan	f		f
simpenan	wilayah:kecamatan	f		f
simpson	orang:nama-keluarga	f		f
simson	orang:nama-depan	f		f
simuk	wilayah:kecamatan	f		f
sinaboi	wilayah:kecamatan	f		f
sinaga	orang:nama-keluarga	f		f
sinak	wilayah:kecamatan	f		f
sinambela	orang:nama-keluarga	f		f
sinclair	orang:nama-keluarga	f		f
sindang	wilayah:kecamatan	f		f
sindangagung	wilayah:kecamatan	f		f
sindangbarang	wilayah:kecamatan	f		f
sindangkasih	wilayah:kecamatan	f		f
sindangkerta	wilayah:kecamatan	f		f
sindangresmi	wilayah:kecamatan	f		f
sindangwangi	wilayah:kecamatan	f		f
sindoro	orang:nama-keluarga	f		f
sindue	wilayah:kecamatan	f		f
sindy	orang:nama-depan	f		f
sine	wilayah:kecamatan	f		f
sinembah	wilayah:kecamatan	f		f
singajaya	wilayah:kecamatan	f		f
singaparna	wilayah:kecamatan	f		f
singaran	wilayah:kecamatan	f		f
singingi	wilayah:kabupaten-kota	f		f
singingi	wilayah:kecamatan	f		f
singkarak	wilayah:kecamatan	f		f
singkep	wilayah:kecamatan	f		f
singkohor	wilayah:kecamatan	f		f
singkut	wilayah:kecamatan	f		f
singojuruh	wilayah:kecamatan	f		f
singorojo	wilayah:kecamatan	f		f
singosari	wilayah:kecamatan	f		f
sinisuka	orang:nama-depan	f		f
siniu	wilayah:kecamatan	f		f
sinna	orang:nama-depan	f		f
sinoa	wilayah:kecamatan	f		f
sinonsayang	wilayah:kecamatan	f		f
sinta	orang:nama-depan	f		f
sintuak	wilayah:kecamatan	f		f
sinunukan	wilayah:kecamatan	f		f
sioe	orang:nama-depan	f		f
siompu	wilayah:kecamatan	f		f
siotapina	wilayah:kecamatan	f		f
sipahutar	wilayah:kecamatan	f		f
sipangan	wilayah:kecamatan	f		f
sipatana	wilayah:kecamatan	f		f
sipin	wilayah:kecamatan	f		f
sipirok	wilayah:kecamatan	f		f
sipispis	wilayah:kecamatan	f		f
sipoholon	wilayah:kecamatan	f		f
sipongi	wilayah:kecamatan	f		f
sipora	wilayah:kecamatan	f		f
siradj	orang:nama-depan	f		f
sirait	orang:nama-keluarga	f		f
sirampog	wilayah:kecamatan	f		f
sirandorung	wilayah:kecamatan	f		f
sirapit	wilayah:kecamatan	f		f
sirau	wilayah:kecamatan	f		f
sirenja	wilayah:kecamatan	f		f
sirets	wilayah:kecamatan	f		f
sirimau	wilayah:kecamatan	f		f
siritaun	wilayah:kecamatan	f		f
siriwo	wilayah:kecamatan	f		f
sirombu	wilayah:kecamatan	f		f
siska	orang:nama-depan	f		f
sissy	orang:nama-depan	f		f
siswanti	orang:nama-keluarga	f		f
siswoyo	orang:nama-keluarga	f		f
sitahuis	wilayah:kecamatan	f		f
sitalasari	wilayah:kecamatan	f		f
sitellu	wilayah:kecamatan	f		f
sitember	wilayah:kecamatan	f		f
sitepu	orang:nama-keluarga	f		f
sitinjau	wilayah:kecamatan	f		f
sitinjo	wilayah:kecamatan	f		f
sitiotio	wilayah:kecamatan	f		f
sitiung	wilayah:kecamatan	f		f
sitolu	wilayah:kecamatan	f		f
sitompul	orang:nama-keluarga	f		f
sitopu	orang:nama-keluarga	f		f
sitorus	orang:nama-keluarga	f		f
situjuah	wilayah:kecamatan	f		f
situmorang	orang:nama-keluarga	f		f
situraja	wilayah:kecamatan	f		f
siulak	wilayah:kecamatan	f		f
siwalalat	wilayah:kecamatan	f		f
sjahrir	orang:nama-keluarga	f		f
skanto	wilayah:kecamatan	f		f
slahung	wilayah:kecamatan	f		f
slamet	orang:nama-depan	f		f
slamet	orang:nama-keluarga	f		f
slawi	wilayah:kecamatan	f		f
sliyeg	wilayah:kecamatan	f		f
slogohimo	wilayah:kecamatan	f		f
sloot	orang:nama-keluarga	f		f
sluke	wilayah:kecamatan	f		f
smit	orang:nama-keluarga	f		f
smith	orang:nama-keluarga	f		f
smits	orang:nama-keluarga	f		f
soa	wilayah:kecamatan	f		f
soares	orang:nama-keluarga	f		f
sobaham	wilayah:kecamatan	f		f
sobang	wilayah:kecamatan	f		f
socah	wilayah:kecamatan	f		f
sodikin	orang:nama-keluarga	f		f
sodonghilir	wilayah:kecamatan	f		f
soedarpo	orang:nama-keluarga	f		f
soedaryanto	orang:nama-keluarga	f		f
soegijapranata	orang:nama-keluarga	f		f
soeharto	orang:nama-keluarga	f		f
soejatmi	orang:nama-depan	f		f
soejono	orang:nama-keluarga	f		f
soeman	orang:nama-depan	f		f
soen	orang:nama-depan	f		f
soendjoto	orang:nama-depan	f		f
sofia	orang:nama-depan	f		f
sofian	orang:nama-depan	f		f
sofy	orang:nama-depan	f		f
sofyan	orang:nama-depan	f		f
sojol	wilayah:kecamatan	f		f
sokan	wilayah:kecamatan	f		f
sokaraja	wilayah:kecamatan	f		f
sokobanah	wilayah:kecamatan	f		f
solapan	wilayah:kecamatan	f		f
solear	wilayah:kecamatan	f		f
solihin	orang:nama-keluarga	f		f
soloikma	wilayah:kecamatan	f		f
solokanjeruk	wilayah:kecamatan	f		f
solokuro	wilayah:kecamatan	f		f
solor	wilayah:kecamatan	f		f
somagede	wilayah:kecamatan	f		f
somambawa	wilayah:kecamatan	f		f
somba	wilayah:kecamatan	f		f
sombori	wilayah:kecamatan	f		f
somolo	wilayah:kecamatan	f		f
sompe	wilayah:kecamatan	f		f
sompie	orang:nama-keluarga	f		f
sompotan	orang:nama-keluarga	f		f
sondakh	orang:nama-keluarga	f		f
songgom	wilayah:kecamatan	f		f
songgon	wilayah:kecamatan	f		f
songsongan	wilayah:kecamatan	f		f
sonia	orang:nama-depan	f		f
sonja	orang:nama-depan	f		f
sonneville	orang:nama-keluarga	f		f
sonnie	orang:nama-depan	f		f
sonny	orang:nama-depan	f		f
sony	orang:nama-depan	f		f
sonya	orang:nama-depan	f		f
sooko	wilayah:kecamatan	f		f
sopai	wilayah:kecamatan	f		f
sopang	wilayah:kecamatan	f		f
sophia	orang:nama-depan	f		f
sophie	orang:nama-depan	f		f
sor	wilayah:kecamatan	f		f
sorawolio	wilayah:kecamatan	f		f
soraya	orang:nama-depan	f		f
sorbay	wilayah:kecamatan	f		f
soreang	wilayah:kecamatan	f		f
sorik	wilayah:kecamatan	f		f
sorkam	wilayah:kecamatan	f		f
soromandi	wilayah:kecamatan	f		f
soropia	wilayah:kecamatan	f		f
sosa	wilayah:kecamatan	f		f
sosopan	wilayah:kecamatan	f		f
sosorgadong	wilayah:kecamatan	f		f
sota	wilayah:kecamatan	f		f
soug	wilayah:kecamatan	f		f
soyo	wilayah:kecamatan	f		f
soyoi	wilayah:kecamatan	f		f
spencer	orang:nama-depan	f		f
sprenger	orang:nama-keluarga	f		f
sragi	wilayah:kecamatan	f		f
srengat	wilayah:kecamatan	f		f
sreseh	wilayah:kecamatan	f		f
sribhawono	wilayah:kecamatan	f		f
sriwati	orang:nama-depan	f		f
srono	wilayah:kecamatan	f		f
srumbung	wilayah:kecamatan	f		f
sruweng	wilayah:kecamatan	f		f
stabat	wilayah:kecamatan	f		f
stalin	orang:nama-keluarga	f		f
stanislaus	orang:nama-depan	f		f
stanley	orang:nama-depan	f		f
stefan	orang:nama-depan	f		f
stefani	orang:nama-depan	f		f
stefanie	orang:nama-depan	f		f
stella	orang:nama-depan	f		f
stella	orang:nama-keluarga	f		f
stenny	orang:nama-depan	f		f
steny	orang:nama-depan	f		f
stephane	orang:nama-depan	f		f
stephanie	orang:nama-depan	f		f
stephen	orang:nama-depan	f		f
stephen	orang:nama-keluarga	f		f
stevany	orang:nama-keluarga	f		f
steve	orang:nama-depan	f		f
steven	orang:nama-depan	f		f
stevenson	orang:nama-keluarga	f		f
stevie	orang:nama-depan	f		f
stewart	orang:nama-keluarga	f		f
stuart	orang:nama-depan	f		f
stögmüller	orang:nama-keluarga	f		f
suarna	orang:nama-keluarga	f		f
suator	wilayah:kecamatan	f		f
subagio	orang:nama-keluarga	f		f
subagja	orang:nama-keluarga	f		f
subagyo	orang:nama-depan	f		f
subagyo	orang:nama-keluarga	f		f
subah	wilayah:kecamatan	f		f
subakti	orang:nama-depan	f		f
subakti	orang:nama-keluarga	f		f
subaktiar	orang:nama-keluarga	f		f
subandoro	orang:nama-keluarga	f		f
subhan	orang:nama-depan	f		f
subi	wilayah:kecamatan	f		f
subiyanto	orang:nama-keluarga	f		f
suboh	wilayah:kecamatan	f		f
sucinaraja	wilayah:kecamatan	f		f
sud	orang:nama-keluarga	f		f
sudarso	orang:nama-keluarga	f		f
sudarto	orang:nama-keluarga	f		f
sudarwati	orang:nama-keluarga	f		f
sudiana	orang:nama-keluarga	f		f
sudimoro	wilayah:kecamatan	f		f
sudirman	orang:nama-keluarga	f		f
sudjana	orang:nama-keluarga	f		f
sudradjat	orang:nama-keluarga	f		f
sudrajad	orang:nama-keluarga	f		f
sudrajat	orang:nama-keluarga	f		f
sufardi	orang:nama-depan	f		f
suganyanto	orang:nama-depan	f		f
sugapa	wilayah:kecamatan	f		f
sugianto	orang:nama-depan	f		f
sugianto	orang:nama-keluarga	f		f
sugiarto	orang:nama-depan	f		f
sugiarto	orang:nama-keluarga	f		f
sugie	wilayah:kecamatan	f		f
sugihan	wilayah:kecamatan	f		f
sugiharjo	orang:nama-keluarga	f		f
sugihwaras	wilayah:kecamatan	f		f
sugimin	orang:nama-keluarga	f		f
sugio	wilayah:kecamatan	f		f
sugito	orang:nama-depan	f		f
suhaid	wilayah:kecamatan	f		f
suhairuddin	orang:nama-keluarga	f		f
suhana	orang:nama-keluarga	f		f
suhandinata	orang:nama-keluarga	f		f
suhardjono	orang:nama-keluarga	f		f
suharso	orang:nama-depan	f		f
suharto	orang:nama-depan	f		f
suharto	orang:nama-keluarga	f		f
suhartono	orang:nama-depan	f		f
suharyo	orang:nama-keluarga	f		f
suherlan	orang:nama-keluarga	f		f
suhud	orang:nama-keluarga	f		f
sukadana	wilayah:kecamatan	f		f
sukadiri	wilayah:kecamatan	f		f
sukagumiwang	wilayah:kecamatan	f		f
sukahaji	wilayah:kecamatan	f		f
sukahening	wilayah:kecamatan	f		f
sukajadi	wilayah:kecamatan	f		f
sukajaya	wilayah:kecamatan	f		f
sukakarya	wilayah:kecamatan	f		f
sukalarang	wilayah:kecamatan	f		f
sukaluyu	wilayah:kecamatan	f		f
sukamaju	wilayah:kecamatan	f		f
sukamakmue	wilayah:kecamatan	f		f
sukamakmur	wilayah:kecamatan	f		f
sukamantri	wilayah:kecamatan	f		f
sukamerindu	wilayah:kecamatan	f		f
sukamta	orang:nama-keluarga	f		f
sukamulia	wilayah:kecamatan	f		f
sukamuljo	orang:nama-keluarga	f		f
sukamulya	wilayah:kecamatan	f		f
sukanagara	wilayah:kecamatan	f		f
sukapura	wilayah:kecamatan	f		f
sukaraja	wilayah:kecamatan	f		f
sukarame	wilayah:kecamatan	f		f
sukarami	wilayah:kecamatan	f		f
sukaratu	wilayah:kecamatan	f		f
sukaresik	wilayah:kecamatan	f		f
sukaresmi	wilayah:kecamatan	f		f
sukasada	wilayah:kecamatan	f		f
sukasari	wilayah:kecamatan	f		f
sukatani	wilayah:kecamatan	f		f
sukau	wilayah:kecamatan	f		f
sukawangi	wilayah:kecamatan	f		f
sukawati	wilayah:kecamatan	f		f
sukawening	wilayah:kecamatan	f		f
sukikai	wilayah:kecamatan	f		f
sukiman	orang:nama-keluarga	f		f
sukiran	orang:nama-keluarga	f		f
sukmajaya	wilayah:kecamatan	f		f
sukmawan	orang:nama-keluarga	f		f
suko	orang:nama-keluarga	f		f
sukoco	orang:nama-keluarga	f		f
sukodadi	wilayah:kecamatan	f		f
sukodono	wilayah:kecamatan	f		f
sukolilo	wilayah:kecamatan	f		f
sukomanunggal	wilayah:kecamatan	f		f
sukomoro	wilayah:kecamatan	f		f
sukoputri	orang:nama-keluarga	f		f
sukorambi	wilayah:kecamatan	f		f
sukorame	wilayah:kecamatan	f		f
sukorejo	wilayah:kecamatan	f		f
sukosari	wilayah:kecamatan	f		f
sukosewu	wilayah:kecamatan	f		f
sukowono	wilayah:kecamatan	f		f
sukra	wilayah:kecamatan	f		f
sulabesi	wilayah:kecamatan	f		f
sulaiman	orang:nama-depan	f		f
sulaiman	orang:nama-keluarga	f		f
sulamu	wilayah:kecamatan	f		f
sulan	wilayah:kecamatan	f		f
sulawesi	wilayah:provinsi	f		f
suliki	wilayah:kecamatan	f		f
sulistianingsih	orang:nama-keluarga	f		f
sulistio	orang:nama-keluarga	f		f
sulistya	orang:nama-depan	f		f
sulistyo	orang:nama-depan	f		f
sulistyo	orang:nama-keluarga	f		f
suloara	wilayah:kecamatan	f		f
sultana	orang:nama-keluarga	f		f
sului	orang:nama-keluarga	f		f
suluun	wilayah:kecamatan	f		f
sumalata	wilayah:kecamatan	f		f
sumanti	orang:nama-keluarga	f		f
sumarorong	wilayah:kecamatan	f		f
sumarsono	orang:nama-keluarga	f		f
sumatera	wilayah:provinsi	f		f
sumay	wilayah:kecamatan	f		f
sumberasih	wilayah:kecamatan	f		f
sumberbaru	wilayah:kecamatan	f		f
sumberejo	wilayah:kecamatan	f		f
sumbergempol	wilayah:kecamatan	f		f
sumberjambe	wilayah:kecamatan	f		f
sumberjaya	wilayah:kecamatan	f		f
sumberlawang	wilayah:kecamatan	f		f
sumbermalang	wilayah:kecamatan	f		f
sumbermanjing	wilayah:kecamatan	f		f
sumberpucung	wilayah:kecamatan	f		f
sumberrejo	wilayah:kecamatan	f		f
sumbersari	wilayah:kecamatan	f		f
sumbersuko	wilayah:kecamatan	f		f
sumberwringin	wilayah:kecamatan	f		f
sumedi	orang:nama-keluarga	f		f
sumera	orang:nama-keluarga	f		f
sumirah	orang:nama-keluarga	f		f
sumito	orang:nama-keluarga	f		f
sumobito	wilayah:kecamatan	f		f
sumpiuh	wilayah:kecamatan	f		f
sumpur	wilayah:kecamatan	f		f
sumuri	wilayah:kecamatan	f		f
sunarko	orang:nama-keluarga	f		f
sunaryo	orang:nama-keluarga	f		f
sunda	wilayah:provinsi	f		f
sundi	wilayah:kecamatan	f		f
sungailiat	wilayah:kecamatan	f		f
sungayang	wilayah:kecamatan	f		f
sunggal	wilayah:kecamatan	f		f
sunny	orang:nama-depan	f		f
sunny	orang:nama-keluarga	f		f
sunook	wilayah:kecamatan	f		f
suntamon	wilayah:kecamatan	f		f
suoh	wilayah:kecamatan	f		f
supardan	orang:nama-depan	f		f
supat	wilayah:kecamatan	f		f
supendi	orang:nama-keluarga	f		f
supnin	wilayah:kecamatan	f		f
suppa	wilayah:kecamatan	f		f
supranata	orang:nama-keluarga	f		f
suprapto	orang:nama-keluarga	f		f
suprayogi	orang:nama-keluarga	f		f
supriadi	orang:nama-keluarga	f		f
suprianto	orang:nama-keluarga	f		f
suprobo	orang:nama-depan	f		f
suradadi	wilayah:kecamatan	f		f
surade	wilayah:kecamatan	f		f
suralaga	wilayah:kecamatan	f		f
suranenggala	wilayah:kecamatan	f		f
suratmo	orang:nama-keluarga	f		f
surbakti	orang:nama-keluarga	f		f
suripno	orang:nama-keluarga	f		f
suro	wilayah:kecamatan	f		f
suroso	orang:nama-keluarga	f		f
suru	wilayah:kecamatan	f		f
sururey	wilayah:kecamatan	f		f
suryana	orang:nama-keluarga	f		f
suryanto	orang:nama-keluarga	f		f
suryatama	orang:nama-keluarga	f		f
suryo	orang:nama-depan	f		f
susan	orang:nama-depan	f		f
susana	orang:nama-depan	f		f
susanna	orang:nama-depan	f		f
susanti	orang:nama-depan	f		f
susanti	orang:nama-keluarga	f		f
suseno	orang:nama-keluarga	f		f
susi	orang:nama-depan	f		f
susilawati	orang:nama-keluarga	f		f
susilo	orang:nama-keluarga	f		f
susoh	wilayah:kecamatan	f		f
susua	wilayah:kecamatan	f		f
sutam	wilayah:kecamatan	f		f
sutanto	orang:nama-keluarga	f		f
sutardja	orang:nama-keluarga	f		f
sutarman	orang:nama-keluarga	f		f
sutera	wilayah:kecamatan	f		f
suti	wilayah:kecamatan	f		f
sutisna	orang:nama-keluarga	f		f
sutiyoso	orang:nama-keluarga	f		f
sutojayan	wilayah:kecamatan	f		f
sutoyo	orang:nama-depan	f		f
sutrisna	orang:nama-keluarga	f		f
sutrisno	orang:nama-keluarga	f		f
suwardi	orang:nama-depan	f		f
suwardi	orang:nama-keluarga	f		f
suwarno	orang:nama-keluarga	f		f
suwarsih	orang:nama-depan	f		f
suwatan	orang:nama-keluarga	f		f
suwawa	wilayah:kecamatan	f		f
suwela	wilayah:kecamatan	f		f
suzanna	orang:nama-depan	f		f
suzanne	orang:nama-depan	f		f
swa	orang:nama-depan	f		f
swandiwe	wilayah:kecamatan	f		f
swastedian	orang:nama-keluarga	f		f
sweeney	orang:nama-keluarga	f		f
swie	orang:nama-depan	f		f
syabda	orang:nama-depan	f		f
syafira	orang:nama-keluarga	f		f
syafitri	orang:nama-depan	f		f
syafiya	orang:nama-keluarga	f		f
syafruddin	orang:nama-depan	f		f
syahcame	wilayah:kecamatan	f		f
syahira	orang:nama-depan	f		f
syahnawi	orang:nama-keluarga	f		f
syahnur	orang:nama-depan	f		f
syahputra	orang:nama-keluarga	f		f
syahrizal	orang:nama-depan	f		f
syahrozi	orang:nama-depan	f		f
syahrul	orang:nama-depan	f		f
syaiful	orang:nama-depan	f		f
syaikah	orang:nama-keluarga	f		f
syakira	orang:nama-depan	f		f
syakuroh	orang:nama-keluarga	f		f
syamsul	orang:nama-depan	f		f
syamtalira	wilayah:kecamatan	f		f
syarafina	orang:nama-keluarga	f		f
syarifuddin	orang:nama-depan	f		f
syaukani	orang:nama-depan	f		f
syawaliah	orang:nama-depan	f		f
sydney	orang:nama-depan	f		f
syiah	wilayah:kecamatan	f		f
syifa	orang:nama-depan	f		f
sylvana	orang:nama-depan	f		f
sylvia	orang:nama-depan	f		f
sylvia	orang:nama-keluarga	f		f
sylviana	orang:nama-keluarga	f		f
sylvina	orang:nama-depan	f		f
syujak	wilayah:kecamatan	f		f
syukri	orang:nama-depan	f		f
sílvio	orang:nama-depan	f		f
taba	wilayah:kecamatan	f		f
tabalar	wilayah:kecamatan	f		f
tabalujan	orang:nama-keluarga	f		f
tabang	wilayah:kecamatan	f		f
tabita	orang:nama-depan	f		f
tabona	wilayah:kecamatan	f		f
tabongo	wilayah:kecamatan	f		f
tabonji	wilayah:kecamatan	f		f
tabrani	orang:nama-keluarga	f		f
tabuk	wilayah:kecamatan	f		f
tabukan	wilayah:kecamatan	f		f
tabulahan	wilayah:kecamatan	f		f
tabundung	wilayah:kecamatan	f		f
tabunganen	wilayah:kecamatan	f		f
tador	wilayah:kecamatan	f		f
tadu	wilayah:kecamatan	f		f
taebenu	wilayah:kecamatan	f		f
taelarek	wilayah:kecamatan	f		f
taganombak	wilayah:kecamatan	f		f
tagime	wilayah:kecamatan	f		f
tagineri	wilayah:kecamatan	f		f
tagulandang	wilayah:kabupaten-kota	f		f
tagulandang	wilayah:kecamatan	f		f
taher	orang:nama-keluarga	f		f
tahitoe	orang:nama-keluarga	f		f
tahota	wilayah:kecamatan	f		f
tahuna	wilayah:kecamatan	f		f
taige	wilayah:kecamatan	f		f
taisir	orang:nama-keluarga	f		f
tajinan	wilayah:kecamatan	f		f
tajurhalang	wilayah:kecamatan	f		f
taka	wilayah:kecamatan	f		f
takari	wilayah:kecamatan	f		f
takeran	wilayah:kecamatan	f		f
takisung	wilayah:kecamatan	f		f
takkalalla	wilayah:kecamatan	f		f
takokak	wilayah:kecamatan	f		f
taktakan	wilayah:kecamatan	f		f
talaga	wilayah:kecamatan	f		f
talamau	wilayah:kecamatan	f		f
talambo	wilayah:kecamatan	f		f
talango	wilayah:kecamatan	f		f
talani	orang:nama-keluarga	f		f
talatako	wilayah:kecamatan	f		f
talaud	wilayah:kabupaten-kota	f		f
talawaan	wilayah:kecamatan	f		f
talawang	wilayah:kecamatan	f		f
talawi	wilayah:kecamatan	f		f
talegong	wilayah:kecamatan	f		f
taliabu	wilayah:kabupaten-kota	f		f
taliabu	wilayah:kecamatan	f		f
talibura	wilayah:kecamatan	f		f
talisayan	wilayah:kecamatan	f		f
taliwang	wilayah:kecamatan	f		f
tallasa	wilayah:kecamatan	f		f
tallo	wilayah:kecamatan	f		f
tallunglipu	wilayah:kecamatan	f		f
talo	wilayah:kecamatan	f		f
taluditi	wilayah:kecamatan	f		f
talumuzoi	wilayah:kecamatan	f		f
tama	wilayah:kecamatan	f		f
tamako	wilayah:kecamatan	f		f
tamalanrea	wilayah:kecamatan	f		f
tamalate	wilayah:kecamatan	f		f
tamalatea	wilayah:kecamatan	f		f
tamanan	wilayah:kecamatan	f		f
tamansari	wilayah:kecamatan	f		f
tamara	orang:nama-depan	f		f
tamara	orang:nama-keluarga	f		f
tambakboyo	wilayah:kecamatan	f		f
tambakdahan	wilayah:kecamatan	f		f
tambakrejo	wilayah:kecamatan	f		f
tambakromo	wilayah:kecamatan	f		f
tambaksari	wilayah:kecamatan	f		f
tambayong	orang:nama-keluarga	f		f
tambelan	wilayah:kecamatan	f		f
tambelang	wilayah:kecamatan	f		f
tambelangan	wilayah:kecamatan	f		f
tambolaka	wilayah:kecamatan	f		f
tambusai	wilayah:kecamatan	f		f
tami	orang:nama-depan	f		f
tami	wilayah:kecamatan	f		f
tamiang	wilayah:kabupaten-kota	f		f
tamiang	wilayah:kecamatan	f		f
tammerodo	wilayah:kecamatan	f		f
tampahan	wilayah:kecamatan	f		f
tampaksiring	wilayah:kecamatan	f		f
tampubolon	orang:nama-keluarga	f		f
tana	wilayah:kabupaten-kota	f		f
tana	wilayah:kecamatan	f		f
tanaka	orang:nama-keluarga	f		f
tanakeke	wilayah:kecamatan	f		f
tanambulava	wilayah:kecamatan	f		f
tananta	orang:nama-keluarga	f		f
tanantovea	wilayah:kecamatan	f		f
tanara	wilayah:kecamatan	f		f
tanasitolo	wilayah:kecamatan	f		f
tandes	wilayah:kecamatan	f		f
tanete	wilayah:kecamatan	f		f
tangah	wilayah:kecamatan	f		f
tangaran	wilayah:kecamatan	f		f
tangaya	wilayah:kecamatan	f		f
tanggetada	wilayah:kecamatan	f		f
tanggeung	wilayah:kecamatan	f		f
tanggulangin	wilayah:kecamatan	f		f
tanggunggunung	wilayah:kecamatan	f		f
tanggungharjo	wilayah:kecamatan	f		f
tangka	orang:nama-keluarga	f		f
tangma	wilayah:kecamatan	f		f
tangse	wilayah:kecamatan	f		f
tanimbar	wilayah:kabupaten-kota	f		f
tanimbar	wilayah:kecamatan	f		f
taniwel	wilayah:kecamatan	f		f
tanjong	wilayah:kecamatan	f		f
tanjuang	wilayah:kecamatan	f		f
tanjunganom	wilayah:kecamatan	f		f
tanjungjaya	wilayah:kecamatan	f		f
tanjungkerta	wilayah:kecamatan	f		f
tanjungmedar	wilayah:kecamatan	f		f
tanjungpandan	wilayah:kecamatan	f		f
tanjungsari	wilayah:kecamatan	f		f
tanjungsiang	wilayah:kecamatan	f		f
tanjungtebat	wilayah:kecamatan	f		f
tano	wilayah:kecamatan	f		f
tanoesoedibjo	orang:nama-keluarga	f		f
tanoh	wilayah:kecamatan	f		f
tanon	wilayah:kecamatan	f		f
tanralili	wilayah:kecamatan	f		f
tansil	orang:nama-keluarga	f		f
tanta	wilayah:kecamatan	f		f
tantan	wilayah:kecamatan	f		f
tanto	orang:nama-keluarga	f		f
tantri	orang:nama-keluarga	f		f
tanuwijaya	orang:nama-keluarga	f		f
taopa	wilayah:kecamatan	f		f
tapakih	wilayah:kecamatan	f		f
tapalang	wilayah:kecamatan	f		f
tapan	wilayah:kecamatan	f		f
tapango	wilayah:kecamatan	f		f
tapanuli	wilayah:kabupaten-kota	f		f
tapeh	wilayah:kecamatan	f		f
tapen	wilayah:kecamatan	f		f
tapian	wilayah:kecamatan	f		f
tapos	wilayah:kecamatan	f		f
tarab	wilayah:kecamatan	f		f
tarabintang	wilayah:kecamatan	f		f
taraju	wilayah:kecamatan	f		f
tarano	wilayah:kecamatan	f		f
tareran	wilayah:kecamatan	f		f
tarigan	orang:nama-depan	f		f
tarogong	wilayah:kecamatan	f		f
tarok	wilayah:kecamatan	f		f
tarokan	wilayah:kecamatan	f		f
tarowang	wilayah:kecamatan	f		f
tarumajaya	wilayah:kecamatan	f		f
tarusan	wilayah:kecamatan	f		f
tarutung	wilayah:kecamatan	f		f
tasha	orang:nama-depan	f		f
tasifeto	wilayah:kecamatan	f		f
tasikmadu	wilayah:kecamatan	f		f
tasya	orang:nama-depan	f		f
tatanga	wilayah:kecamatan	f		f
tatapaan	wilayah:kecamatan	f		f
tate	orang:nama-depan	f		f
tatengkeng	orang:nama-keluarga	f		f
tati	orang:nama-depan	f		f
tatiana	orang:nama-depan	f		f
tatjana	orang:nama-depan	f		f
tatoareng	wilayah:kecamatan	f		f
tatum	orang:nama-keluarga	f		f
taty	orang:nama-depan	f		f
taufiq	orang:nama-depan	f		f
tavares	orang:nama-keluarga	f		f
tawaeli	wilayah:kecamatan	f		f
tawalian	wilayah:kecamatan	f		f
tawangharjo	wilayah:kecamatan	f		f
tawangmangu	wilayah:kecamatan	f		f
tawangsari	wilayah:kecamatan	f		f
tayan	wilayah:kecamatan	f		f
tayando	wilayah:kecamatan	f		f
tayap	wilayah:kecamatan	f		f
taylor	orang:nama-keluarga	f		f
tayu	wilayah:kecamatan	f		f
tebelian	wilayah:kecamatan	f		f
ted	orang:nama-depan	f		f
teddy	orang:nama-depan	f		f
tedi	orang:nama-depan	f		f
tedjakusuma	orang:nama-keluarga	f		f
tedjono	orang:nama-keluarga	f		f
tegalampel	wilayah:kecamatan	f		f
tegalbuleud	wilayah:kecamatan	f		f
tegaldlimo	wilayah:kecamatan	f		f
tegallalang	wilayah:kecamatan	f		f
tegalombo	wilayah:kecamatan	f		f
tegalsari	wilayah:kecamatan	f		f
tegalsiwalan	wilayah:kecamatan	f		f
tegalwaru	wilayah:kecamatan	f		f
teges	orang:nama-depan	f		f
tegineneng	wilayah:kecamatan	f		f
tegowanu	wilayah:kecamatan	f		f
tehoru	wilayah:kecamatan	f		f
teiraplu	wilayah:kecamatan	f		f
tejakula	wilayah:kecamatan	f		f
tekarang	wilayah:kecamatan	f		f
telagasari	wilayah:kecamatan	f		f
telanaipura	wilayah:kecamatan	f		f
telaubun	orang:nama-keluarga	f		f
telawang	wilayah:kecamatan	f		f
telen	wilayah:kecamatan	f		f
telenggeme	wilayah:kecamatan	f		f
tellu	wilayah:kecamatan	f		f
tellulimpoe	wilayah:kecamatan	f		f
telluwanua	wilayah:kecamatan	f		f
telu	wilayah:kecamatan	f		f
telukjambe	wilayah:kecamatan	f		f
teluknaga	wilayah:kecamatan	f		f
telutih	wilayah:kecamatan	f		f
temayang	wilayah:kecamatan	f		f
tembagapura	wilayah:kecamatan	f		f
tembarak	wilayah:kecamatan	f		f
tembesi	wilayah:kecamatan	f		f
tembilahan	wilayah:kecamatan	f		f
temila	wilayah:kecamatan	f		f
teminabuan	wilayah:kecamatan	f		f
temon	wilayah:kecamatan	f		f
tempeh	wilayah:kecamatan	f		f
tempilang	wilayah:kecamatan	f		f
tempunak	wilayah:kecamatan	f		f
tempuran	wilayah:kecamatan	f		f
tempurejo	wilayah:kecamatan	f		f
tempursari	wilayah:kecamatan	f		f
tenayan	wilayah:kecamatan	f		f
tendean	orang:nama-keluarga	f		f
tendris	orang:nama-depan	f		f
teneh	orang:nama-keluarga	f		f
tenga	wilayah:kecamatan	f		f
tenggarong	wilayah:kecamatan	f		f
tenggilis	wilayah:kecamatan	f		f
tenggulun	wilayah:kecamatan	f		f
tenjo	wilayah:kecamatan	f		f
tenjolaya	wilayah:kecamatan	f		f
teodora	orang:nama-depan	f		f
teon	wilayah:kecamatan	f		f
teor	wilayah:kecamatan	f		f
teramang	wilayah:kecamatan	f		f
terangun	wilayah:kecamatan	f		f
terara	wilayah:kecamatan	f		f
terawas	wilayah:kecamatan	f		f
terbanggi	wilayah:kecamatan	f		f
teripe	wilayah:kecamatan	f		f
terryana	orang:nama-depan	f		f
tersono	wilayah:kecamatan	f		f
terunjam	wilayah:kecamatan	f		f
tessa	orang:nama-depan	f		f
testega	wilayah:kecamatan	f		f
tete	wilayah:kecamatan	f		f
teti	orang:nama-keluarga	f		f
tetty	orang:nama-keluarga	f		f
tetyana	orang:nama-depan	f		f
teuku	orang:nama-keluarga	f		f
teunom	wilayah:kecamatan	f		f
teupah	wilayah:kecamatan	f		f
tewah	wilayah:kecamatan	f		f
tewang	wilayah:kecamatan	f		f
teweh	wilayah:kecamatan	f		f
thalia	orang:nama-depan	f		f
thalita	orang:nama-depan	f		f
the	orang:nama-keluarga	f		f
theng	orang:nama-keluarga	f		f
theo	orang:nama-depan	f		f
theodora	orang:nama-depan	f		f
theodore	orang:nama-depan	f		f
theodorus	orang:nama-depan	f		f
theopilus	orang:nama-depan	f		f
theresa	orang:nama-depan	f		f
theresia	orang:nama-depan	f		f
thesya	orang:nama-depan	f		f
thie	orang:nama-keluarga	f		f
thio	orang:nama-keluarga	f		f
thom	orang:nama-depan	f		f
thomas	orang:nama-depan	f		f
thomas	orang:nama-keluarga	f		f
thomi	orang:nama-depan	f		f
thomson	orang:nama-keluarga	f		f
tia	orang:nama-depan	f		f
tibawa	wilayah:kecamatan	f		f
ticoalu	orang:nama-keluarga	f		f
tidahu	wilayah:kecamatan	f		f
tidung	wilayah:kabupaten-kota	f		f
tie	orang:nama-depan	f		f
tiene	orang:nama-depan	f		f
tiffany	orang:nama-depan	f		f
tigabinanga	wilayah:kecamatan	f		f
tigalingga	wilayah:kecamatan	f		f
tiganderket	wilayah:kecamatan	f		f
tigapanah	wilayah:kecamatan	f		f
tigaraksa	wilayah:kecamatan	f		f
tigi	wilayah:kecamatan	f		f
tigo	wilayah:kecamatan	f		f
tiji	wilayah:kecamatan	f		f
tikala	wilayah:kecamatan	f		f
tikke	wilayah:kecamatan	f		f
tilaar	orang:nama-keluarga	f		f
tilamuta	wilayah:kecamatan	f		f
tilango	wilayah:kecamatan	f		f
tilatang	wilayah:kecamatan	f		f
tiloan	wilayah:kecamatan	f		f
tilongkabila	wilayah:kecamatan	f		f
timo	orang:nama-depan	f		f
timor	wilayah:kabupaten-kota	f		f
timori	wilayah:kecamatan	f		f
timotheus	orang:nama-depan	f		f
timothy	orang:nama-depan	f		f
timothy	orang:nama-keluarga	f		f
timoti	orang:nama-depan	f		f
timpah	wilayah:kecamatan	f		f
timpeh	wilayah:kecamatan	f		f
timu	wilayah:kecamatan	f		f
tina	orang:nama-depan	f		f
tinada	wilayah:kecamatan	f		f
tinambung	wilayah:kecamatan	f		f
tinanggea	wilayah:kecamatan	f		f
tinangkung	wilayah:kecamatan	f		f
tingang	wilayah:kecamatan	f		f
tinggimoncong	wilayah:kecamatan	f		f
tingginambut	wilayah:kecamatan	f		f
tinggouw	wilayah:kecamatan	f		f
tingkir	wilayah:kecamatan	f		f
tini	orang:nama-depan	f		f
tino	orang:nama-depan	f		f
tinombo	wilayah:kecamatan	f		f
tinondo	wilayah:kecamatan	f		f
tio	orang:nama-keluarga	f		f
tiom	wilayah:kecamatan	f		f
tiomneri	wilayah:kecamatan	f		f
tiong	orang:nama-depan	f		f
tiplol	wilayah:kecamatan	f		f
tira	orang:nama-keluarga	f		f
tirawuta	wilayah:kecamatan	f		f
tiroang	wilayah:kecamatan	f		f
tirtajaya	wilayah:kecamatan	f		f
tirtamulya	wilayah:kecamatan	f		f
tirtayasa	wilayah:kecamatan	f		f
tirto	orang:nama-depan	f		f
tirto	wilayah:kecamatan	f		f
tirtomoyo	wilayah:kecamatan	f		f
tirtoyudo	wilayah:kecamatan	f		f
tita	orang:nama-depan	f		f
titehena	wilayah:kecamatan	f		f
titeue	wilayah:kecamatan	f		f
titiana	orang:nama-depan	f		f
titifany	orang:nama-depan	f		f
tito	orang:nama-depan	f		f
titon	orang:nama-depan	f		f
titus	orang:nama-depan	f		f
tiumang	wilayah:kecamatan	f		f
tiwa	orang:nama-keluarga	f		f
tiworo	wilayah:kecamatan	f		f
tiwu	wilayah:kecamatan	f		f
tjan	orang:nama-keluarga	f		f
tjandra	orang:nama-keluarga	f		f
tjendra	orang:nama-depan	f		f
tjeng	orang:nama-depan	f		f
tjiang	orang:nama-depan	f		f
tjiauw	orang:nama-depan	f		f
tjie	orang:nama-depan	f		f
tjioe	orang:nama-keluarga	f		f
tjiong	orang:nama-keluarga	f		f
tjiptawan	orang:nama-keluarga	f		f
tjoa	orang:nama-keluarga	f		f
tjoandi	orang:nama-keluarga	f		f
tjoen	orang:nama-depan	f		f
tjokaykie	orang:nama-keluarga	f		f
tjun	orang:nama-depan	f		f
tjun	orang:nama-keluarga	f		f
tlanakan	wilayah:kecamatan	f		f
tlogomulyo	wilayah:kecamatan	f		f
tlogosari	wilayah:kecamatan	f		f
tlogowungu	wilayah:kecamatan	f		f
toapaya	wilayah:kecamatan	f		f
toar	wilayah:kecamatan	f		f
toari	wilayah:kecamatan	f		f
tobadak	wilayah:kecamatan	f		f
tobata	wilayah:kecamatan	f		f
tobelo	wilayah:kecamatan	f		f
tobias	orang:nama-depan	f		f
tobing	orang:nama-keluarga	f		f
tobing	wilayah:kecamatan	f		f
toboali	wilayah:kecamatan	f		f
tobouw	wilayah:kecamatan	f		f
tobu	wilayah:kecamatan	f		f
todanan	wilayah:kecamatan	f		f
todd	orang:nama-depan	f		f
toer	orang:nama-keluarga	f		f
togean	wilayah:kecamatan	f		f
togu	orang:nama-depan	f		f
tohari	orang:nama-keluarga	f		f
toho	wilayah:kecamatan	f		f
toianas	wilayah:kecamatan	f		f
toili	wilayah:kecamatan	f		f
tojo	wilayah:kabupaten-kota	f		f
tojo	wilayah:kecamatan	f		f
tolala	wilayah:kecamatan	f		f
tolangohula	wilayah:kecamatan	f		f
toledo	orang:nama-keluarga	f		f
toli	wilayah:kabupaten-kota	f		f
tolinggula	wilayah:kecamatan	f		f
tolu	wilayah:kecamatan	f		f
toma	wilayah:kecamatan	f		f
tomage	wilayah:kecamatan	f		f
tombangan	wilayah:kecamatan	f		f
tombariri	wilayah:kecamatan	f		f
tombatu	wilayah:kecamatan	f		f
tombolang	wilayah:kecamatan	f		f
tombolopao	wilayah:kecamatan	f		f
tombulu	wilayah:kecamatan	f		f
tombusabora	wilayah:kecamatan	f		f
tomia	wilayah:kecamatan	f		f
tomilito	wilayah:kecamatan	f		f
tomini	wilayah:kecamatan	f		f
tommo	wilayah:kecamatan	f		f
tommy	orang:nama-depan	f		f
tomo	wilayah:kecamatan	f		f
tomoni	wilayah:kecamatan	f		f
tomor	wilayah:kecamatan	f		f
tomosiga	wilayah:kecamatan	f		f
tompaso	wilayah:kecamatan	f		f
tompo	wilayah:kecamatan	f		f
tompobulu	wilayah:kecamatan	f		f
tomu	wilayah:kecamatan	f		f
tomy	orang:nama-depan	f		f
tondano	wilayah:kecamatan	f		f
tondon	wilayah:kecamatan	f		f
tondong	wilayah:kecamatan	f		f
tongas	wilayah:kecamatan	f		f
tongauna	wilayah:kecamatan	f		f
tongkok	wilayah:kecamatan	f		f
tongkuno	wilayah:kecamatan	f		f
toni	orang:nama-depan	f		f
tonin	orang:nama-depan	f		f
tonjong	wilayah:kecamatan	f		f
tonny	orang:nama-depan	f		f
tonra	wilayah:kecamatan	f		f
tontonunu	wilayah:kecamatan	f		f
tontowi	orang:nama-depan	f		f
tony	orang:nama-depan	f		f
toon	orang:nama-keluarga	f		f
topiyai	wilayah:kecamatan	f		f
topos	wilayah:kecamatan	f		f
topoyo	wilayah:kecamatan	f		f
tor	wilayah:kecamatan	f		f
tora	orang:nama-depan	f		f
toraja	wilayah:kabupaten-kota	f		f
toran	orang:nama-depan	f		f
torere	wilayah:kecamatan	f		f
torgamba	wilayah:kecamatan	f		f
toribulu	wilayah:kecamatan	f		f
torjun	wilayah:kecamatan	f		f
toroh	wilayah:kecamatan	f		f
toru	wilayah:kecamatan	f		f
torue	wilayah:kecamatan	f		f
tosari	wilayah:kecamatan	f		f
totikum	wilayah:kecamatan	f		f
toto	orang:nama-depan	f		f
touluaan	wilayah:kecamatan	f		f
towe	wilayah:kecamatan	f		f
towea	wilayah:kecamatan	f		f
towuti	wilayah:kecamatan	f		f
tracy	orang:nama-depan	f		f
tragah	wilayah:kecamatan	f		f
trangkil	wilayah:kecamatan	f		f
trawas	wilayah:kecamatan	f		f
tretep	wilayah:kecamatan	f		f
tri	orang:nama-depan	f		f
tria	orang:nama-depan	f		f
triana	orang:nama-keluarga	f		f
triansyah	orang:nama-keluarga	f		f
trias	orang:nama-depan	f		f
trienggadeng	wilayah:kecamatan	f		f
trifena	orang:nama-depan	f		f
trikora	wilayah:kecamatan	f		f
trimurjo	wilayah:kecamatan	f		f
tripa	wilayah:kecamatan	f		f
trisa	orang:nama-depan	f		f
trisha	orang:nama-depan	f		f
trisnanto	orang:nama-keluarga	f		f
tristan	orang:nama-depan	f		f
trisunaryanti	orang:nama-keluarga	f		f
triwibowo	orang:nama-keluarga	f		f
trowulan	wilayah:kecamatan	f		f
trucuk	wilayah:kecamatan	f		f
trumon	wilayah:kecamatan	f		f
try	orang:nama-depan	f		f
tryola	orang:nama-depan	f		f
tuaka	wilayah:kecamatan	f		f
tualan	wilayah:kecamatan	f		f
tubang	wilayah:kecamatan	f		f
tubei	wilayah:kecamatan	f		f
tubo	wilayah:kecamatan	f		f
tubu	wilayah:kecamatan	f		f
tugala	wilayah:kecamatan	f		f
tugumulyo	wilayah:kecamatan	f		f
tuha	wilayah:kecamatan	f		f
tuhemberua	wilayah:kecamatan	f		f
tuhiba	wilayah:kecamatan	f		f
tuhup	wilayah:kecamatan	f		f
tukdana	wilayah:kecamatan	f		f
tukka	wilayah:kecamatan	f		f
tulakan	wilayah:kecamatan	f		f
tulangan	wilayah:kecamatan	f		f
tuleh	wilayah:kecamatan	f		f
tulin	wilayah:kecamatan	f		f
tumbelaka	orang:nama-keluarga	f		f
tumengkol	orang:nama-keluarga	f		f
tumijajar	wilayah:kecamatan	f		f
tuminting	wilayah:kecamatan	f		f
tumpaan	wilayah:kecamatan	f		f
tungkal	wilayah:kecamatan	f		f
tunjungan	wilayah:kecamatan	f		f
tunong	wilayah:kecamatan	f		f
tuntungan	wilayah:kecamatan	f		f
tupabbiring	wilayah:kecamatan	f		f
turatea	wilayah:kecamatan	f		f
turen	wilayah:kecamatan	f		f
turikale	wilayah:kecamatan	f		f
tutang	orang:nama-depan	f		f
tutar	wilayah:kecamatan	f		f
tutiharta	orang:nama-keluarga	f		f
tutui	wilayah:kecamatan	f		f
tutuyan	wilayah:kecamatan	f		f
tuwankotta	orang:nama-keluarga	f		f
ubahak	wilayah:kecamatan	f		f
ubaidillah	orang:nama-keluarga	f		f
ubalihi	wilayah:kecamatan	f		f
ubud	wilayah:kecamatan	f		f
udanawu	wilayah:kecamatan	f		f
ueesi	wilayah:kecamatan	f		f
uepai	wilayah:kecamatan	f		f
ugimba	wilayah:kecamatan	f		f
ugo	orang:nama-depan	f		f
ujan	wilayah:kecamatan	f		f
ujungberung	wilayah:kecamatan	f		f
ujungjaya	wilayah:kecamatan	f		f
ujungloe	wilayah:kecamatan	f		f
ujungpangkah	wilayah:kecamatan	f		f
ukar	wilayah:kecamatan	f		f
ukha	wilayah:kecamatan	f		f
uki	wilayah:kecamatan	f		f
ukikasah	orang:nama-keluarga	f		f
ukui	wilayah:kecamatan	f		f
ukun	orang:nama-depan	f		f
ulaweng	wilayah:kecamatan	f		f
ulee	wilayah:kecamatan	f		f
ulfa	orang:nama-keluarga	f		f
ulhaq	orang:nama-keluarga	f		f
ulilin	wilayah:kecamatan	f		f
ulim	wilayah:kecamatan	f		f
ulinnuha	orang:nama-keluarga	f		f
ulok	wilayah:kecamatan	f		f
uluan	wilayah:kecamatan	f		f
ulubongka	wilayah:kecamatan	f		f
uluere	wilayah:kecamatan	f		f
ulugawo	wilayah:kecamatan	f		f
uluiwoi	wilayah:kecamatan	f		f
ulujadi	wilayah:kecamatan	f		f
ulujami	wilayah:kecamatan	f		f
ulumanda	wilayah:kecamatan	f		f
ulumando	wilayah:kecamatan	f		f
ulunoyo	wilayah:kecamatan	f		f
ulususua	wilayah:kecamatan	f		f
umagi	wilayah:kecamatan	f		f
umalulu	wilayah:kecamatan	f		f
umam	orang:nama-keluarga	f		f
umamah	orang:nama-keluarga	f		f
umar	orang:nama-depan	f		f
umar	orang:nama-keluarga	f		f
umar	wilayah:kecamatan	f		f
umbulsari	wilayah:kecamatan	f		f
umbunasi	wilayah:kecamatan	f		f
ummu	orang:nama-depan	f		f
umpu	wilayah:kecamatan	f		f
una	wilayah:kabupaten-kota	f		f
una	wilayah:kecamatan	f		f
unaaha	wilayah:kecamatan	f		f
unang	orang:nama-keluarga	f		f
undaan	wilayah:kecamatan	f		f
ungaran	wilayah:kecamatan	f		f
unir	wilayah:kecamatan	f		f
uno	orang:nama-keluarga	f		f
untari	orang:nama-keluarga	f		f
unter	wilayah:kecamatan	f		f
unurum	wilayah:kecamatan	f		f
upi	orang:nama-depan	f		f
uram	wilayah:kecamatan	f		f
urbach	orang:nama-keluarga	f		f
urei	wilayah:kecamatan	f		f
usilimo	wilayah:kecamatan	f		f
usman	orang:nama-depan	f		f
usman	orang:nama-keluarga	f		f
usmani	orang:nama-keluarga	f		f
usu	wilayah:kecamatan	f		f
uswatun	orang:nama-depan	f		f
utami	orang:nama-depan	f		f
utomo	orang:nama-keluarga	f		f
uut	wilayah:kecamatan	f		f
uwapa	wilayah:kecamatan	f		f
uwung	wilayah:kecamatan	f		f
uya	wilayah:kecamatan	f		f
valencia	orang:nama-depan	f		f
valentina	orang:nama-depan	f		f
valentino	orang:nama-depan	f		f
valentinus	orang:nama-depan	f		f
valenza	orang:nama-keluarga	f		f
valerie	orang:nama-depan	f		f
valerina	orang:nama-depan	f		f
valery	orang:nama-keluarga	f		f
vandaria	orang:nama-depan	f		f
vanessa	orang:nama-depan	f		f
vania	orang:nama-depan	f		f
vania	orang:nama-keluarga	f		f
variella	orang:nama-keluarga	f		f
vasko	orang:nama-depan	f		f
veby	orang:nama-depan	f		f
vega	orang:nama-depan	f		f
vega	orang:nama-keluarga	f		f
vegarani	orang:nama-depan	f		f
vehrenica	orang:nama-keluarga	f		f
velda	orang:nama-depan	f		f
velisha	orang:nama-depan	f		f
vella	orang:nama-keluarga	f		f
venaha	wilayah:kecamatan	f		f
venna	orang:nama-keluarga	f		f
vera	orang:nama-depan	f		f
verawaty	orang:nama-depan	f		f
verbrugge	orang:nama-keluarga	f		f
verdonk	orang:nama-keluarga	f		f
verhoeven	orang:nama-keluarga	f		f
verna	orang:nama-depan	f		f
veronica	orang:nama-depan	f		f
veronika	orang:nama-depan	f		f
verrell	orang:nama-depan	f		f
very	orang:nama-depan	f		f
vic	orang:nama-depan	f		f
vicktor	orang:nama-depan	f		f
vicky	orang:nama-depan	f		f
victo	orang:nama-depan	f		f
victor	orang:nama-depan	f		f
victoria	orang:nama-depan	f		f
vidre	orang:nama-depan	f		f
vienna	orang:nama-depan	f		f
vierman	orang:nama-keluarga	f		f
vii	wilayah:kecamatan	f		f
viii	wilayah:kecamatan	f		f
vilia	orang:nama-depan	f		f
vincent	orang:nama-depan	f		f
vincentius	orang:nama-depan	f		f
vinny	orang:nama-depan	f		f
vio	orang:nama-depan	f		f
violina	orang:nama-depan	f		f
vioni	orang:nama-depan	f		f
virgiawan	orang:nama-depan	f		f
virni	orang:nama-depan	f		f
viska	orang:nama-keluarga	f		f
vita	orang:nama-depan	f		f
vitalis	orang:nama-depan	f		f
vitus	orang:nama-depan	f		f
vivi	orang:nama-depan	f		f
vivia	orang:nama-depan	f		f
vivian	orang:nama-depan	f		f
viviane	orang:nama-depan	f		f
vivien	orang:nama-depan	f		f
vos	orang:nama-keluarga	f		f
vyola	orang:nama-keluarga	f		f
waan	wilayah:kecamatan	f		f
waas	orang:nama-keluarga	f		f
wabula	wilayah:kecamatan	f		f
wadaga	wilayah:kecamatan	f		f
wadangku	wilayah:kecamatan	f		f
wadaslintang	wilayah:kecamatan	f		f
wado	wilayah:kecamatan	f		f
wae	wilayah:kecamatan	f		f
waeapo	wilayah:kecamatan	f		f
waegi	wilayah:kecamatan	f		f
waelata	wilayah:kecamatan	f		f
waesama	wilayah:kecamatan	f		f
wagir	wilayah:kecamatan	f		f
wahab	orang:nama-keluarga	f		f
wahau	wilayah:kecamatan	f		f
wahhāb	orang:nama-depan	f		f
wahjudi	orang:nama-depan	f		f
wahjudi	orang:nama-keluarga	f		f
wahono	orang:nama-keluarga	f		f
wahyuni	orang:nama-keluarga	f		f
wahyuningrum	orang:nama-keluarga	f		f
waiblama	wilayah:kecamatan	f		f
waibu	wilayah:kecamatan	f		f
waigeo	wilayah:kecamatan	f		f
waigete	wilayah:kecamatan	f		f
waijelu	wilayah:kecamatan	f		f
waikabubak	wilayah:kecamatan	f		f
waingapu	wilayah:kecamatan	f		f
waisai	wilayah:kecamatan	f		f
wajak	wilayah:kecamatan	f		f
wakate	wilayah:kecamatan	f		f
wakorumba	wilayah:kecamatan	f		f
wakuwo	wilayah:kecamatan	f		f
walaik	wilayah:kecamatan	f		f
walandouw	orang:nama-keluarga	f		f
walantaka	wilayah:kecamatan	f		f
walea	wilayah:kecamatan	f		f
waled	wilayah:kecamatan	f		f
walelagama	wilayah:kecamatan	f		f
walenrang	wilayah:kecamatan	f		f
walma	wilayah:kecamatan	f		f
walsh	orang:nama-keluarga	f		f
walter	orang:nama-depan	f		f
waluran	wilayah:kecamatan	f		f
wambulu	wilayah:kecamatan	f		f
wame	wilayah:kecamatan	f		f
wamena	wilayah:kecamatan	f		f
wamesa	wilayah:kecamatan	f		f
wampu	wilayah:kecamatan	f		f
wan	orang:nama-depan	f		f
wanadadi	wilayah:kecamatan	f		f
wanaraja	wilayah:kecamatan	f		f
wanaraya	wilayah:kecamatan	f		f
wanareja	wilayah:kecamatan	f		f
wanasaba	wilayah:kecamatan	f		f
wanasalam	wilayah:kecamatan	f		f
wanasari	wilayah:kecamatan	f		f
wanayasa	wilayah:kecamatan	f		f
wandai	wilayah:kecamatan	f		f
wandry	orang:nama-depan	f		f
wanea	wilayah:kecamatan	f		f
wangbe	wilayah:kecamatan	f		f
wanggai	orang:nama-keluarga	f		f
wanggar	wilayah:kecamatan	f		f
wanggarasi	wilayah:kecamatan	f		f
wangon	wilayah:kecamatan	f		f
wania	wilayah:kecamatan	f		f
wano	wilayah:kecamatan	f		f
wanokaka	wilayah:kecamatan	f		f
wanwi	wilayah:kecamatan	f		f
waplau	wilayah:kecamatan	f		f
wapoga	wilayah:kecamatan	f		f
wardana	orang:nama-keluarga	f		f
wardani	orang:nama-keluarga	f		f
wardoyo	orang:nama-keluarga	f		f
waren	wilayah:kecamatan	f		f
waringinkurung	wilayah:kecamatan	f		f
warining	orang:nama-depan	f		f
warkuk	wilayah:kecamatan	f		f
warman	orang:nama-keluarga	f		f
warmare	wilayah:kecamatan	f		f
waropko	wilayah:kecamatan	f		f
warouw	orang:nama-keluarga	f		f
warren	orang:nama-depan	f		f
warren	orang:nama-keluarga	f		f
wartutin	wilayah:kecamatan	f		f
warudoyong	wilayah:kecamatan	f		f
warungasem	wilayah:kecamatan	f		f
warunggunung	wilayah:kecamatan	f		f
warungkiara	wilayah:kecamatan	f		f
warungkondang	wilayah:kecamatan	f		f
warungpring	wilayah:kecamatan	f		f
warureja	wilayah:kecamatan	f		f
warwarbomi	wilayah:kecamatan	f		f
wasile	wilayah:kecamatan	f		f
wasior	wilayah:kecamatan	f		f
wasirawi	wilayah:kecamatan	f		f
wasuponda	wilayah:kecamatan	f		f
wates	wilayah:kecamatan	f		f
wati	orang:nama-keluarga	f		f
watopute	wilayah:kecamatan	f		f
watson	orang:nama-keluarga	f		f
wattimena	orang:nama-keluarga	f		f
watubangga	wilayah:kecamatan	f		f
watukumpul	wilayah:kecamatan	f		f
watulimo	wilayah:kecamatan	f		f
watumalang	wilayah:kecamatan	f		f
watunohu	wilayah:kecamatan	f		f
waway	wilayah:kecamatan	f		f
wawo	wilayah:kecamatan	f		f
wawolesea	wilayah:kecamatan	f		f
wawonii	wilayah:kecamatan	f		f
waworuntu	orang:nama-keluarga	f		f
wawotobi	wilayah:kecamatan	f		f
way	wilayah:kabupaten-kota	f		f
way	wilayah:kecamatan	f		f
waya	wilayah:kecamatan	f		f
wayer	wilayah:kecamatan	f		f
wayne	orang:nama-depan	f		f
wear	orang:nama-keluarga	f		f
wedarijaksa	wilayah:kecamatan	f		f
wedi	wilayah:kecamatan	f		f
wedung	wilayah:kecamatan	f		f
wega	orang:nama-depan	f		f
wegee	wilayah:kecamatan	f		f
weime	wilayah:kecamatan	f		f
welahan	wilayah:kecamatan	f		f
welak	wilayah:kecamatan	f		f
welarek	wilayah:kecamatan	f		f
weleri	wilayah:kecamatan	f		f
welesi	wilayah:kecamatan	f		f
weliman	wilayah:kecamatan	f		f
wemak	wilayah:kecamatan	f		f
wen	orang:nama-depan	f		f
wenam	wilayah:kecamatan	f		f
wenas	orang:nama-keluarga	f		f
wenda	orang:nama-keluarga	f		f
wendy	orang:nama-depan	f		f
weng	orang:nama-depan	f		f
weni	orang:nama-depan	f		f
wening	orang:nama-depan	f		f
wenjiao	orang:nama-depan	f		f
wenny	orang:nama-depan	f		f
wera	wilayah:kecamatan	f		f
wereka	wilayah:kecamatan	f		f
weriagar	wilayah:kecamatan	f		f
werima	wilayah:kecamatan	f		f
werinama	wilayah:kecamatan	f		f
wermaktian	wilayah:kecamatan	f		f
wertamrian	wilayah:kecamatan	f		f
weru	wilayah:kecamatan	f		f
wesaput	wilayah:kecamatan	f		f
wetan	wilayah:kecamatan	f		f
wetang	wilayah:kecamatan	f		f
wetar	wilayah:kecamatan	f		f
wewaria	wilayah:kecamatan	f		f
wewewa	wilayah:kecamatan	f		f
wewiku	wilayah:kecamatan	f		f
whardana	orang:nama-keluarga	f		f
white	orang:nama-keluarga	f		f
wibowo	orang:nama-keluarga	f		f
wicaksono	orang:nama-keluarga	f		f
wida	wilayah:kecamatan	f		f
widang	wilayah:kecamatan	f		f
widasari	wilayah:kecamatan	f		f
widayat	orang:nama-keluarga	f		f
widia	orang:nama-depan	f		f
widianto	orang:nama-keluarga	f		f
widiastuti	orang:nama-keluarga	f		f
widiowati	orang:nama-keluarga	f		f
widjaja	orang:nama-keluarga	f		f
widjajanto	orang:nama-keluarga	f		f
widjanarko	orang:nama-keluarga	f		f
widodaren	wilayah:kecamatan	f		f
widodo	orang:nama-depan	f		f
widodo	orang:nama-keluarga	f		f
widya	orang:nama-depan	f		f
widyaningrum	orang:nama-keluarga	f		f
widyanto	orang:nama-keluarga	f		f
wie	orang:nama-depan	f		f
wiemans	orang:nama-keluarga	f		f
wiempie	orang:nama-depan	f		f
wiesje	orang:nama-depan	f		f
wifqi	orang:nama-depan	f		f
wiguna	orang:nama-keluarga	f		f
wiharjo	orang:nama-keluarga	f		f
wija	orang:nama-keluarga	f		f
wijaksana	orang:nama-keluarga	f		f
wijayanto	orang:nama-keluarga	f		f
wikajaya	orang:nama-keluarga	f		f
wilangan	wilayah:kecamatan	f		f
wild	orang:nama-keluarga	f		f
wildan	orang:nama-depan	f		f
wildan	orang:nama-keluarga	f		f
wilhelm	orang:nama-depan	f		f
wilhem	wilayah:kecamatan	f		f
willani	orang:nama-depan	f		f
willem	orang:nama-depan	f		f
william	orang:nama-depan	f		f
william	orang:nama-keluarga	f		f
willianto	orang:nama-keluarga	f		f
willie	orang:nama-depan	f		f
willy	orang:nama-depan	f		f
wilson	orang:nama-keluarga	f		f
wim	orang:nama-depan	f		f
wimar	orang:nama-depan	f		f
wina	wilayah:kecamatan	f		f
winarto	orang:nama-keluarga	f		f
winata	orang:nama-keluarga	f		f
winda	orang:nama-depan	f		f
windarto	orang:nama-keluarga	f		f
windesi	wilayah:kecamatan	f		f
windiasari	orang:nama-keluarga	f		f
windusari	wilayah:kecamatan	f		f
windy	orang:nama-depan	f		f
winny	orang:nama-depan	f		f
winong	wilayah:kecamatan	f		f
winongan	wilayah:kecamatan	f		f
winoto	orang:nama-keluarga	f		f
winson	orang:nama-depan	f		f
winston	orang:nama-depan	f		f
wiradesa	wilayah:kecamatan	f		f
wirahadikusumah	orang:nama-keluarga	f		f
wiranata	orang:nama-keluarga	f		f
wiranto	orang:nama-keluarga	f		f
wiratama	orang:nama-keluarga	f		f
wiratni	orang:nama-depan	f		f
wiraya	orang:nama-keluarga	f		f
wiringgambut	wilayah:kecamatan	f		f
wirjawan	orang:nama-keluarga	f		f
wirosari	wilayah:kecamatan	f		f
wiryawan	orang:nama-keluarga	f		f
wirz	orang:nama-keluarga	f		f
wis	wilayah:kecamatan	f		f
wisaksono	orang:nama-keluarga	f		f
wita	wilayah:kecamatan	f		f
witihama	wilayah:kecamatan	f		f
witjaksono	orang:nama-keluarga	f		f
wiwiek	orang:nama-depan	f		f
wiwirano	wilayah:kecamatan	f		f
wiwis	orang:nama-depan	f		f
wiyanti	orang:nama-keluarga	f		f
wiyatno	orang:nama-keluarga	f		f
wiyung	wilayah:kecamatan	f		f
wjayanti	orang:nama-keluarga	f		f
wlingi	wilayah:kecamatan	f		f
woesthoff	orang:nama-keluarga	f		f
woge	orang:nama-keluarga	f		f
woha	wilayah:kecamatan	f		f
woja	wilayah:kecamatan	f		f
wolasi	wilayah:kecamatan	f		f
wolio	wilayah:kecamatan	f		f
wolo	wilayah:kecamatan	f		f
wolojita	wilayah:kecamatan	f		f
wolomeze	wilayah:kecamatan	f		f
wolowa	wilayah:kecamatan	f		f
wolowae	wilayah:kecamatan	f		f
wolowaru	wilayah:kecamatan	f		f
wolters	orang:nama-keluarga	f		f
wonawa	wilayah:kecamatan	f		f
wondama	wilayah:kabupaten-kota	f		f
wondiboy	wilayah:kecamatan	f		f
wondra	orang:nama-keluarga	f		f
wonggeduku	wilayah:kecamatan	f		f
wongkar	orang:nama-depan	f		f
wongkar	orang:nama-keluarga	f		f
wongsorejo	wilayah:kecamatan	f		f
woniki	wilayah:kecamatan	f		f
wonoasih	wilayah:kecamatan	f		f
wonoasri	wilayah:kecamatan	f		f
wonoayu	wilayah:kecamatan	f		f
wonoboyo	wilayah:kecamatan	f		f
wonocolo	wilayah:kecamatan	f		f
wonodadi	wilayah:kecamatan	f		f
wonokerto	wilayah:kecamatan	f		f
wonokromo	wilayah:kecamatan	f		f
wonomerto	wilayah:kecamatan	f		f
wonomulyo	wilayah:kecamatan	f		f
wonopringgo	wilayah:kecamatan	f		f
wonorejo	wilayah:kecamatan	f		f
wonosalam	wilayah:kecamatan	f		f
wonosamodro	wilayah:kecamatan	f		f
wonosari	wilayah:kecamatan	f		f
wonosegoro	wilayah:kecamatan	f		f
wonotirto	wilayah:kecamatan	f		f
wonotunggal	wilayah:kecamatan	f		f
wonti	wilayah:kecamatan	f		f
wori	wilayah:kecamatan	f		f
wosak	wilayah:kecamatan	f		f
wotan	wilayah:kecamatan	f		f
wotu	wilayah:kecamatan	f		f
wouma	wilayah:kecamatan	f		f
woyla	wilayah:kecamatan	f		f
wringin	wilayah:kecamatan	f		f
wringinanom	wilayah:kecamatan	f		f
wua	wilayah:kecamatan	f		f
wuar	wilayah:kecamatan	f		f
wugi	wilayah:kecamatan	f		f
wuisan	orang:nama-keluarga	f		f
wulanda	orang:nama-keluarga	f		f
wulandari	orang:nama-keluarga	f		f
wulandoni	wilayah:kecamatan	f		f
wulanggitang	wilayah:kecamatan	f		f
wulansari	orang:nama-keluarga	f		f
wulla	wilayah:kecamatan	f		f
wuluhan	wilayah:kecamatan	f		f
wundulako	wilayah:kecamatan	f		f
wunim	wilayah:kecamatan	f		f
wuryantoro	wilayah:kecamatan	f		f
wusama	wilayah:kecamatan	f		f
wusi	wilayah:kecamatan	f		f
wutpaga	wilayah:kecamatan	f		f
wutung	wilayah:kecamatan	f		f
wénzhèng	orang:nama-depan	f		f
xaverius	orang:nama-depan	f		f
xavier	orang:nama-depan	f		f
xie	orang:nama-keluarga	f		f
xiii	wilayah:kecamatan	f		f
xiv	wilayah:kecamatan	f		f
xue	orang:nama-depan	f		f
xvi	wilayah:kecamatan	f		f
xxiv	wilayah:kecamatan	f		f
yacob	orang:nama-keluarga	f		f
yadin	orang:nama-keluarga	f		f
yaffi	wilayah:kecamatan	f		f
yagai	wilayah:kecamatan	f		f
yahuliambut	wilayah:kecamatan	f		f
yahya	orang:nama-depan	f		f
yahya	orang:nama-keluarga	f		f
yakomi	wilayah:kecamatan	f		f
yakov	orang:nama-depan	f		f
yakup	orang:nama-depan	f		f
yal	wilayah:kecamatan	f		f
yalengga	wilayah:kecamatan	f		f
yalma	wilayah:kecamatan	f		f
yambi	wilayah:kecamatan	f		f
yameen	orang:nama-keluarga	f		f
yamin	orang:nama-keluarga	f		f
yamo	wilayah:kecamatan	f		f
yamoneri	wilayah:kecamatan	f		f
yamor	wilayah:kecamatan	f		f
yan	orang:nama-depan	f		f
yana	orang:nama-depan	f		f
yani	orang:nama-depan	f		f
yani	orang:nama-keluarga	f		f
yaniruma	wilayah:kecamatan	f		f
yanti	orang:nama-depan	f		f
yantoni	orang:nama-depan	f		f
yanu	orang:nama-depan	f		f
yap	orang:nama-keluarga	f		f
yapen	wilayah:kabupaten-kota	f		f
yapen	wilayah:kecamatan	f		f
yapsi	wilayah:kecamatan	f		f
yaro	wilayah:kecamatan	f		f
yasin	orang:nama-depan	f		f
yasmine	orang:nama-depan	f		f
yasnita	orang:nama-depan	f		f
yatamo	wilayah:kecamatan	f		f
yaur	wilayah:kecamatan	f		f
yave	orang:nama-depan	f		f
yawakukat	wilayah:kecamatan	f		f
yawosi	wilayah:kecamatan	f		f
yayuk	orang:nama-depan	f		f
yedija	orang:nama-depan	f		f
yehezkiel	orang:nama-depan	f		f
yembun	wilayah:kecamatan	f		f
yendidori	wilayah:kecamatan	f		f
yenggelo	wilayah:kecamatan	f		f
yeni	orang:nama-depan	f		f
yenny	orang:nama-depan	f		f
yeremia	orang:nama-depan	f		f
yerui	wilayah:kecamatan	f		f
yevgeni	orang:nama-depan	f		f
yigi	wilayah:kecamatan	f		f
yiginua	wilayah:kecamatan	f		f
yiluk	wilayah:kecamatan	f		f
yoan	orang:nama-depan	f		f
yoel	orang:nama-depan	f		f
yogosem	wilayah:kecamatan	f		f
yohan	orang:nama-depan	f		f
yohana	orang:nama-depan	f		f
yohanes	orang:nama-depan	f		f
yohanna	orang:nama-depan	f		f
yohanna	orang:nama-keluarga	f		f
yok	orang:nama-depan	f		f
yokari	wilayah:kecamatan	f		f
yolanda	orang:nama-depan	f		f
yonatan	orang:nama-depan	f		f
yonathan	orang:nama-depan	f		f
yong	orang:nama-keluarga	f		f
yoriko	orang:nama-depan	f		f
yoseph	orang:nama-depan	f		f
yosephine	orang:nama-depan	f		f
yoshua	orang:nama-depan	f		f
yosowilangun	wilayah:kecamatan	f		f
yossi	orang:nama-depan	f		f
yossy	orang:nama-depan	f		f
young	orang:nama-keluarga	f		f
youtadi	wilayah:kecamatan	f		f
yovandika	orang:nama-depan	f		f
yuanda	orang:nama-keluarga	f		f
yudha	orang:nama-depan	f		f
yudhoyono	orang:nama-keluarga	f		f
yudi	orang:nama-depan	f		f
yudistira	orang:nama-keluarga	f		f
yuen	orang:nama-depan	f		f
yugumuak	wilayah:kecamatan	f		f
yugungwi	wilayah:kecamatan	f		f
yuke	orang:nama-depan	f		f
yuko	wilayah:kecamatan	f		f
yulan	orang:nama-depan	f		f
yulfira	orang:nama-depan	f		f
yuli	orang:nama-depan	f		f
yulia	orang:nama-depan	f		f
yulian	orang:nama-depan	f		f
yuliana	orang:nama-keluarga	f		f
yuliani	orang:nama-depan	f		f
yulianti	orang:nama-keluarga	f		f
yulianto	orang:nama-keluarga	f		f
yuliar	orang:nama-depan	f		f
yuliarto	orang:nama-keluarga	f		f
yunardi	orang:nama-depan	f		f
yuneri	wilayah:kecamatan	f		f
yuni	orang:nama-depan	f		f
yuniang	orang:nama-depan	f		f
yuniar	orang:nama-keluarga	f		f
yunita	orang:nama-depan	f		f
yunita	orang:nama-keluarga	f		f
yunus	orang:nama-depan	f		f
yunus	orang:nama-keluarga	f		f
yusfin	orang:nama-depan	f		f
yusni	orang:nama-depan	f		f
yusri	orang:nama-depan	f		f
yusrizal	orang:nama-depan	f		f
yussif	orang:nama-keluarga	f		f
yustin	orang:nama-depan	f		f
yustina	orang:nama-depan	f		f
yusuf	orang:nama-depan	f		f
yusuf	orang:nama-keluarga	f		f
yuswandari	orang:nama-keluarga	f		f
yuwono	orang:nama-keluarga	f		f
yves	orang:nama-depan	f		f
yvonne	orang:nama-depan	f		f
zachariah	orang:nama-depan	f		f
zaenudin	orang:nama-keluarga	f		f
zahara	orang:nama-keluarga	f		f
zahra	orang:nama-depan	f		f
zahra	orang:nama-keluarga	f		f
zahrania	orang:nama-depan	f		f
zahroh	orang:nama-depan	f		f
zahrul	orang:nama-depan	f		f
zaidan	orang:nama-depan	f		f
zailani	orang:nama-keluarga	f		f
zain	orang:nama-depan	f		f
zain	orang:nama-keluarga	f		f
zain	wilayah:kecamatan	f		f
zainab	orang:nama-depan	f		f
zaini	orang:nama-depan	f		f
zainuddin	orang:nama-depan	f		f
zakaria	orang:nama-depan	f		f
zakaria	orang:nama-keluarga	f		f
zaki	orang:nama-depan	f		f
zakia	orang:nama-depan	f		f
zakir	orang:nama-keluarga	f		f
zaky	orang:nama-keluarga	f		f
zalfa	orang:nama-depan	f		f
zamel	orang:nama-keluarga	f		f
zanati	orang:nama-keluarga	f		f
zara	orang:nama-depan	f		f
zarkasyi	orang:nama-keluarga	f		f
zayn	orang:nama-keluarga	f		f
zed	orang:nama-depan	f		f
zefanya	orang:nama-depan	f		f
zefanya	orang:nama-keluarga	f		f
zegerius	orang:nama-keluarga	f		f
zein	orang:nama-keluarga	f		f
zelda	orang:nama-depan	f		f
zelin	orang:nama-depan	f		f
zell	orang:nama-keluarga	f		f
zeng	orang:nama-keluarga	f		f
zerlina	orang:nama-depan	f		f
zerlina	orang:nama-keluarga	f		f
zhang	orang:nama-keluarga	f		f
zhao	orang:nama-keluarga	f		f
zheng	orang:nama-keluarga	f		f
zhong	orang:nama-keluarga	f		f
zhu	orang:nama-keluarga	f		f
zia	orang:nama-depan	f		f
zidane	orang:nama-depan	f		f
zijlstra	orang:nama-keluarga	f		f
zita	orang:nama-depan	f		f
zita	orang:nama-keluarga	f		f
ziva	orang:nama-depan	f		f
zoe	orang:nama-depan	f		f
zomers	orang:nama-keluarga	f		f
zora	orang:nama-depan	f		f
zoya	orang:nama-depan	f		f
zsa	orang:nama-depan	f		f
zsazsa	orang:nama-depan	f		f
zsuzsi	orang:nama-depan	f		f
zuber	orang:nama-keluarga	f		f
zulham	orang:nama-depan	f		f
zulkarnain	orang:nama-depan	f		f
zulkifli	orang:nama-depan	f		f
zuzana	orang:nama-depan	f		f
àbduh	orang:nama-depan	f		f
émilie	orang:nama-depan	f		f
ʻabd	orang:nama-depan	f		f
ʿabd	orang:nama-depan	f		f
ṣamad	orang:nama-depan	f		f
abdi	orang:nama-depan	t	Nomina	f
abdul	orang:nama-depan	t		f
abdul	orang:nama-keluarga	t		f
abidin	orang:nama-depan	t	Nomina	f
abidin	orang:nama-keluarga	t	Nomina	f
abrar	orang:nama-depan	t	Adjektiva	f
abu	orang:nama-depan	t	Nomina	f
aceh	wilayah:kabupaten-kota	t	Nomina	f
aceh	wilayah:kecamatan	t	Nomina	f
aceh	wilayah:provinsi	t	Nomina	f
adam	orang:nama-depan	t	Nomina	f
adam	orang:nama-keluarga	t	Nomina	f
adinda	orang:nama-depan	t	Nomina	f
adnan	orang:nama-depan	t	Nomina	f
adnan	orang:nama-keluarga	t	Nomina	f
afiat	orang:nama-depan	t	Adjektiva	f
agam	orang:nama-depan	t	Adjektiva	f
agam	wilayah:kabupaten-kota	t	Adjektiva	f
agung	orang:nama-depan	t	Adjektiva	f
agung	orang:nama-keluarga	t	Adjektiva	f
agung	wilayah:kecamatan	t	Adjektiva	f
agus	orang:nama-depan	t	Nomina	f
agus	orang:nama-keluarga	t	Nomina	f
ahsan	orang:nama-keluarga	t	Adjektiva	f
aji	orang:nama-depan	t	Adjektiva	f
aji	wilayah:kecamatan	t	Adjektiva	f
akbar	orang:nama-depan	t	Adjektiva	f
akbar	orang:nama-keluarga	t	Adjektiva	f
akli	orang:nama-depan	t	Adjektiva	f
akmal	orang:nama-depan	t	Adjektiva	f
alam	orang:nama-keluarga	t		f
alam	wilayah:kabupaten-kota	t		f
alam	wilayah:kecamatan	t		f
ali	orang:nama-depan	t	Verba	f
ali	orang:nama-keluarga	t	Verba	f
alif	orang:nama-depan	t	Nomina	f
alim	orang:nama-depan	t	Adjektiva	f
alim	orang:nama-keluarga	t	Adjektiva	f
alin	orang:nama-depan	t	Verba	f
alis	orang:nama-depan	t	Nomina	f
alor	wilayah:kabupaten-kota	t	Nomina	f
alor	wilayah:kecamatan	t	Nomina	f
amal	orang:nama-depan	t	Nomina	f
amal	orang:nama-keluarga	t	Nomina	f
aman	orang:nama-depan	t	Adjektiva	f
aman	wilayah:kecamatan	t	Adjektiva	f
amar	orang:nama-depan	t	Nomina	f
amar	wilayah:kecamatan	t	Nomina	f
amat	orang:nama-keluarga	t	Adverbia	f
ambon	wilayah:kabupaten-kota	t	Nomina	f
ambon	wilayah:kecamatan	t	Nomina	f
ami	orang:nama-depan	t	Adjektiva	f
amin	orang:nama-depan	t	Partikel	f
amin	orang:nama-keluarga	t	Partikel	f
amina	orang:nama-depan	t	Nomina	f
amir	orang:nama-depan	t	Nomina	f
ampat	wilayah:kabupaten-kota	t		f
amril	orang:nama-depan	t	Nomina	f
ana	orang:nama-depan	t	Nomina	f
ananda	orang:nama-depan	t	Nomina	f
anda	orang:nama-depan	t	Pronomina	f
andika	orang:nama-depan	t	Nomina	f
angel	orang:nama-depan	t	Adjektiva	f
angga	orang:nama-depan	t	Verba	f
anggai	orang:nama-keluarga	t	Nomina	f
anggun	orang:nama-depan	t		f
angkur	orang:nama-keluarga	t	Nomina	f
ani	orang:nama-depan	t	Nomina	f
anis	orang:nama-depan	t	Nomina	f
anis	orang:nama-keluarga	t	Nomina	f
ansari	orang:nama-keluarga	t	Nomina	f
april	orang:nama-depan	t	Nomina	f
aras	orang:nama-depan	t	Adjektiva	f
ardi	orang:nama-depan	t	Nomina	f
ardi	orang:nama-keluarga	t	Nomina	f
ari	orang:nama-depan	t	Nomina	f
aria	orang:nama-depan	t	Nomina	f
aries	orang:nama-depan	t	Nomina	f
arif	orang:nama-depan	t	Adjektiva	f
arif	orang:nama-keluarga	t	Adjektiva	f
arifin	orang:nama-keluarga	t	Nomina	f
aris	orang:nama-depan	t	Nomina	f
aru	wilayah:kabupaten-kota	t	Nomina	f
aru	wilayah:kecamatan	t	Nomina	f
arya	orang:nama-depan	t	Nomina	f
asad	orang:nama-depan	t	Nomina	f
asahan	wilayah:kabupaten-kota	t	Nomina	f
askar	orang:nama-keluarga	t	Nomina	f
asma	orang:nama-depan	t	Nomina	f
asmara	orang:nama-depan	t	Nomina	f
asmat	wilayah:kabupaten-kota	t	Nomina	f
asri	orang:nama-depan	t		f
atresia	orang:nama-depan	t	Nomina	f
aulia	orang:nama-depan	t	Nomina	f
aulia	orang:nama-keluarga	t	Nomina	f
aura	orang:nama-depan	t	Nomina	f
aurora	orang:nama-depan	t	Nomina	f
aurum	orang:nama-depan	t	Nomina	f
ayat	orang:nama-depan	t	Nomina	f
ayat	orang:nama-keluarga	t	Nomina	f
ayu	orang:nama-depan	t	Adjektiva	f
ayu	orang:nama-keluarga	t	Adjektiva	f
aziz	orang:nama-depan	t	Adjektiva	f
badung	wilayah:kabupaten-kota	t	Nomina	f
bagas	orang:nama-depan	t	Adjektiva	f
bagian	wilayah:kabupaten-kota	t	Nomina	f
bagian	wilayah:kecamatan	t	Nomina	f
bagus	orang:nama-depan	t	Adjektiva	f
bagus	orang:nama-keluarga	t	Adjektiva	f
bahar	orang:nama-keluarga	t	Nomina	f
bahar	wilayah:kecamatan	t	Nomina	f
bakar	orang:nama-depan	t	Verba	f
bakar	orang:nama-keluarga	t	Verba	f
balai	wilayah:kabupaten-kota	t	Nomina	f
balai	wilayah:kecamatan	t	Nomina	f
balangan	wilayah:kabupaten-kota	t	Nomina	f
bali	wilayah:provinsi	t	Nomina	f
balikpapan	wilayah:kabupaten-kota	t	Nomina	f
balikpapan	wilayah:kecamatan	t	Nomina	f
bambang	orang:nama-depan	t	Adjektiva	f
bambang	wilayah:kecamatan	t	Adjektiva	f
banda	wilayah:kabupaten-kota	t	Nomina	f
banda	wilayah:kecamatan	t	Nomina	f
bandar	orang:nama-depan	t	Nomina	f
bandar	wilayah:kabupaten-kota	t	Nomina	f
bandar	wilayah:kecamatan	t	Nomina	f
bando	orang:nama-depan	t	Nomina	f
bandung	wilayah:kabupaten-kota	t	Nomina	f
bandung	wilayah:kecamatan	t	Nomina	f
banggai	wilayah:kabupaten-kota	t	Nomina	f
banggai	wilayah:kecamatan	t	Nomina	f
bangka	wilayah:kabupaten-kota	t		f
bangka	wilayah:kecamatan	t		f
bangka	wilayah:provinsi	t		f
bangkalan	wilayah:kabupaten-kota	t	Nomina	f
bangkalan	wilayah:kecamatan	t	Nomina	f
bangli	wilayah:kabupaten-kota	t	Nomina	f
bangli	wilayah:kecamatan	t	Nomina	f
banjar	wilayah:kabupaten-kota	t	Nomina	f
banjar	wilayah:kecamatan	t	Nomina	f
banjarbaru	wilayah:kabupaten-kota	t	Nomina	f
banjarbaru	wilayah:kecamatan	t	Nomina	f
banjarmasin	wilayah:kabupaten-kota	t	Nomina	f
banjarmasin	wilayah:kecamatan	t	Nomina	f
banjarnegara	wilayah:kabupaten-kota	t	Nomina	f
banjarnegara	wilayah:kecamatan	t	Nomina	f
bantaeng	wilayah:kabupaten-kota	t	Nomina	f
bantaeng	wilayah:kecamatan	t	Nomina	f
bantul	wilayah:kabupaten-kota	t	Nomina	f
bantul	wilayah:kecamatan	t	Nomina	f
banyuasin	wilayah:kabupaten-kota	t	Nomina	f
banyuasin	wilayah:kecamatan	t	Nomina	f
banyumas	wilayah:kabupaten-kota	t	Nomina	f
banyumas	wilayah:kecamatan	t	Nomina	f
banyuwangi	wilayah:kabupaten-kota	t	Nomina	f
banyuwangi	wilayah:kecamatan	t	Nomina	f
bara	orang:nama-keluarga	t	Nomina	f
bara	wilayah:kabupaten-kota	t	Nomina	f
bara	wilayah:kecamatan	t	Nomina	f
barat	wilayah:kabupaten-kota	t		f
barat	wilayah:kecamatan	t		f
barat	wilayah:provinsi	t		f
baron	orang:nama-depan	t	Nomina	f
baron	orang:nama-keluarga	t	Nomina	f
baron	wilayah:kecamatan	t	Nomina	f
barru	wilayah:kabupaten-kota	t	Nomina	f
barru	wilayah:kecamatan	t	Nomina	f
baru	orang:nama-keluarga	t	Adjektiva	f
baru	wilayah:kecamatan	t	Adjektiva	f
basir	orang:nama-depan	t	Adjektiva	f
batam	wilayah:kabupaten-kota	t	Nomina	f
batam	wilayah:kecamatan	t	Nomina	f
batang	wilayah:kabupaten-kota	t	Nomina	f
batang	wilayah:kecamatan	t	Nomina	f
batari	orang:nama-keluarga	t	Nomina	f
batu	wilayah:kabupaten-kota	t	Nomina	f
batu	wilayah:kecamatan	t	Nomina	f
bau	wilayah:kabupaten-kota	t	Nomina	f
baun	orang:nama-keluarga	t	Nomina	f
baun	wilayah:kecamatan	t	Nomina	f
bawang	wilayah:kabupaten-kota	t	Nomina	f
bawang	wilayah:kecamatan	t	Nomina	f
bayu	orang:nama-depan	t	Nomina	f
bayu	wilayah:kecamatan	t	Nomina	f
bekasi	wilayah:kabupaten-kota	t	Nomina	f
bekasi	wilayah:kecamatan	t	Nomina	f
belitung	wilayah:kabupaten-kota	t	Nomina	f
belitung	wilayah:provinsi	t	Nomina	f
belu	wilayah:kabupaten-kota	t	Verba	f
belu	wilayah:kecamatan	t	Verba	f
bengkalis	wilayah:kabupaten-kota	t	Nomina	f
bengkalis	wilayah:kecamatan	t	Nomina	f
bengkayang	wilayah:kabupaten-kota	t	Adjektiva	f
bengkayang	wilayah:kecamatan	t	Adjektiva	f
bengkulu	wilayah:kabupaten-kota	t	Nomina	f
bengkulu	wilayah:provinsi	t	Nomina	f
beni	orang:nama-depan	t	Nomina	f
bening	orang:nama-depan	t	Adjektiva	f
berau	wilayah:kabupaten-kota	t	Nomina	f
berlian	orang:nama-depan	t	Nomina	f
berlian	orang:nama-keluarga	t	Nomina	f
besar	orang:nama-depan	t	Adjektiva	f
besar	wilayah:kabupaten-kota	t	Adjektiva	f
besar	wilayah:kecamatan	t	Adjektiva	f
biak	wilayah:kabupaten-kota	t	Verba	f
biak	wilayah:kecamatan	t	Verba	f
bima	wilayah:kabupaten-kota	t	Nomina	f
binar	orang:nama-depan	t	Nomina	f
binjai	wilayah:kabupaten-kota	t	Nomina	f
binjai	wilayah:kecamatan	t	Nomina	f
bintan	wilayah:kabupaten-kota	t	Nomina	f
bintan	wilayah:kecamatan	t	Nomina	f
bintang	orang:nama-keluarga	t	Nomina	f
bintang	wilayah:kabupaten-kota	t	Nomina	f
bintang	wilayah:kecamatan	t	Nomina	f
bireuen	wilayah:kabupaten-kota	t	Nomina	f
bitung	wilayah:kabupaten-kota	t	Nomina	f
bitung	wilayah:kecamatan	t	Nomina	f
blitar	wilayah:kabupaten-kota	t	Nomina	f
blora	wilayah:kabupaten-kota	t	Nomina	f
blora	wilayah:kecamatan	t	Nomina	f
boalemo	wilayah:kabupaten-kota	t	Nomina	f
bodhi	orang:nama-depan	t	Nomina	f
bogor	wilayah:kabupaten-kota	t	Nomina	f
bogor	wilayah:kecamatan	t	Nomina	f
bojonegoro	wilayah:kabupaten-kota	t	Nomina	f
bojonegoro	wilayah:kecamatan	t	Nomina	f
bombana	wilayah:kabupaten-kota	t	Nomina	f
bondowoso	wilayah:kabupaten-kota	t	Nomina	f
bondowoso	wilayah:kecamatan	t	Nomina	f
bone	wilayah:kabupaten-kota	t	Nomina	f
bone	wilayah:kecamatan	t	Nomina	f
bontang	wilayah:kabupaten-kota	t	Nomina	f
bontang	wilayah:kecamatan	t	Nomina	f
boyolali	wilayah:kabupaten-kota	t	Nomina	f
boyolali	wilayah:kecamatan	t	Nomina	f
brebes	wilayah:kabupaten-kota	t	Nomina	f
brebes	wilayah:kecamatan	t	Nomina	f
budi	orang:nama-depan	t	Nomina	f
budi	orang:nama-keluarga	t	Nomina	f
budiman	orang:nama-keluarga	t	Nomina	f
bukit	orang:nama-keluarga	t	Nomina	f
bukit	wilayah:kecamatan	t	Nomina	f
bukittinggi	wilayah:kabupaten-kota	t	Nomina	f
buleleng	wilayah:kabupaten-kota	t	Nomina	f
buleleng	wilayah:kecamatan	t	Nomina	f
bulukumba	wilayah:kabupaten-kota	t	Nomina	f
bulungan	wilayah:kabupaten-kota	t	Nomina	f
bumbu	wilayah:kabupaten-kota	t		f
bunga	orang:nama-depan	t	Nomina	f
bunga	wilayah:kecamatan	t	Nomina	f
bungo	wilayah:kabupaten-kota	t	Nomina	f
bungo	wilayah:kecamatan	t	Nomina	f
buol	wilayah:kabupaten-kota	t	Nomina	f
burhan	orang:nama-depan	t	Nomina	f
buru	wilayah:kabupaten-kota	t	Verba	f
buru	wilayah:kecamatan	t	Verba	f
buton	orang:nama-keluarga	t	Nomina	f
buton	wilayah:kabupaten-kota	t	Nomina	f
cahaya	orang:nama-depan	t	Nomina	f
candra	orang:nama-depan	t		f
cas	orang:nama-depan	t	Nomina	f
catur	orang:nama-depan	t	Nomina	f
catur	orang:nama-keluarga	t	Nomina	f
catur	wilayah:kecamatan	t	Nomina	f
ciamis	wilayah:kabupaten-kota	t	Nomina	f
ciamis	wilayah:kecamatan	t	Nomina	f
cianjur	wilayah:kabupaten-kota	t	Nomina	f
cianjur	wilayah:kecamatan	t	Nomina	f
cilacap	wilayah:kabupaten-kota	t	Nomina	f
cilacap	wilayah:kecamatan	t	Nomina	f
cilegon	wilayah:kabupaten-kota	t	Nomina	f
cilegon	wilayah:kecamatan	t	Nomina	f
cimahi	wilayah:kabupaten-kota	t	Nomina	f
cimahi	wilayah:kecamatan	t	Nomina	f
cinta	orang:nama-depan	t	Adjektiva	f
cirebon	wilayah:kabupaten-kota	t	Nomina	f
citra	orang:nama-depan	t	Nomina	f
congo	orang:nama-keluarga	t	Nomina	f
cun	orang:nama-depan	t	Nomina	f
cupu	orang:nama-keluarga	t	Nomina	f
dahlia	orang:nama-depan	t	Nomina	f
dai	orang:nama-keluarga	t	Nomina	f
dairi	wilayah:kabupaten-kota	t	Nomina	f
dalil	orang:nama-keluarga	t	Nomina	f
dan	wilayah:kabupaten-kota	t	Partikel	f
dana	orang:nama-depan	t		f
dandi	orang:nama-depan	t	Nomina	f
dapa	orang:nama-depan	t	Nomina	f
dara	orang:nama-depan	t	Nomina	f
darma	orang:nama-keluarga	t	Nomina	f
darma	wilayah:kecamatan	t	Nomina	f
datar	wilayah:kabupaten-kota	t	Adjektiva	f
datar	wilayah:kecamatan	t	Adjektiva	f
daya	wilayah:kabupaten-kota	t	Nomina	f
daya	wilayah:kecamatan	t	Nomina	f
daya	wilayah:provinsi	t	Nomina	f
deiyai	wilayah:kabupaten-kota	t	Nomina	f
deiyai	wilayah:kecamatan	t	Nomina	f
demak	wilayah:kabupaten-kota	t	Nomina	f
demak	wilayah:kecamatan	t	Nomina	f
den	orang:nama-keluarga	t	Nomina	f
dena	orang:nama-depan	t		f
dendeng	orang:nama-keluarga	t	Nomina	f
dendi	orang:nama-depan	t		f
denpasar	wilayah:kabupaten-kota	t	Nomina	f
denpasar	wilayah:kecamatan	t	Nomina	f
depok	wilayah:kabupaten-kota	t	Nomina	f
depok	wilayah:kecamatan	t	Nomina	f
dera	orang:nama-depan	t	Nomina	f
derek	orang:nama-depan	t	Nomina	f
dewangga	orang:nama-depan	t	Nomina	f
dewangga	orang:nama-keluarga	t	Nomina	f
dewi	orang:nama-depan	t	Nomina	f
dewi	orang:nama-keluarga	t	Nomina	f
dewi	wilayah:kecamatan	t	Nomina	f
dharmasraya	wilayah:kabupaten-kota	t	Nomina	f
diah	orang:nama-depan	t		f
diah	orang:nama-keluarga	t		f
dian	orang:nama-depan	t	Nomina	f
dian	orang:nama-keluarga	t	Nomina	f
dias	orang:nama-keluarga	t	Nomina	f
didik	orang:nama-depan	t	Verba	f
din	orang:nama-depan	t	Nomina	f
dina	orang:nama-depan	t		f
dinar	orang:nama-depan	t	Nomina	f
dinda	orang:nama-depan	t		f
dini	orang:nama-depan	t	Adjektiva	f
dini	orang:nama-keluarga	t	Adjektiva	f
dogiyai	wilayah:kabupaten-kota	t	Nomina	f
dogiyai	wilayah:kecamatan	t	Nomina	f
dompu	wilayah:kabupaten-kota	t	Nomina	f
dompu	wilayah:kecamatan	t	Nomina	f
donald	orang:nama-depan	t	Nomina	f
donggala	wilayah:kabupaten-kota	t	Nomina	f
dumai	wilayah:kabupaten-kota	t	Nomina	f
dumai	wilayah:kecamatan	t	Nomina	f
duri	orang:nama-keluarga	t	Nomina	f
duta	orang:nama-keluarga	t	Nomina	f
efendi	orang:nama-depan	t	Nomina	f
efendi	orang:nama-keluarga	t	Nomina	f
elo	orang:nama-keluarga	t	Nomina	f
elok	orang:nama-depan	t	Adjektiva	f
emir	orang:nama-depan	t	Nomina	f
empat	wilayah:kabupaten-kota	t		f
empat	wilayah:kecamatan	t		f
endang	orang:nama-depan	t	Nomina	f
ende	wilayah:kabupaten-kota	t	Nomina	f
ende	wilayah:kecamatan	t	Nomina	f
enrekang	wilayah:kabupaten-kota	t	Nomina	f
enrekang	wilayah:kecamatan	t	Nomina	f
erik	orang:nama-depan	t	Verba	f
ester	orang:nama-depan	t	Nomina	f
fajar	orang:nama-depan	t	Nomina	f
fajar	orang:nama-keluarga	t	Nomina	f
fajar	wilayah:kecamatan	t	Nomina	f
fakfak	wilayah:kabupaten-kota	t	Nomina	f
fakfak	wilayah:kecamatan	t	Nomina	f
fatah	orang:nama-keluarga	t	Nomina	f
fatihah	orang:nama-depan	t	Nomina	f
fatri	orang:nama-depan	t	Nomina	f
firdaus	orang:nama-keluarga	t	Nomina	f
firman	orang:nama-depan	t	Nomina	f
firman	orang:nama-keluarga	t	Nomina	f
fitri	orang:nama-depan	t	Adjektiva	f
flora	orang:nama-depan	t	Nomina	f
fuad	orang:nama-depan	t	Nomina	f
gading	orang:nama-keluarga	t	Nomina	f
gading	wilayah:kecamatan	t	Nomina	f
gafur	orang:nama-keluarga	t	Adjektiva	f
galuh	orang:nama-depan	t	Nomina	f
gamal	orang:nama-depan	t	Nomina	f
gani	orang:nama-depan	t	Adjektiva	f
gani	orang:nama-keluarga	t	Adjektiva	f
ganjar	orang:nama-depan	t	Verba	f
garut	wilayah:kabupaten-kota	t	Verba	f
garut	wilayah:kecamatan	t	Verba	f
gatot	orang:nama-depan	t	Nomina	f
gede	orang:nama-keluarga	t	Adjektiva	f
gerung	orang:nama-keluarga	t	Nomina	f
gerung	wilayah:kecamatan	t	Nomina	f
gianyar	wilayah:kabupaten-kota	t	Nomina	f
gianyar	wilayah:kecamatan	t	Nomina	f
gilang	orang:nama-depan	t	Adjektiva	f
gita	orang:nama-depan	t	Nomina	f
gorontalo	wilayah:kabupaten-kota	t	Nomina	f
gorontalo	wilayah:provinsi	t	Nomina	f
gowa	wilayah:kabupaten-kota	t	Nomina	f
gresik	wilayah:kabupaten-kota	t	Nomina	f
gresik	wilayah:kecamatan	t	Nomina	f
grobogan	wilayah:kabupaten-kota	t	Nomina	f
grobogan	wilayah:kecamatan	t	Nomina	f
guna	orang:nama-depan	t	Nomina	f
guna	wilayah:kecamatan	t	Nomina	f
gunawan	orang:nama-keluarga	t	Nomina	f
gunung	wilayah:kabupaten-kota	t	Nomina	f
gunung	wilayah:kecamatan	t	Nomina	f
gunungkidul	wilayah:kabupaten-kota	t	Nomina	f
gunungsitoli	wilayah:kabupaten-kota	t	Nomina	f
gunungsitoli	wilayah:kecamatan	t	Nomina	f
gusti	orang:nama-depan	t	Nomina	f
gusti	orang:nama-keluarga	t	Nomina	f
habib	orang:nama-depan	t	Nomina	f
habsyi	orang:nama-keluarga	t	Nomina	f
hafiz	orang:nama-depan	t	Nomina	f
hajar	orang:nama-depan	t	Verba	f
hakim	orang:nama-depan	t	Nomina	f
hakim	orang:nama-keluarga	t	Nomina	f
halim	orang:nama-depan	t	Adjektiva	f
halim	orang:nama-keluarga	t	Adjektiva	f
halim	wilayah:kecamatan	t	Adjektiva	f
hamzah	orang:nama-keluarga	t	Nomina	f
hana	orang:nama-depan	t	Adjektiva	f
hanafi	orang:nama-keluarga	t	Nomina	f
hanif	orang:nama-depan	t	Adjektiva	f
hara	orang:nama-keluarga	t	Nomina	f
harapan	orang:nama-depan	t	Nomina	f
harapan	wilayah:kecamatan	t	Nomina	f
hari	orang:nama-depan	t	Nomina	f
hari	orang:nama-keluarga	t	Nomina	f
hari	wilayah:kabupaten-kota	t	Nomina	f
hari	wilayah:kecamatan	t	Nomina	f
haris	orang:nama-depan	t	Nomina	f
haris	orang:nama-keluarga	t	Nomina	f
hartawan	orang:nama-keluarga	t	Nomina	f
hasan	orang:nama-depan	t	Adjektiva	f
hasan	orang:nama-keluarga	t	Adjektiva	f
hatta	orang:nama-keluarga	t	Partikel	f
hayati	orang:nama-depan	t		f
hayati	orang:nama-keluarga	t		f
helm	orang:nama-keluarga	t	Nomina	f
henry	orang:nama-depan	t	Nomina	f
henry	orang:nama-keluarga	t	Nomina	f
hidayah	orang:nama-keluarga	t	Nomina	f
hidayat	orang:nama-depan	t		f
hidayat	orang:nama-keluarga	t		f
hikmat	orang:nama-depan	t	Nomina	f
hilir	wilayah:kabupaten-kota	t	Nomina	f
hilir	wilayah:kecamatan	t	Nomina	f
hulu	wilayah:kabupaten-kota	t	Nomina	f
hulu	wilayah:kecamatan	t	Nomina	f
ibu	orang:nama-depan	t	Nomina	f
ibu	wilayah:kecamatan	t	Nomina	f
ida	orang:nama-depan	t	Nomina	f
idah	orang:nama-keluarga	t	Nomina	f
ihsan	orang:nama-depan	t	Adjektiva	f
ihsan	wilayah:kecamatan	t	Adjektiva	f
ikhtiar	orang:nama-depan	t	Nomina	f
ikhwan	orang:nama-depan	t	Nomina	f
ilham	orang:nama-depan	t	Nomina	f
ilham	orang:nama-keluarga	t	Nomina	f
ilir	wilayah:kabupaten-kota	t		f
ilir	wilayah:kecamatan	t		f
imam	orang:nama-depan	t	Nomina	f
iman	orang:nama-depan	t	Nomina	f
ina	orang:nama-depan	t		f
indah	orang:nama-depan	t	Adjektiva	f
indra	orang:nama-depan	t	Nomina	f
indra	orang:nama-keluarga	t	Nomina	f
indra	wilayah:kecamatan	t	Nomina	f
indramayu	wilayah:kabupaten-kota	t	Nomina	f
indramayu	wilayah:kecamatan	t	Nomina	f
insani	orang:nama-keluarga	t	Adjektiva	f
intan	orang:nama-depan	t	Nomina	f
intan	wilayah:kabupaten-kota	t	Nomina	f
intan	wilayah:kecamatan	t	Nomina	f
ira	orang:nama-depan	t	Nomina	f
iris	orang:nama-depan	t	Nomina	f
isak	orang:nama-depan	t	Nomina	f
islami	orang:nama-keluarga	t	Adjektiva	f
isra	orang:nama-depan	t	Nomina	f
jabung	wilayah:kabupaten-kota	t	Nomina	f
jabung	wilayah:kecamatan	t	Nomina	f
jaka	orang:nama-depan	t		f
jakarta	wilayah:kabupaten-kota	t	Nomina	f
jakarta	wilayah:provinsi	t	Nomina	f
jalil	orang:nama-depan	t	Adjektiva	f
jamal	orang:nama-depan	t	Nomina	f
jambi	wilayah:kabupaten-kota	t	Nomina	f
jambi	wilayah:kecamatan	t	Nomina	f
jambi	wilayah:provinsi	t	Nomina	f
jamil	orang:nama-depan	t		f
jamil	orang:nama-keluarga	t		f
jap	orang:nama-keluarga	t	Adjektiva	f
jauhari	orang:nama-keluarga	t		f
jauza	orang:nama-depan	t	Nomina	f
jawa	wilayah:kecamatan	t	Nomina	f
jawa	wilayah:provinsi	t	Nomina	f
jaya	orang:nama-keluarga	t	Adjektiva	f
jaya	wilayah:kabupaten-kota	t	Adjektiva	f
jaya	wilayah:kecamatan	t	Adjektiva	f
jayapura	wilayah:kabupaten-kota	t	Nomina	f
jayapura	wilayah:kecamatan	t	Nomina	f
jayawijaya	wilayah:kabupaten-kota	t	Nomina	f
jelang	orang:nama-depan	t	Verba	f
jelita	orang:nama-depan	t	Adjektiva	f
jember	wilayah:kabupaten-kota	t		f
jembrana	wilayah:kabupaten-kota	t	Nomina	f
jembrana	wilayah:kecamatan	t	Nomina	f
jeneponto	wilayah:kabupaten-kota	t	Nomina	f
jepara	wilayah:kabupaten-kota	t	Nomina	f
jepara	wilayah:kecamatan	t	Nomina	f
jim	orang:nama-depan	t	Nomina	f
jin	orang:nama-depan	t	Nomina	f
johan	orang:nama-depan	t	Nomina	f
johan	wilayah:kecamatan	t	Nomina	f
johar	orang:nama-depan	t	Nomina	f
johar	wilayah:kecamatan	t	Nomina	f
jombang	wilayah:kabupaten-kota	t	Adjektiva	f
jombang	wilayah:kecamatan	t	Adjektiva	f
juang	orang:nama-keluarga	t	Verba	f
juang	wilayah:kecamatan	t	Verba	f
junior	orang:nama-depan	t	Adjektiva	f
kade	orang:nama-depan	t	Nomina	f
kadir	orang:nama-keluarga	t	Adjektiva	f
kahar	orang:nama-keluarga	t	Nomina	f
kaimana	wilayah:kabupaten-kota	t	Nomina	f
kaimana	wilayah:kecamatan	t	Nomina	f
kamal	orang:nama-depan	t	Adjektiva	f
kamal	orang:nama-keluarga	t	Adjektiva	f
kamal	wilayah:kecamatan	t	Adjektiva	f
kamil	orang:nama-depan	t		f
kamil	orang:nama-keluarga	t		f
kampar	wilayah:kabupaten-kota	t	Nomina	f
kampar	wilayah:kecamatan	t	Nomina	f
kanan	wilayah:kabupaten-kota	t	Nomina	f
kanan	wilayah:kecamatan	t	Nomina	f
kang	orang:nama-depan	t	Nomina	f
kapuas	wilayah:kabupaten-kota	t	Nomina	f
kapuas	wilayah:kecamatan	t	Nomina	f
karang	orang:nama-keluarga	t	Nomina	f
karang	wilayah:kecamatan	t	Nomina	f
karanganyar	wilayah:kabupaten-kota	t	Nomina	f
karanganyar	wilayah:kecamatan	t	Nomina	f
karangasem	wilayah:kabupaten-kota	t	Nomina	f
karangasem	wilayah:kecamatan	t	Nomina	f
karawang	wilayah:kabupaten-kota	t	Nomina	f
karawang	wilayah:kecamatan	t	Nomina	f
karel	orang:nama-depan	t	Nomina	f
karim	orang:nama-depan	t	Adjektiva	f
karim	orang:nama-keluarga	t	Adjektiva	f
karimun	wilayah:kabupaten-kota	t	Nomina	f
karimun	wilayah:kecamatan	t	Nomina	f
karina	orang:nama-depan	t	Nomina	f
karisma	orang:nama-depan	t	Nomina	f
karisma	orang:nama-keluarga	t	Nomina	f
karma	orang:nama-keluarga	t	Nomina	f
karo	wilayah:kabupaten-kota	t	Nomina	f
kartika	orang:nama-depan	t	Nomina	f
kartika	orang:nama-keluarga	t	Nomina	f
kasim	orang:nama-depan	t	Adjektiva	f
kasim	orang:nama-keluarga	t	Adjektiva	f
katingan	wilayah:kabupaten-kota	t	Nomina	f
katingan	wilayah:kecamatan	t	Nomina	f
kaur	wilayah:kabupaten-kota	t	Nomina	f
kaur	wilayah:kecamatan	t	Nomina	f
kebumen	wilayah:kabupaten-kota	t	Nomina	f
kebumen	wilayah:kecamatan	t	Nomina	f
kecil	wilayah:kecamatan	t	Adjektiva	f
kecil	wilayah:provinsi	t	Adjektiva	f
kediri	wilayah:kabupaten-kota	t	Nomina	f
kediri	wilayah:kecamatan	t	Nomina	f
keerom	wilayah:kabupaten-kota	t	Nomina	f
kemal	orang:nama-depan	t	Adjektiva	f
ken	orang:nama-depan	t	Nomina	f
kenas	orang:nama-depan	t	Nomina	f
kendal	wilayah:kabupaten-kota	t	Nomina	f
kendal	wilayah:kecamatan	t	Nomina	f
kendari	wilayah:kabupaten-kota	t	Nomina	f
kendari	wilayah:kecamatan	t	Nomina	f
kepahiang	wilayah:kabupaten-kota	t	Nomina	f
kepahiang	wilayah:kecamatan	t	Nomina	f
kepulauan	wilayah:kabupaten-kota	t	Nomina	f
kepulauan	wilayah:kecamatan	t	Nomina	f
kepulauan	wilayah:provinsi	t	Nomina	f
keresidenan	wilayah:kabupaten-kota	t	Nomina	f
kerinci	wilayah:kabupaten-kota	t	Nomina	f
kerinci	wilayah:kecamatan	t	Nomina	f
kesuma	orang:nama-depan	t		f
ketapang	wilayah:kabupaten-kota	t	Nomina	f
ketapang	wilayah:kecamatan	t	Nomina	f
kiara	orang:nama-depan	t	Nomina	f
kim	orang:nama-depan	t	Nomina	f
kimo	orang:nama-depan	t	Nomina	f
kiong	orang:nama-depan	t		f
kirana	orang:nama-depan	t	Nomina	f
klaten	wilayah:kabupaten-kota	t	Nomina	f
klaten	wilayah:kecamatan	t	Nomina	f
klungkung	wilayah:kabupaten-kota	t	Nomina	f
klungkung	wilayah:kecamatan	t	Nomina	f
kobak	orang:nama-keluarga	t	Nomina	f
kok	orang:nama-depan	t	Nomina	f
kok	wilayah:kecamatan	t	Nomina	f
kolaka	wilayah:kabupaten-kota	t	Nomina	f
kolaka	wilayah:kecamatan	t	Nomina	f
koman	orang:nama-keluarga	t	Nomina	f
konawe	wilayah:kabupaten-kota	t	Nomina	f
konawe	wilayah:kecamatan	t	Nomina	f
kota	wilayah:kabupaten-kota	t	Nomina	f
kota	wilayah:kecamatan	t	Nomina	f
kotabaru	wilayah:kabupaten-kota	t	Nomina	f
kotamobagu	wilayah:kabupaten-kota	t	Nomina	f
kotamobagu	wilayah:kecamatan	t	Nomina	f
krista	orang:nama-depan	t	Nomina	f
kuala	wilayah:kabupaten-kota	t	Nomina	f
kuala	wilayah:kecamatan	t	Nomina	f
kubu	wilayah:kabupaten-kota	t	Nomina	f
kubu	wilayah:kecamatan	t	Nomina	f
kudus	wilayah:kabupaten-kota	t	Adjektiva	f
kudus	wilayah:kecamatan	t	Adjektiva	f
kulon	wilayah:kabupaten-kota	t	Nomina	f
kulon	wilayah:kecamatan	t	Nomina	f
kumala	orang:nama-keluarga	t		f
kuningan	wilayah:kabupaten-kota	t	Nomina	f
kuningan	wilayah:kecamatan	t	Nomina	f
kupang	wilayah:kabupaten-kota	t		f
kupang	wilayah:kecamatan	t		f
kusuma	orang:nama-keluarga	t	Nomina	f
labuhanbatu	wilayah:kabupaten-kota	t	Nomina	f
lahat	wilayah:kabupaten-kota	t		f
lahat	wilayah:kecamatan	t		f
laksmi	orang:nama-depan	t	Nomina	f
lalu	orang:nama-keluarga	t	Verba	f
lamandau	wilayah:kabupaten-kota	t	Nomina	f
lamandau	wilayah:kecamatan	t	Nomina	f
lambert	orang:nama-depan	t	Nomina	f
lamongan	wilayah:kabupaten-kota	t	Nomina	f
lamongan	wilayah:kecamatan	t	Nomina	f
lampung	wilayah:kabupaten-kota	t	Nomina	f
lampung	wilayah:provinsi	t	Nomina	f
lana	orang:nama-depan	t	Nomina	f
landak	wilayah:kabupaten-kota	t	Nomina	f
landau	orang:nama-keluarga	t	Verba	f
langkat	wilayah:kabupaten-kota	t	Nomina	f
langsa	wilayah:kabupaten-kota	t	Nomina	f
langsa	wilayah:kecamatan	t	Nomina	f
laut	orang:nama-keluarga	t	Nomina	f
laut	wilayah:kabupaten-kota	t	Nomina	f
laut	wilayah:kecamatan	t	Nomina	f
lawang	wilayah:kabupaten-kota	t	Nomina	f
lawang	wilayah:kecamatan	t	Nomina	f
lawas	wilayah:kabupaten-kota	t	Adjektiva	f
lawas	wilayah:kecamatan	t	Adjektiva	f
lebak	wilayah:kabupaten-kota	t	Nomina	f
lebak	wilayah:kecamatan	t	Nomina	f
lebang	orang:nama-keluarga	t	Adjektiva	f
lebong	wilayah:kabupaten-kota	t	Nomina	f
lebong	wilayah:kecamatan	t	Nomina	f
lega	orang:nama-keluarga	t	Adjektiva	f
lembata	wilayah:kabupaten-kota	t	Nomina	f
lena	orang:nama-depan	t		f
leo	orang:nama-depan	t	Nomina	f
leo	orang:nama-keluarga	t	Nomina	f
lestari	orang:nama-keluarga	t		f
lhokseumawe	wilayah:kabupaten-kota	t	Nomina	f
liana	orang:nama-depan	t	Nomina	f
liang	orang:nama-depan	t	Nomina	f
liang	orang:nama-keluarga	t	Nomina	f
liang	wilayah:kecamatan	t	Nomina	f
lili	orang:nama-depan	t	Nomina	f
lili	wilayah:kecamatan	t	Nomina	f
lima	orang:nama-keluarga	t		f
lima	wilayah:kabupaten-kota	t		f
lima	wilayah:kecamatan	t		f
liman	orang:nama-keluarga	t	Nomina	f
lin	orang:nama-depan	t	Nomina	f
lin	orang:nama-keluarga	t	Nomina	f
ling	orang:nama-depan	t	Nomina	f
lingga	orang:nama-depan	t		f
lingga	wilayah:kabupaten-kota	t		f
lingga	wilayah:kecamatan	t		f
lintang	orang:nama-keluarga	t	Nomina	f
lintang	wilayah:kecamatan	t	Nomina	f
liong	orang:nama-depan	t		f
lok	orang:nama-depan	t	Nomina	f
lombok	wilayah:kabupaten-kota	t	Nomina	f
lubuk	wilayah:kabupaten-kota	t	Nomina	f
lubuk	wilayah:kecamatan	t	Nomina	f
lues	wilayah:kabupaten-kota	t	Nomina	f
luluk	orang:nama-depan	t	Nomina	f
lumajang	wilayah:kabupaten-kota	t	Nomina	f
lumajang	wilayah:kecamatan	t	Nomina	f
luwu	wilayah:kabupaten-kota	t	Nomina	f
madiun	wilayah:kabupaten-kota	t	Nomina	f
madiun	wilayah:kecamatan	t	Nomina	f
magelang	wilayah:kabupaten-kota	t	Nomina	f
magelang	wilayah:kecamatan	t	Nomina	f
magetan	wilayah:kabupaten-kota	t	Nomina	f
magetan	wilayah:kecamatan	t	Nomina	f
mahadewi	orang:nama-depan	t	Nomina	f
maharani	orang:nama-depan	t	Nomina	f
mahardika	orang:nama-depan	t	Adjektiva	f
mahbub	orang:nama-depan	t		f
mahdi	orang:nama-depan	t	Nomina	f
mahfuz	orang:nama-keluarga	t	Nomina	f
mahmud	orang:nama-depan	t	Nomina	f
maimun	orang:nama-depan	t	Adjektiva	f
maimun	wilayah:kecamatan	t	Adjektiva	f
majalengka	wilayah:kabupaten-kota	t	Nomina	f
majalengka	wilayah:kecamatan	t	Nomina	f
majene	wilayah:kabupaten-kota	t	Nomina	f
makassar	wilayah:kabupaten-kota	t	Nomina	f
makassar	wilayah:kecamatan	t	Nomina	f
malaka	wilayah:kabupaten-kota	t	Nomina	f
malaka	wilayah:kecamatan	t	Nomina	f
malang	wilayah:kabupaten-kota	t	Adjektiva	f
malik	orang:nama-depan	t	Nomina	f
malik	orang:nama-keluarga	t	Nomina	f
malinau	wilayah:kabupaten-kota	t	Nomina	f
malinau	wilayah:kecamatan	t	Nomina	f
mamasa	wilayah:kabupaten-kota	t	Nomina	f
mamasa	wilayah:kecamatan	t	Nomina	f
mamuju	wilayah:kabupaten-kota	t	Nomina	f
mamuju	wilayah:kecamatan	t	Nomina	f
man	orang:nama-depan	t	Nomina	f
manado	wilayah:kabupaten-kota	t	Nomina	f
mandar	wilayah:kabupaten-kota	t	Nomina	f
manggarai	wilayah:kabupaten-kota	t	Nomina	f
manokwari	wilayah:kabupaten-kota	t	Nomina	f
manokwari	wilayah:kecamatan	t	Nomina	f
mantik	orang:nama-keluarga	t	Nomina	f
mappi	wilayah:kabupaten-kota	t	Nomina	f
mara	orang:nama-depan	t	Nomina	f
marga	orang:nama-depan	t	Nomina	f
marga	wilayah:kecamatan	t	Nomina	f
mari	orang:nama-depan	t	Partikel	f
maria	orang:nama-depan	t	Nomina	f
marina	orang:nama-depan	t	Nomina	f
mark	orang:nama-depan	t		f
markis	orang:nama-depan	t	Nomina	f
maros	wilayah:kabupaten-kota	t	Nomina	f
maros	wilayah:kecamatan	t	Nomina	f
martini	orang:nama-keluarga	t	Nomina	f
marwah	orang:nama-keluarga	t		f
mas	wilayah:kabupaten-kota	t		f
mas	wilayah:kecamatan	t		f
mataram	wilayah:kabupaten-kota	t	Nomina	f
mataram	wilayah:kecamatan	t	Nomina	f
maulana	orang:nama-depan	t	Nomina	f
maulana	orang:nama-keluarga	t	Nomina	f
maulid	orang:nama-keluarga	t	Nomina	f
maya	orang:nama-depan	t	Nomina	f
maya	orang:nama-keluarga	t	Nomina	f
maya	wilayah:kecamatan	t	Nomina	f
mayang	orang:nama-keluarga	t	Nomina	f
mayang	wilayah:kecamatan	t	Nomina	f
maybrat	wilayah:kabupaten-kota	t	Nomina	f
mazi	orang:nama-keluarga	t	Nomina	f
medan	orang:nama-keluarga	t	Nomina	f
medan	wilayah:kabupaten-kota	t	Nomina	f
medan	wilayah:kecamatan	t	Nomina	f
mega	orang:nama-depan	t	Nomina	f
mega	wilayah:kecamatan	t	Nomina	f
megah	orang:nama-depan	t	Adjektiva	f
megan	orang:nama-depan	t	Nomina	f
mei	orang:nama-depan	t	Nomina	f
mei	orang:nama-keluarga	t	Nomina	f
melati	orang:nama-depan	t		f
melati	orang:nama-keluarga	t		f
memo	orang:nama-keluarga	t	Nomina	f
mempawah	wilayah:kabupaten-kota	t	Nomina	f
mempawah	wilayah:kecamatan	t	Nomina	f
mentari	orang:nama-keluarga	t	Nomina	f
merangin	wilayah:kabupaten-kota	t	Nomina	f
merangin	wilayah:kecamatan	t	Nomina	f
meranti	wilayah:kabupaten-kota	t		f
meranti	wilayah:kecamatan	t		f
merauke	wilayah:kabupaten-kota	t	Nomina	f
merauke	wilayah:kecamatan	t	Nomina	f
meriah	wilayah:kabupaten-kota	t		f
meriah	wilayah:kecamatan	t		f
mering	orang:nama-keluarga	t		f
merta	orang:nama-keluarga	t		f
mesuji	wilayah:kabupaten-kota	t	Nomina	f
mesuji	wilayah:kecamatan	t	Nomina	f
metro	wilayah:kabupaten-kota	t	Nomina	f
metro	wilayah:kecamatan	t	Nomina	f
mimi	orang:nama-depan	t	Nomina	f
mimika	wilayah:kabupaten-kota	t	Nomina	f
mimika	wilayah:kecamatan	t	Nomina	f
mina	orang:nama-depan	t	Nomina	f
minahasa	wilayah:kabupaten-kota	t	Nomina	f
minta	orang:nama-depan	t	Verba	f
mojokerto	wilayah:kabupaten-kota	t	Nomina	f
montenegro	orang:nama-keluarga	t	Nomina	f
morowali	wilayah:kabupaten-kota	t	Nomina	f
muara	wilayah:kabupaten-kota	t	Nomina	f
muara	wilayah:kecamatan	t	Nomina	f
mubarak	orang:nama-depan	t	Adjektiva	f
mubarak	orang:nama-keluarga	t	Adjektiva	f
muhammad	orang:nama-depan	t	Nomina	f
muhammad	orang:nama-keluarga	t	Nomina	f
mukhlis	orang:nama-depan	t	Adjektiva	f
mukomuko	wilayah:kabupaten-kota	t	Nomina	f
mukomuko	wilayah:kecamatan	t	Nomina	f
mulia	orang:nama-depan	t	Adjektiva	f
mulia	orang:nama-keluarga	t	Adjektiva	f
mulia	wilayah:kecamatan	t	Adjektiva	f
muna	wilayah:kabupaten-kota	t		f
murad	orang:nama-depan	t	Nomina	f
murad	orang:nama-keluarga	t	Nomina	f
murid	orang:nama-keluarga	t	Nomina	f
murung	wilayah:kabupaten-kota	t	Adjektiva	f
murung	wilayah:kecamatan	t	Adjektiva	f
musi	wilayah:kabupaten-kota	t		f
musi	wilayah:kecamatan	t		f
muslim	orang:nama-depan	t	Nomina	f
muslim	orang:nama-keluarga	t	Nomina	f
mutiara	orang:nama-depan	t	Nomina	f
mutiara	orang:nama-keluarga	t	Nomina	f
mutiara	wilayah:kecamatan	t	Nomina	f
nabire	wilayah:kabupaten-kota	t	Nomina	f
nabire	wilayah:kecamatan	t	Nomina	f
nada	orang:nama-depan	t	Nomina	f
nagekeo	wilayah:kabupaten-kota	t	Nomina	f
nanda	orang:nama-depan	t		f
nanda	orang:nama-keluarga	t		f
nara	orang:nama-depan	t	Nomina	f
nara	wilayah:kecamatan	t	Nomina	f
natal	wilayah:kabupaten-kota	t	Nomina	f
natal	wilayah:kecamatan	t	Nomina	f
natuna	wilayah:kabupaten-kota	t	Nomina	f
nayaka	orang:nama-depan	t		f
nazar	orang:nama-keluarga	t	Nomina	f
nazir	orang:nama-keluarga	t	Nomina	f
nduga	wilayah:kabupaten-kota	t	Nomina	f
negara	orang:nama-keluarga	t	Nomina	f
negara	wilayah:kecamatan	t	Nomina	f
nestor	orang:nama-depan	t	Nomina	f
ngada	wilayah:kabupaten-kota	t	Nomina	f
nganjuk	wilayah:kabupaten-kota	t	Nomina	f
nganjuk	wilayah:kecamatan	t	Nomina	f
ngawi	wilayah:kabupaten-kota	t	Nomina	f
ngawi	wilayah:kecamatan	t	Nomina	f
nia	orang:nama-depan	t	Nomina	f
nias	wilayah:kabupaten-kota	t	Nomina	f
nila	orang:nama-depan	t	Nomina	f
nila	orang:nama-keluarga	t	Nomina	f
nila	wilayah:kecamatan	t	Nomina	f
nini	orang:nama-depan	t	Nomina	f
ninik	orang:nama-depan	t	Nomina	f
noa	orang:nama-depan	t	Nomina	f
non	orang:nama-depan	t	Nomina	f
nona	orang:nama-depan	t	Nomina	f
nonong	orang:nama-depan	t	Adjektiva	f
norma	orang:nama-depan	t	Nomina	f
nova	orang:nama-depan	t	Nomina	f
nova	orang:nama-keluarga	t	Nomina	f
novel	orang:nama-keluarga	t	Nomina	f
nugraha	orang:nama-depan	t	Nomina	f
nugraha	orang:nama-keluarga	t	Nomina	f
nunukan	wilayah:kabupaten-kota	t	Nomina	f
nunukan	wilayah:kecamatan	t	Nomina	f
nur	orang:nama-depan	t	Nomina	f
nur	orang:nama-keluarga	t	Nomina	f
nurani	orang:nama-depan	t	Adjektiva	f
nuri	orang:nama-depan	t	Nomina	f
nyak	orang:nama-depan	t	Nomina	f
nyoman	orang:nama-depan	t	Nomina	f
ong	orang:nama-keluarga	t	Partikel	f
pace	orang:nama-keluarga	t	Nomina	f
pace	wilayah:kecamatan	t	Nomina	f
pacitan	wilayah:kabupaten-kota	t	Nomina	f
pacitan	wilayah:kecamatan	t	Nomina	f
padang	wilayah:kabupaten-kota	t	Nomina	f
padang	wilayah:kecamatan	t	Nomina	f
padangsidimpuan	wilayah:kabupaten-kota	t	Nomina	f
padangsidimpuan	wilayah:kecamatan	t	Nomina	f
paes	orang:nama-keluarga	t	Verba	f
pagar	wilayah:kabupaten-kota	t		f
pagar	wilayah:kecamatan	t		f
pahala	orang:nama-depan	t	Nomina	f
paku	orang:nama-keluarga	t	Nomina	f
paku	wilayah:kecamatan	t	Nomina	f
pala	orang:nama-keluarga	t		f
palangka	wilayah:kabupaten-kota	t	Nomina	f
palar	orang:nama-keluarga	t	Verba	f
palembang	wilayah:kabupaten-kota	t	Nomina	f
palopo	wilayah:kabupaten-kota	t	Nomina	f
palu	wilayah:kabupaten-kota	t	Nomina	f
palu	wilayah:kecamatan	t	Nomina	f
pamekasan	wilayah:kabupaten-kota	t	Nomina	f
pamekasan	wilayah:kecamatan	t	Nomina	f
pamungkas	orang:nama-keluarga	t	Nomina	f
pan	orang:nama-keluarga	t	Nomina	f
pandeglang	wilayah:kabupaten-kota	t	Nomina	f
pandeglang	wilayah:kecamatan	t	Nomina	f
pandu	orang:nama-keluarga	t	Nomina	f
pangandaran	wilayah:kabupaten-kota	t	Nomina	f
pangandaran	wilayah:kecamatan	t	Nomina	f
pangeran	orang:nama-depan	t	Nomina	f
pangestu	orang:nama-keluarga	t	Nomina	f
pangkal	wilayah:kabupaten-kota	t	Nomina	f
pangkal	wilayah:kecamatan	t	Nomina	f
paniai	wilayah:kabupaten-kota	t	Nomina	f
paniai	wilayah:kecamatan	t	Nomina	f
panjang	wilayah:kabupaten-kota	t	Adjektiva	f
panjang	wilayah:kecamatan	t	Adjektiva	f
panji	orang:nama-depan	t	Nomina	f
panji	wilayah:kecamatan	t	Nomina	f
parepare	wilayah:kabupaten-kota	t	Nomina	f
pariaman	wilayah:kabupaten-kota	t	Nomina	f
pariaman	wilayah:kecamatan	t	Nomina	f
paris	orang:nama-keluarga	t	Nomina	f
paris	wilayah:kecamatan	t	Nomina	f
pasaman	wilayah:kabupaten-kota	t	Nomina	f
pasaman	wilayah:kecamatan	t	Nomina	f
pasangkayu	wilayah:kabupaten-kota	t	Nomina	f
pasangkayu	wilayah:kecamatan	t	Nomina	f
paser	wilayah:kabupaten-kota	t	Nomina	f
paser	wilayah:kecamatan	t	Nomina	f
pasuruan	wilayah:kabupaten-kota	t	Nomina	f
patah	orang:nama-depan	t	Adjektiva	f
pati	wilayah:kabupaten-kota	t	Nomina	f
pati	wilayah:kecamatan	t	Nomina	f
paul	orang:nama-depan	t	Adjektiva	f
payakumbuh	wilayah:kabupaten-kota	t	Nomina	f
payakumbuh	wilayah:kecamatan	t	Nomina	f
pegunungan	wilayah:kabupaten-kota	t	Nomina	f
pegunungan	wilayah:provinsi	t	Nomina	f
pek	orang:nama-depan	t	Nomina	f
pekalongan	wilayah:kabupaten-kota	t	Nomina	f
pekalongan	wilayah:kecamatan	t	Nomina	f
pekanbaru	wilayah:kabupaten-kota	t	Nomina	f
pekanbaru	wilayah:kecamatan	t	Nomina	f
pelalawan	wilayah:kabupaten-kota	t	Nomina	f
pelalawan	wilayah:kecamatan	t	Nomina	f
pemalang	wilayah:kabupaten-kota	t	Nomina	f
pemalang	wilayah:kecamatan	t	Nomina	f
pematang	wilayah:kabupaten-kota	t	Nomina	f
pematang	wilayah:kecamatan	t	Nomina	f
peni	orang:nama-depan	t	Adjektiva	f
penuh	wilayah:kabupaten-kota	t	Adjektiva	f
penuh	wilayah:kecamatan	t	Adjektiva	f
pere	orang:nama-depan	t	Adjektiva	f
perkasa	orang:nama-keluarga	t	Adjektiva	f
permana	orang:nama-keluarga	t	Nomina	f
permata	orang:nama-keluarga	t	Nomina	f
permata	wilayah:kecamatan	t	Nomina	f
pertiwi	orang:nama-keluarga	t		f
pesawaran	wilayah:kabupaten-kota	t	Nomina	f
pesisir	wilayah:kabupaten-kota	t	Nomina	f
pesisir	wilayah:kecamatan	t	Nomina	f
pidie	wilayah:kabupaten-kota	t	Nomina	f
pidie	wilayah:kecamatan	t	Nomina	f
pinang	wilayah:kabupaten-kota	t	Nomina	f
pinang	wilayah:kecamatan	t	Nomina	f
pinrang	wilayah:kabupaten-kota	t	Nomina	f
pisau	wilayah:kabupaten-kota	t	Nomina	f
pohuwato	wilayah:kabupaten-kota	t	Nomina	f
ponorogo	wilayah:kabupaten-kota	t	Nomina	f
ponorogo	wilayah:kecamatan	t	Nomina	f
pontianak	wilayah:kabupaten-kota	t	Nomina	f
pontianak	wilayah:kecamatan	t	Nomina	f
poo	orang:nama-depan	t	Nomina	f
poso	wilayah:kabupaten-kota	t	Nomina	f
poso	wilayah:kecamatan	t	Nomina	f
prabowo	orang:nama-depan	t	Proper Nama	f
prabumulih	wilayah:kabupaten-kota	t	Nomina	f
prabumulih	wilayah:kecamatan	t	Nomina	f
pranata	orang:nama-keluarga	t		f
pribadi	orang:nama-keluarga	t	Nomina	f
prima	orang:nama-depan	t		f
prima	orang:nama-keluarga	t		f
pringsewu	wilayah:kabupaten-kota	t	Nomina	f
pringsewu	wilayah:kecamatan	t	Nomina	f
probolinggo	wilayah:kabupaten-kota	t	Nomina	f
puji	orang:nama-depan	t	Nomina	f
pulang	wilayah:kabupaten-kota	t	Verba	f
pulau	wilayah:kabupaten-kota	t	Nomina	f
pulau	wilayah:kecamatan	t	Nomina	f
puluh	wilayah:kabupaten-kota	t	Nomina	f
puluh	wilayah:kecamatan	t	Nomina	f
pulung	orang:nama-depan	t	Nomina	f
pulung	wilayah:kecamatan	t	Nomina	f
puncak	wilayah:kabupaten-kota	t	Nomina	f
puncak	wilayah:kecamatan	t	Nomina	f
purba	orang:nama-keluarga	t		f
purba	wilayah:kecamatan	t		f
purbalingga	wilayah:kabupaten-kota	t	Nomina	f
purbalingga	wilayah:kecamatan	t	Nomina	f
puri	orang:nama-depan	t	Nomina	f
puri	wilayah:kecamatan	t	Nomina	f
purnama	orang:nama-depan	t	Adjektiva	f
purnama	orang:nama-keluarga	t	Adjektiva	f
purwakarta	wilayah:kabupaten-kota	t	Nomina	f
purwakarta	wilayah:kecamatan	t	Nomina	f
purworejo	wilayah:kabupaten-kota	t	Nomina	f
purworejo	wilayah:kecamatan	t	Nomina	f
pusat	wilayah:kabupaten-kota	t	Nomina	f
pusat	wilayah:kecamatan	t	Nomina	f
puspa	orang:nama-depan	t	Nomina	f
puspita	orang:nama-depan	t		f
puti	orang:nama-depan	t	Nomina	f
putra	orang:nama-depan	t	Nomina	f
putra	orang:nama-keluarga	t	Nomina	f
putra	wilayah:kecamatan	t	Nomina	f
putri	orang:nama-depan	t		f
putri	orang:nama-keluarga	t		f
putri	wilayah:kecamatan	t		f
putu	orang:nama-depan	t	Nomina	f
raden	orang:nama-depan	t	Nomina	f
radin	orang:nama-depan	t	Nomina	f
rafi	orang:nama-depan	t	Adjektiva	f
rahayu	orang:nama-keluarga	t	Adjektiva	f
rahman	orang:nama-depan	t	Nomina	f
rahman	orang:nama-keluarga	t	Nomina	f
rahmat	orang:nama-depan	t	Nomina	f
rais	orang:nama-keluarga	t	Nomina	f
raja	orang:nama-depan	t	Nomina	f
raja	wilayah:kabupaten-kota	t	Nomina	f
raja	wilayah:kecamatan	t	Nomina	f
raka	orang:nama-keluarga	t	Nomina	f
ram	orang:nama-depan	t	Nomina	f
rama	orang:nama-keluarga	t	Nomina	f
ramanda	orang:nama-keluarga	t	Nomina	f
randi	orang:nama-depan	t	Nomina	f
rangga	orang:nama-depan	t	Nomina	f
rangga	orang:nama-keluarga	t	Nomina	f
rani	orang:nama-depan	t	Nomina	f
rani	orang:nama-keluarga	t	Nomina	f
ratna	orang:nama-depan	t		f
ratu	orang:nama-depan	t		f
ratu	orang:nama-keluarga	t		f
ratu	wilayah:kecamatan	t		f
raya	wilayah:kabupaten-kota	t	Adjektiva	f
raya	wilayah:kecamatan	t	Adjektiva	f
rejang	wilayah:kabupaten-kota	t	Nomina	f
rejang	wilayah:kecamatan	t	Nomina	f
rejeki	orang:nama-keluarga	t		f
reka	orang:nama-depan	t	Verba	f
rembang	wilayah:kabupaten-kota	t	Adjektiva	f
rembang	wilayah:kecamatan	t	Adjektiva	f
rena	orang:nama-depan	t		f
resmi	orang:nama-keluarga	t	Adjektiva	f
restu	orang:nama-depan	t	Nomina	f
restu	orang:nama-keluarga	t	Nomina	f
ria	orang:nama-depan	t	Adjektiva	f
rian	orang:nama-depan	t	Nomina	f
rian	wilayah:kecamatan	t	Nomina	f
rijal	orang:nama-keluarga	t	Nomina	f
rima	orang:nama-depan	t	Nomina	f
rini	orang:nama-depan	t	Nomina	f
rini	orang:nama-keluarga	t	Nomina	f
risa	orang:nama-depan	t	Nomina	f
rohmat	orang:nama-depan	t		f
royan	orang:nama-keluarga	t	Nomina	f
rudi	orang:nama-depan	t	Nomina	f
saadah	orang:nama-depan	t	Nomina	f
saba	orang:nama-keluarga	t		f
sabang	wilayah:kabupaten-kota	t	Nomina	f
sabar	orang:nama-depan	t	Adjektiva	f
sahid	orang:nama-depan	t		f
said	orang:nama-depan	t		f
said	orang:nama-keluarga	t		f
saidi	orang:nama-depan	t		f
sakinah	orang:nama-depan	t	Nomina	f
salam	orang:nama-keluarga	t		f
salam	wilayah:kecamatan	t		f
salat	orang:nama-keluarga	t	Nomina	f
salatiga	wilayah:kabupaten-kota	t	Nomina	f
salatiga	wilayah:kecamatan	t	Nomina	f
saleh	orang:nama-depan	t	Adjektiva	f
saleh	orang:nama-keluarga	t	Adjektiva	f
salem	orang:nama-depan	t	Nomina	f
salem	wilayah:kecamatan	t	Nomina	f
salih	orang:nama-depan	t		f
salim	orang:nama-depan	t	Nomina	f
salim	orang:nama-keluarga	t	Nomina	f
salmon	orang:nama-depan	t	Nomina	f
samad	orang:nama-keluarga	t	Adjektiva	f
samarinda	wilayah:kabupaten-kota	t	Nomina	f
samarinda	wilayah:kecamatan	t	Nomina	f
sambas	wilayah:kabupaten-kota	t	Nomina	f
sambas	wilayah:kecamatan	t	Nomina	f
samin	orang:nama-keluarga	t		f
samosir	orang:nama-keluarga	t	Nomina	f
samosir	wilayah:kabupaten-kota	t	Nomina	f
sampang	wilayah:kabupaten-kota	t	Nomina	f
sampang	wilayah:kecamatan	t	Nomina	f
samudra	orang:nama-keluarga	t	Nomina	f
sanda	orang:nama-keluarga	t	Nomina	f
sandi	orang:nama-depan	t	Nomina	f
sandi	wilayah:kecamatan	t	Nomina	f
sangga	orang:nama-depan	t	Nomina	f
sanggau	wilayah:kabupaten-kota	t	Nomina	f
sanggau	wilayah:kecamatan	t	Nomina	f
sani	orang:nama-keluarga	t	Adjektiva	f
santa	orang:nama-depan	t	Nomina	f
sapta	orang:nama-keluarga	t		f
sara	orang:nama-depan	t	Nomina	f
sari	orang:nama-depan	t	Nomina	f
sari	orang:nama-keluarga	t	Nomina	f
sari	wilayah:kecamatan	t	Nomina	f
sarmi	wilayah:kabupaten-kota	t	Nomina	f
sarmi	wilayah:kecamatan	t	Nomina	f
sarolangun	wilayah:kabupaten-kota	t	Nomina	f
sarolangun	wilayah:kecamatan	t	Nomina	f
saut	orang:nama-keluarga	t		f
sawahlunto	wilayah:kabupaten-kota	t	Nomina	f
sejati	orang:nama-keluarga	t	Adjektiva	f
sekar	orang:nama-depan	t	Nomina	f
sekar	orang:nama-keluarga	t	Nomina	f
sekar	wilayah:kecamatan	t	Nomina	f
selatan	wilayah:kabupaten-kota	t	Nomina	f
selatan	wilayah:kecamatan	t	Nomina	f
selatan	wilayah:provinsi	t	Nomina	f
seluma	wilayah:kabupaten-kota	t	Nomina	f
seluma	wilayah:kecamatan	t	Nomina	f
semarang	wilayah:kabupaten-kota	t	Nomina	f
semarang	wilayah:kecamatan	t	Nomina	f
sen	orang:nama-depan	t		f
senduk	orang:nama-keluarga	t		f
seng	orang:nama-keluarga	t		f
seram	wilayah:kabupaten-kota	t	Adjektiva	f
seram	wilayah:kecamatan	t	Adjektiva	f
serang	wilayah:kabupaten-kota	t	Verba	f
serang	wilayah:kecamatan	t	Verba	f
serdang	wilayah:kabupaten-kota	t	Nomina	f
serdang	wilayah:kecamatan	t	Nomina	f
seribu	wilayah:kabupaten-kota	t		f
seribu	wilayah:kecamatan	t		f
seruyan	wilayah:kabupaten-kota	t	Nomina	f
seruyan	wilayah:kecamatan	t	Nomina	f
setia	orang:nama-depan	t	Adjektiva	f
setia	orang:nama-keluarga	t	Adjektiva	f
setia	wilayah:kecamatan	t	Adjektiva	f
setiabudi	orang:nama-keluarga	t	Nomina	f
setiabudi	wilayah:kecamatan	t	Nomina	f
siak	wilayah:kabupaten-kota	t		f
siak	wilayah:kecamatan	t		f
siam	orang:nama-depan	t	Verba	f
siau	wilayah:kabupaten-kota	t	Adjektiva	f
siau	wilayah:kecamatan	t	Adjektiva	f
sibolga	wilayah:kabupaten-kota	t	Nomina	f
sibolga	wilayah:kecamatan	t	Nomina	f
sidoarjo	wilayah:kabupaten-kota	t	Nomina	f
sidoarjo	wilayah:kecamatan	t	Nomina	f
sigi	orang:nama-depan	t	Nomina	f
sigi	wilayah:kabupaten-kota	t	Nomina	f
sigi	wilayah:kecamatan	t	Nomina	f
sijunjung	wilayah:kabupaten-kota	t	Nomina	f
sijunjung	wilayah:kecamatan	t	Nomina	f
sikka	wilayah:kabupaten-kota	t	Nomina	f
sim	orang:nama-keluarga	t	Nomina	f
simeulue	wilayah:kabupaten-kota	t	Nomina	f
simeulue	wilayah:kecamatan	t	Nomina	f
sin	orang:nama-depan	t	Nomina	f
sing	orang:nama-depan	t	Nomina	f
singkawang	wilayah:kabupaten-kota	t		f
singkawang	wilayah:kecamatan	t		f
singkil	wilayah:kabupaten-kota	t	Nomina	f
singkil	wilayah:kecamatan	t	Nomina	f
sinjai	wilayah:kabupaten-kota	t	Nomina	f
sinjai	wilayah:kecamatan	t	Nomina	f
sintang	wilayah:kabupaten-kota	t	Nomina	f
sintang	wilayah:kecamatan	t	Nomina	f
sinyo	orang:nama-depan	t	Nomina	f
sita	orang:nama-depan	t	Nomina	f
siti	orang:nama-depan	t	Nomina	f
situbondo	wilayah:kabupaten-kota	t	Nomina	f
situbondo	wilayah:kecamatan	t	Nomina	f
sleman	wilayah:kabupaten-kota	t	Nomina	f
sleman	wilayah:kecamatan	t	Nomina	f
sohib	orang:nama-keluarga	t	Nomina	f
soka	orang:nama-keluarga	t	Nomina	f
solok	wilayah:kabupaten-kota	t	Nomina	f
soppeng	wilayah:kabupaten-kota	t	Nomina	f
soppeng	wilayah:kecamatan	t	Nomina	f
sorong	wilayah:kabupaten-kota	t	Verba	f
sorong	wilayah:kecamatan	t	Verba	f
sragen	wilayah:kabupaten-kota	t	Nomina	f
sragen	wilayah:kecamatan	t	Nomina	f
sri	orang:nama-depan	t	Partikel	f
subang	wilayah:kabupaten-kota	t	Nomina	f
subang	wilayah:kecamatan	t	Nomina	f
subulussalam	wilayah:kabupaten-kota	t	Nomina	f
suci	orang:nama-depan	t	Adjektiva	f
sudi	orang:nama-depan	t	Verba	f
sujana	orang:nama-depan	t	Nomina	f
suka	orang:nama-keluarga	t	Adjektiva	f
suka	wilayah:kecamatan	t	Adjektiva	f
sukabumi	wilayah:kabupaten-kota	t	Nomina	f
sukabumi	wilayah:kecamatan	t	Nomina	f
sukamara	wilayah:kabupaten-kota	t	Nomina	f
sukamara	wilayah:kecamatan	t	Nomina	f
sukma	orang:nama-depan	t	Nomina	f
sukoharjo	wilayah:kabupaten-kota	t	Nomina	f
sukoharjo	wilayah:kecamatan	t	Nomina	f
sula	wilayah:kabupaten-kota	t	Nomina	f
suli	orang:nama-keluarga	t	Nomina	f
suli	wilayah:kecamatan	t	Nomina	f
sultan	orang:nama-depan	t	Nomina	f
sultan	orang:nama-keluarga	t	Nomina	f
sultan	wilayah:kecamatan	t	Nomina	f
sumatra	wilayah:kabupaten-kota	t	Nomina	f
sumba	wilayah:kabupaten-kota	t	Nomina	f
sumbawa	wilayah:kabupaten-kota	t	Nomina	f
sumbawa	wilayah:kecamatan	t	Nomina	f
sumedang	wilayah:kabupaten-kota	t	Nomina	f
sumedang	wilayah:kecamatan	t	Nomina	f
sumenep	wilayah:kabupaten-kota	t	Nomina	f
sumenep	wilayah:kecamatan	t	Nomina	f
sumirat	orang:nama-keluarga	t	Adjektiva	f
sungai	wilayah:kabupaten-kota	t	Nomina	f
sungai	wilayah:kecamatan	t	Nomina	f
suni	orang:nama-keluarga	t	Nomina	f
supiori	wilayah:kabupaten-kota	t	Nomina	f
supiori	wilayah:kecamatan	t	Nomina	f
supit	orang:nama-keluarga	t		f
surabaya	wilayah:kabupaten-kota	t	Nomina	f
surabaya	wilayah:kecamatan	t	Nomina	f
surakarta	wilayah:kabupaten-kota	t	Nomina	f
surakarta	wilayah:kecamatan	t	Nomina	f
surya	orang:nama-depan	t	Nomina	f
sutan	orang:nama-depan	t	Nomina	f
swastika	orang:nama-keluarga	t	Nomina	f
syafaat	orang:nama-depan	t		f
syuhada	orang:nama-depan	t	Nomina	f
tabalong	wilayah:kabupaten-kota	t	Nomina	f
tabanan	wilayah:kabupaten-kota	t	Nomina	f
tabanan	wilayah:kecamatan	t	Nomina	f
tahar	orang:nama-keluarga	t	Verba	f
tahir	orang:nama-depan	t	Adjektiva	f
tahir	orang:nama-keluarga	t	Adjektiva	f
takalar	wilayah:kabupaten-kota	t	Nomina	f
tambrauw	wilayah:kabupaten-kota	t	Nomina	f
tambunan	orang:nama-keluarga	t	Nomina	f
tampi	orang:nama-keluarga	t	Verba	f
tan	orang:nama-depan	t	Nomina	f
tan	orang:nama-keluarga	t	Nomina	f
tan	wilayah:kecamatan	t	Nomina	f
tanah	wilayah:kabupaten-kota	t	Nomina	f
tanah	wilayah:kecamatan	t	Nomina	f
tandun	orang:nama-keluarga	t	Nomina	f
tandun	wilayah:kecamatan	t	Nomina	f
tang	orang:nama-keluarga	t	Nomina	f
tangerang	wilayah:kabupaten-kota	t	Nomina	f
tangerang	wilayah:kecamatan	t	Nomina	f
tanggamus	wilayah:kabupaten-kota	t	Nomina	f
tania	orang:nama-depan	t	Nomina	f
tanjung	orang:nama-keluarga	t	Nomina	f
tanjung	wilayah:kabupaten-kota	t	Nomina	f
tanjung	wilayah:kecamatan	t	Nomina	f
tanjungpinang	wilayah:kabupaten-kota	t	Nomina	f
tanjungpinang	wilayah:kecamatan	t	Nomina	f
tanya	orang:nama-depan	t	Nomina	f
tapin	wilayah:kabupaten-kota	t	Nomina	f
tapin	wilayah:kecamatan	t	Nomina	f
tara	orang:nama-depan	t	Nomina	f
tarakan	wilayah:kabupaten-kota	t	Nomina	f
tarakan	wilayah:kecamatan	t	Nomina	f
tari	orang:nama-keluarga	t	Nomina	f
tarik	orang:nama-depan	t	Verba	f
tarik	wilayah:kecamatan	t	Verba	f
tarkas	orang:nama-keluarga	t	Nomina	f
tasikmalaya	wilayah:kabupaten-kota	t	Nomina	f
taufik	orang:nama-depan	t	Nomina	f
taufik	orang:nama-keluarga	t	Nomina	f
tauhid	orang:nama-depan	t	Nomina	f
tebing	wilayah:kabupaten-kota	t	Nomina	f
tebing	wilayah:kecamatan	t	Nomina	f
tebo	wilayah:kabupaten-kota	t	Nomina	f
tebo	wilayah:kecamatan	t	Nomina	f
tegal	wilayah:kabupaten-kota	t	Partikel	f
tegal	wilayah:kecamatan	t	Partikel	f
tegar	orang:nama-depan	t	Adjektiva	f
teguh	orang:nama-depan	t	Adjektiva	f
teja	orang:nama-depan	t	Nomina	f
teja	wilayah:kecamatan	t	Nomina	f
teluk	wilayah:kabupaten-kota	t	Nomina	f
teluk	wilayah:kecamatan	t	Nomina	f
temanggung	wilayah:kabupaten-kota	t	Nomina	f
temanggung	wilayah:kecamatan	t	Nomina	f
teng	orang:nama-keluarga	t	Nomina	f
tengah	wilayah:kabupaten-kota	t	Nomina	f
tengah	wilayah:kecamatan	t	Nomina	f
tengah	wilayah:provinsi	t	Nomina	f
tenggara	wilayah:kabupaten-kota	t	Nomina	f
tenggara	wilayah:kecamatan	t	Nomina	f
tenggara	wilayah:provinsi	t	Nomina	f
ternate	wilayah:kabupaten-kota	t	Nomina	f
ternate	wilayah:kecamatan	t	Nomina	f
tiara	orang:nama-keluarga	t	Nomina	f
tiba	orang:nama-keluarga	t	Verba	f
tidore	wilayah:kabupaten-kota	t	Nomina	f
tidore	wilayah:kecamatan	t	Nomina	f
tika	orang:nama-depan	t	Nomina	f
tike	orang:nama-depan	t	Nomina	f
tim	orang:nama-depan	t	Nomina	f
timur	orang:nama-depan	t	Nomina	f
timur	orang:nama-keluarga	t	Nomina	f
timur	wilayah:kabupaten-kota	t	Nomina	f
timur	wilayah:kecamatan	t	Nomina	f
timur	wilayah:provinsi	t	Nomina	f
tinggi	wilayah:kabupaten-kota	t	Adjektiva	f
tinggi	wilayah:kecamatan	t	Adjektiva	f
tirani	orang:nama-depan	t	Nomina	f
titi	orang:nama-depan	t	Verba	f
titi	wilayah:kecamatan	t	Verba	f
titis	orang:nama-depan	t	Nomina	f
toba	wilayah:kabupaten-kota	t	Nomina	f
toba	wilayah:kecamatan	t	Nomina	f
tolikara	wilayah:kabupaten-kota	t	Nomina	f
tom	orang:nama-depan	t	Nomina	f
tomohon	wilayah:kabupaten-kota	t	Nomina	f
tomohon	wilayah:kecamatan	t	Nomina	f
trenggalek	wilayah:kabupaten-kota	t	Nomina	f
trenggalek	wilayah:kecamatan	t	Nomina	f
tresna	orang:nama-depan	t	Nomina	f
tual	wilayah:kabupaten-kota	t	Nomina	f
tuban	wilayah:kabupaten-kota	t	Nomina	f
tuban	wilayah:kecamatan	t	Nomina	f
tulang	wilayah:kabupaten-kota	t	Nomina	f
tulang	wilayah:kecamatan	t	Nomina	f
tulungagung	wilayah:kabupaten-kota	t	Nomina	f
tulungagung	wilayah:kecamatan	t	Nomina	f
tulus	orang:nama-keluarga	t	Adjektiva	f
tunjung	orang:nama-keluarga	t	Nomina	f
tunjung	wilayah:kecamatan	t	Nomina	f
tur	orang:nama-keluarga	t	Nomina	f
turang	orang:nama-keluarga	t	Nomina	f
udo	orang:nama-depan	t		f
ujang	orang:nama-depan	t	Nomina	f
ulu	wilayah:kabupaten-kota	t	Nomina	f
ulu	wilayah:kecamatan	t	Nomina	f
undang	orang:nama-keluarga	t	Verba	f
utara	wilayah:kabupaten-kota	t	Nomina	f
utara	wilayah:kecamatan	t	Nomina	f
utara	wilayah:provinsi	t	Nomina	f
valentine	orang:nama-depan	t	Nomina	f
van	orang:nama-keluarga	t	Preposisi	f
venus	orang:nama-depan	t	Nomina	f
virginia	orang:nama-depan	t	Nomina	f
wahid	orang:nama-depan	t	Nomina	f
wahid	orang:nama-keluarga	t	Nomina	f
wahyu	orang:nama-depan	t	Nomina	f
wajo	wilayah:kabupaten-kota	t	Nomina	f
wajo	wilayah:kecamatan	t	Nomina	f
wakatobi	wilayah:kabupaten-kota	t	Nomina	f
wanda	orang:nama-depan	t	Nomina	f
wang	orang:nama-keluarga	t	Nomina	f
waropen	wilayah:kabupaten-kota	t	Nomina	f
waropen	wilayah:kecamatan	t	Nomina	f
washington	orang:nama-depan	t	Nomina	f
wijaya	orang:nama-keluarga	t	Nomina	f
wirawan	orang:nama-keluarga	t	Nomina	f
wisnu	orang:nama-depan	t	Nomina	f
wong	orang:nama-keluarga	t	Nomina	f
wonogiri	wilayah:kabupaten-kota	t	Nomina	f
wonogiri	wilayah:kecamatan	t	Nomina	f
wonosobo	wilayah:kabupaten-kota	t	Nomina	f
wonosobo	wilayah:kecamatan	t	Nomina	f
wulan	orang:nama-depan	t	Nomina	f
yahukimo	wilayah:kabupaten-kota	t	Nomina	f
yalimo	wilayah:kabupaten-kota	t	Nomina	f
yang	orang:nama-keluarga	t	Partikel	f
yasmin	orang:nama-depan	t	Nomina	f
yayu	orang:nama-depan	t	Nomina	f
yoga	orang:nama-depan	t	Nomina	f
yogi	orang:nama-depan	t	Nomina	f
yogia	orang:nama-keluarga	t	Adjektiva	f
yogyakarta	wilayah:kabupaten-kota	t	Nomina	f
yogyakarta	wilayah:provinsi	t	Nomina	f
yuda	orang:nama-keluarga	t	Nomina	f
yuris	orang:nama-depan	t	Nomina	f
zaman	orang:nama-keluarga	t	Nomina	f
zulfikar	orang:nama-depan	t	Nomina	f
kepulauan bangka belitung	wilayah:provinsi	f		t
sumatera utara	wilayah:provinsi	f		t
kepulauan riau	wilayah:provinsi	f		t
sumatera selatan	wilayah:provinsi	f		t
sumatera barat	wilayah:provinsi	f		t
jawa tengah	wilayah:provinsi	f		t
jawa timur	wilayah:provinsi	f		t
jawa barat	wilayah:provinsi	f		t
kalimantan tengah	wilayah:provinsi	f		t
kalimantan timur	wilayah:provinsi	f		t
kalimantan utara	wilayah:provinsi	f		t
kalimantan selatan	wilayah:provinsi	f		t
kalimantan barat	wilayah:provinsi	f		t
nusa tenggara timur	wilayah:provinsi	f		t
nusa tenggara barat	wilayah:provinsi	f		t
sulawesi tengah	wilayah:provinsi	f		t
sulawesi utara	wilayah:provinsi	f		t
sulawesi tenggara	wilayah:provinsi	f		t
sulawesi selatan	wilayah:provinsi	f		t
sulawesi barat	wilayah:provinsi	f		t
maluku utara	wilayah:provinsi	f		t
papua barat	wilayah:provinsi	f		t
sumatera tengah	wilayah:provinsi	f		t
sunda kecil	wilayah:provinsi	f		t
papua tengah	wilayah:provinsi	f		t
papua selatan	wilayah:provinsi	f		t
papua pegunungan	wilayah:provinsi	f		t
papua barat daya	wilayah:provinsi	f		t
aceh besar	wilayah:kabupaten-kota	f		t
gayo lues	wilayah:kabupaten-kota	f		t
aceh jaya	wilayah:kabupaten-kota	f		t
aceh singkil	wilayah:kabupaten-kota	f		t
aceh timur	wilayah:kabupaten-kota	f		t
aceh tengah	wilayah:kabupaten-kota	f		t
aceh tamiang	wilayah:kabupaten-kota	f		t
bener meriah	wilayah:kabupaten-kota	f		t
nagan raya	wilayah:kabupaten-kota	f		t
aceh utara	wilayah:kabupaten-kota	f		t
pidie jaya	wilayah:kabupaten-kota	f		t
aceh selatan	wilayah:kabupaten-kota	f		t
aceh tenggara	wilayah:kabupaten-kota	f		t
aceh barat daya	wilayah:kabupaten-kota	f		t
aceh barat	wilayah:kabupaten-kota	f		t
banda aceh	wilayah:kabupaten-kota	f		t
bangka tengah	wilayah:kabupaten-kota	f		t
belitung timur	wilayah:kabupaten-kota	f		t
bangka selatan	wilayah:kabupaten-kota	f		t
bangka barat	wilayah:kabupaten-kota	f		t
pangkal pinang	wilayah:kabupaten-kota	f		t
bengkulu tengah	wilayah:kabupaten-kota	f		t
bengkulu utara	wilayah:kabupaten-kota	f		t
rejang lebong	wilayah:kabupaten-kota	f		t
bengkulu selatan	wilayah:kabupaten-kota	f		t
batang hari	wilayah:kabupaten-kota	f		t
muaro jambi	wilayah:kabupaten-kota	f		t
tanjung jabung timur	wilayah:kabupaten-kota	f		t
tanjung jabung barat	wilayah:kabupaten-kota	f		t
sungai penuh	wilayah:kabupaten-kota	f		t
lampung tengah	wilayah:kabupaten-kota	f		t
lampung timur	wilayah:kabupaten-kota	f		t
lampung utara	wilayah:kabupaten-kota	f		t
lampung selatan	wilayah:kabupaten-kota	f		t
tulang bawang	wilayah:kabupaten-kota	f		t
way kanan	wilayah:kabupaten-kota	f		t
lampung barat	wilayah:kabupaten-kota	f		t
tulang bawang barat	wilayah:kabupaten-kota	f		t
bandar lampung	wilayah:kabupaten-kota	f		t
pesisir barat	wilayah:kabupaten-kota	f		t
batu bara	wilayah:kabupaten-kota	f		t
tapanuli tengah	wilayah:kabupaten-kota	f		t
deli serdang	wilayah:kabupaten-kota	f		t
humbang hasundutan	wilayah:kabupaten-kota	f		t
mandailing natal	wilayah:kabupaten-kota	f		t
labuhanbatu utara	wilayah:kabupaten-kota	f		t
nias utara	wilayah:kabupaten-kota	f		t
padang lawas utara	wilayah:kabupaten-kota	f		t
tapanuli utara	wilayah:kabupaten-kota	f		t
padang lawas	wilayah:kabupaten-kota	f		t
pakpak bharat	wilayah:kabupaten-kota	f		t
serdang bedagai	wilayah:kabupaten-kota	f		t
labuhanbatu selatan	wilayah:kabupaten-kota	f		t
nias barat	wilayah:kabupaten-kota	f		t
tapanuli selatan	wilayah:kabupaten-kota	f		t
nias selatan	wilayah:kabupaten-kota	f		t
pematang siantar	wilayah:kabupaten-kota	f		t
tanjung balai	wilayah:kabupaten-kota	f		t
tebing tinggi	wilayah:kabupaten-kota	f		t
indragiri hilir	wilayah:kabupaten-kota	f		t
indragiri hulu	wilayah:kabupaten-kota	f		t
kuantan singingi	wilayah:kabupaten-kota	f		t
kepulauan meranti	wilayah:kabupaten-kota	f		t
rokan hulu	wilayah:kabupaten-kota	f		t
rokan hilir	wilayah:kabupaten-kota	f		t
kepulauan anambas	wilayah:kabupaten-kota	f		t
ogan komering ulu timur	wilayah:kabupaten-kota	f		t
empat lawang	wilayah:kabupaten-kota	f		t
muara enim	wilayah:kabupaten-kota	f		t
musi banyuasin	wilayah:kabupaten-kota	f		t
musi rawas	wilayah:kabupaten-kota	f		t
ogan ilir	wilayah:kabupaten-kota	f		t
ogan komering ilir	wilayah:kabupaten-kota	f		t
ogan komering ulu	wilayah:kabupaten-kota	f		t
ogan komering ulu selatan	wilayah:kabupaten-kota	f		t
lubuk linggau	wilayah:kabupaten-kota	f		t
pagar alam	wilayah:kabupaten-kota	f		t
penukal abab lematang ilir	wilayah:kabupaten-kota	f		t
musi rawas utara	wilayah:kabupaten-kota	f		t
lima puluh kota	wilayah:kabupaten-kota	f		t
kepulauan mentawai	wilayah:kabupaten-kota	f		t
padang pariaman	wilayah:kabupaten-kota	f		t
pesisir selatan	wilayah:kabupaten-kota	f		t
solok selatan	wilayah:kabupaten-kota	f		t
tanah datar	wilayah:kabupaten-kota	f		t
pasaman barat	wilayah:kabupaten-kota	f		t
padang panjang	wilayah:kabupaten-kota	f		t
tangerang selatan	wilayah:kabupaten-kota	f		t
kepulauan seribu	wilayah:kabupaten-kota	f		t
jakarta pusat	wilayah:kabupaten-kota	f		t
jakarta timur	wilayah:kabupaten-kota	f		t
jakarta utara	wilayah:kabupaten-kota	f		t
jakarta selatan	wilayah:kabupaten-kota	f		t
jakarta barat	wilayah:kabupaten-kota	f		t
bandung barat	wilayah:kabupaten-kota	f		t
kulon progo	wilayah:kabupaten-kota	f		t
barito timur	wilayah:kabupaten-kota	f		t
kotawaringin timur	wilayah:kabupaten-kota	f		t
gunung mas	wilayah:kabupaten-kota	f		t
murung raya	wilayah:kabupaten-kota	f		t
barito utara	wilayah:kabupaten-kota	f		t
pulang pisau	wilayah:kabupaten-kota	f		t
barito selatan	wilayah:kabupaten-kota	f		t
kotawaringin barat	wilayah:kabupaten-kota	f		t
palangka raya	wilayah:kabupaten-kota	f		t
kutai timur	wilayah:kabupaten-kota	f		t
kutai kartanegara	wilayah:kabupaten-kota	f		t
penajam paser utara	wilayah:kabupaten-kota	f		t
tana tidung	wilayah:kabupaten-kota	f		t
kutai barat	wilayah:kabupaten-kota	f		t
mahakam ulu	wilayah:kabupaten-kota	f		t
barito kuala	wilayah:kabupaten-kota	f		t
hulu sungai tengah	wilayah:kabupaten-kota	f		t
hulu sungai utara	wilayah:kabupaten-kota	f		t
hulu sungai selatan	wilayah:kabupaten-kota	f		t
tanah laut	wilayah:kabupaten-kota	f		t
tanah bumbu	wilayah:kabupaten-kota	f		t
kapuas hulu	wilayah:kabupaten-kota	f		t
kayong utara	wilayah:kabupaten-kota	f		t
kubu raya	wilayah:kabupaten-kota	f		t
sumba tengah	wilayah:kabupaten-kota	f		t
flores timur	wilayah:kabupaten-kota	f		t
manggarai timur	wilayah:kabupaten-kota	f		t
sumba timur	wilayah:kabupaten-kota	f		t
timor tengah utara	wilayah:kabupaten-kota	f		t
rote ndao	wilayah:kabupaten-kota	f		t
sabu raijua	wilayah:kabupaten-kota	f		t
timor tengah selatan	wilayah:kabupaten-kota	f		t
sumba barat daya	wilayah:kabupaten-kota	f		t
manggarai barat	wilayah:kabupaten-kota	f		t
sumba barat	wilayah:kabupaten-kota	f		t
lombok timur	wilayah:kabupaten-kota	f		t
lombok tengah	wilayah:kabupaten-kota	f		t
lombok utara	wilayah:kabupaten-kota	f		t
lombok barat	wilayah:kabupaten-kota	f		t
sumbawa barat	wilayah:kabupaten-kota	f		t
banggai kepulauan	wilayah:kabupaten-kota	f		t
parigi moutong	wilayah:kabupaten-kota	f		t
tojo una-una	wilayah:kabupaten-kota	f		t
toli-toli	wilayah:kabupaten-kota	f		t
banggai laut	wilayah:kabupaten-kota	f		t
morowali utara	wilayah:kabupaten-kota	f		t
buol toli-toli	wilayah:kabupaten-kota	f		t
bone bolango	wilayah:kabupaten-kota	f		t
gorontalo utara	wilayah:kabupaten-kota	f		t
bolaang mongondow	wilayah:kabupaten-kota	f		t
bolaang mongondow timur	wilayah:kabupaten-kota	f		t
bolaang mongondow utara	wilayah:kabupaten-kota	f		t
minahasa utara	wilayah:kabupaten-kota	f		t
kepulauan sangihe	wilayah:kabupaten-kota	f		t
kepulauan siau tagulandang biaro	wilayah:kabupaten-kota	f		t
bolaang mongondow selatan	wilayah:kabupaten-kota	f		t
minahasa selatan	wilayah:kabupaten-kota	f		t
minahasa tenggara	wilayah:kabupaten-kota	f		t
kepulauan talaud	wilayah:kabupaten-kota	f		t
buton utara	wilayah:kabupaten-kota	f		t
kolaka utara	wilayah:kabupaten-kota	f		t
konawe utara	wilayah:kabupaten-kota	f		t
konawe selatan	wilayah:kabupaten-kota	f		t
bau bau	wilayah:kabupaten-kota	f		t
konawe kepulauan	wilayah:kabupaten-kota	f		t
kolaka timur	wilayah:kabupaten-kota	f		t
buton tengah	wilayah:kabupaten-kota	f		t
buton selatan	wilayah:kabupaten-kota	f		t
muna barat	wilayah:kabupaten-kota	f		t
luwu timur	wilayah:kabupaten-kota	f		t
luwu utara	wilayah:kabupaten-kota	f		t
toraja utara	wilayah:kabupaten-kota	f		t
pangkajene dan kepulauan	wilayah:kabupaten-kota	f		t
kepulauan selayar	wilayah:kabupaten-kota	f		t
tana toraja	wilayah:kabupaten-kota	f		t
sidenreng rappang	wilayah:kabupaten-kota	f		t
polewali mandar	wilayah:kabupaten-kota	f		t
polewali mamasa	wilayah:kabupaten-kota	f		t
mamuju tengah	wilayah:kabupaten-kota	f		t
kepulauan aru	wilayah:kabupaten-kota	f		t
seram bagian timur	wilayah:kabupaten-kota	f		t
buru selatan	wilayah:kabupaten-kota	f		t
maluku tenggara	wilayah:kabupaten-kota	f		t
maluku barat daya	wilayah:kabupaten-kota	f		t
seram bagian barat	wilayah:kabupaten-kota	f		t
kepulauan tanimbar	wilayah:kabupaten-kota	f		t
halmahera tengah	wilayah:kabupaten-kota	f		t
maluku tengah	wilayah:kabupaten-kota	f		t
halmahera timur	wilayah:kabupaten-kota	f		t
halmahera utara	wilayah:kabupaten-kota	f		t
halmahera selatan	wilayah:kabupaten-kota	f		t
kepulauan sula	wilayah:kabupaten-kota	f		t
halmahera barat	wilayah:kabupaten-kota	f		t
tidore kepulauan	wilayah:kabupaten-kota	f		t
pulau taliabu	wilayah:kabupaten-kota	f		t
pulau morotai	wilayah:kabupaten-kota	f		t
raja ampat	wilayah:kabupaten-kota	f		t
sorong selatan	wilayah:kabupaten-kota	f		t
teluk bintuni	wilayah:kabupaten-kota	f		t
teluk wondama	wilayah:kabupaten-kota	f		t
biak numfor	wilayah:kabupaten-kota	f		t
boven digoel	wilayah:kabupaten-kota	f		t
mamberamo tengah	wilayah:kabupaten-kota	f		t
intan jaya	wilayah:kabupaten-kota	f		t
lanny jaya	wilayah:kabupaten-kota	f		t
mamberamo raya	wilayah:kabupaten-kota	f		t
pegunungan bintang	wilayah:kabupaten-kota	f		t
kepulauan yapen	wilayah:kabupaten-kota	f		t
yapen waropen	wilayah:kabupaten-kota	f		t
manokwari selatan	wilayah:kabupaten-kota	f		t
pegunungan arfak	wilayah:kabupaten-kota	f		t
keresidenan jambi	wilayah:kabupaten-kota	f		t
keresidenan riau	wilayah:kabupaten-kota	f		t
keresidenan sumatra barat	wilayah:kabupaten-kota	f		t
puncak jaya	wilayah:kabupaten-kota	f		t
ida bagus	orang:nama-depan	f		t
hadi / hady	orang:nama-depan	f		t
abd al-qadir	orang:nama-depan	f		t
abd al-karīm	orang:nama-depan	f		t
abd al-aziz	orang:nama-depan	f		t
abdul hadi	orang:nama-depan	f		t
abd al-hakim	orang:nama-depan	f		t
abdul halim	orang:nama-depan	f		t
ʻabd al-wahhāb	orang:nama-depan	f		t
ali akbar	orang:nama-depan	f		t
abdul malik	orang:nama-depan	f		t
abdul qahar	orang:nama-depan	f		t
abdul ghani	orang:nama-depan	f		t
'abd al-wahid	orang:nama-depan	f		t
liem nio	orang:nama-depan	f		t
pek sen	orang:nama-depan	f		t
poo djian	orang:nama-depan	f		t
joe hok	orang:nama-depan	f		t
abu bakar	orang:nama-depan	f		t
swie king	orang:nama-depan	f		t
tjeng kiang	orang:nama-depan	f		t
king gwan	orang:nama-depan	f		t
tiong ping	orang:nama-depan	f		t
boen kao	orang:nama-depan	f		t
abdul hafiz	orang:nama-depan	f		t
ʿabd al-ṣamad	orang:nama-depan	f		t
zsa zsa	orang:nama-depan	f		t
abdur razzaq	orang:nama-depan	f		t
abdul ghaffar	orang:nama-depan	f		t
marie-claire	orang:nama-depan	f		t
françois-xavier	orang:nama-depan	f		t
tjoen ing	orang:nama-depan	f		t
weng ching	orang:nama-depan	f		t
mei hwa	orang:nama-depan	f		t
kiok nio	orang:nama-depan	f		t
lin nio	orang:nama-depan	f		t
hong nio	orang:nama-depan	f		t
tjiang beng	orang:nama-depan	f		t
kok kiong	orang:nama-depan	f		t
wen wayne	orang:nama-depan	f		t
cun cun	orang:nama-depan	f		t
wie hong	orang:nama-depan	f		t
hian sioe	orang:nama-depan	f		t
sioe kiem	orang:nama-depan	f		t
khay houw	orang:nama-depan	f		t
soen lok	orang:nama-depan	f		t
tjiauw tjiang	orang:nama-depan	f		t
yok sin	orang:nama-depan	f		t
koen eng	orang:nama-depan	f		t
yu wan	orang:nama-depan	f		t
siam tie	orang:nama-depan	f		t
ai ling	orang:nama-depan	f		t
koen liong	orang:nama-depan	f		t
liem hwa	orang:nama-depan	f		t
ing nio	orang:nama-depan	f		t
tjie sing	orang:nama-depan	f		t
king gie	orang:nama-depan	f		t
han tiong	orang:nama-depan	f		t
su-jin	orang:nama-depan	f		t
balqis faris	orang:nama-depan	f		t
'abd al-majid	orang:nama-depan	f		t
fāṭima al-zahra	orang:nama-depan	f		t
fakhr al din	orang:nama-depan	f		t
yan li	orang:nama-depan	f		t
hwat nio	orang:nama-depan	f		t
da silva	orang:nama-keluarga	f		t
de pauw	orang:nama-keluarga	f		t
van beuzekom	orang:nama-keluarga	f		t
douwes dekker	orang:nama-keluarga	f		t
de vos	orang:nama-keluarga	f		t
ginting suka	orang:nama-keluarga	f		t
van breukelen	orang:nama-keluarga	f		t
van aert	orang:nama-keluarga	f		t
de jongh	orang:nama-keluarga	f		t
van den hurk	orang:nama-keluarga	f		t
van bronckhorst	orang:nama-keluarga	f		t
de lima	orang:nama-keluarga	f		t
de beule	orang:nama-keluarga	f		t
paku alam iii	orang:nama-keluarga	f		t
al mushira	orang:nama-keluarga	f		t
pierre-louis	orang:nama-keluarga	f		t
de carvalho	orang:nama-keluarga	f		t
da cunha	orang:nama-keluarga	f		t
kumala-dewi	orang:nama-keluarga	f		t
van der sloot	orang:nama-keluarga	f		t
al fajri	orang:nama-keluarga	f		t
al farizi	orang:nama-keluarga	f		t
al-barzanjī	orang:nama-keluarga	f		t
az-zahra	orang:nama-keluarga	f		t
