item_id,model,rumusan,kunci_hadir,a_kena,a_total,b_kena,b_total,panjang_kata,latensi_ms,biaya_usd,tokens_out,held_out,waktu_amat,cap_token,dijalankan_pada
id-n1-001,deepseek-v4-flash-0731,open-py1,1,0,0,1,1,7,4280,0.0000589400,145,0,2026-08-14T07:20:05,600,2026-08-15T18:24:07+0700
id-n1-002,deepseek-v4-flash-0731,open-py1,1,0,0,1,1,8,8209,0.0000269000,89,0,2026-08-14T07:20:15,600,2026-08-15T18:24:07+0700
id-n1-003,deepseek-v4-flash-0731,open-py1,0,1,1,2,2,7,2045,0.0000489370,91,1,2026-08-14T07:20:18,600,2026-08-15T18:24:07+0700
id-n1-004,deepseek-v4-flash-0731,open-py1,1,2,2,1,1,5,1510,0.0000149400,19,1,2026-08-14T07:20:21,600,2026-08-15T18:24:07+0700
id-n1-005,deepseek-v4-flash-0731,open-py1,0,0,0,0,0,6,6417,0.0000418600,84,0,2026-08-14T07:20:28,600,2026-08-15T18:24:07+0700
id-n1-006,deepseek-v4-flash-0731,open-py1,0,0,0,2,2,7,1676,0.0000427000,88,1,2026-08-14T07:20:31,600,2026-08-15T18:24:07+0700
id-n1-007,deepseek-v4-flash-0731,open-py1,1,2,2,2,2,6,1451,0.0000437600,95,1,2026-08-14T07:20:34,600,2026-08-15T18:24:07+0700
id-n1-008,deepseek-v4-flash-0731,open-py1,0,1,1,1,1,6,1990,0.0000401800,79,0,2026-08-14T07:20:37,600,2026-08-15T18:24:07+0700
id-n1-009,deepseek-v4-flash-0731,open-py1,0,0,0,1,2,5,1820,0.0000541800,128,1,2026-08-14T07:50:29,600,2026-08-15T18:24:07+0700
id-n1-010,deepseek-v4-flash-0731,open-py1,0,0,0,0,1,7,30664,0.0000544800,244,0,2026-08-14T07:51:01,600,2026-08-15T18:24:07+0700
id-n1-011,deepseek-v4-flash-0731,open-py1,0,2,2,1,1,75,4482,0.0000585190,145,0,2026-08-14T07:51:07,600,2026-08-15T18:24:07+0700
id-n1-012,deepseek-v4-flash-0731,open-py1,1,4,4,0,0,8,1617,0.0000273910,84,0,2026-08-14T07:51:09,600,2026-08-15T18:24:07+0700
id-n1-013,deepseek-v4-flash-0731,open-py1,0,1,3,1,1,7,10317,0.0001363100,426,0,2026-08-14T07:51:21,600,2026-08-15T18:24:07+0700
id-n1-014,deepseek-v4-flash-0731,open-py1,0,1,1,1,2,8,26676,0.0002026800,1066,0,2026-08-14T08:11:51,2400,2026-08-15T18:24:07+0700
id-n1-015,deepseek-v4-flash-0731,open-py1,0,0,0,0,0,4,16488,0.0001020400,510,1,2026-08-14T07:51:46,600,2026-08-15T18:24:07+0700
id-n1-016,deepseek-v4-flash-0731,open-py1,1,1,1,2,2,6,7719,0.0000412290,189,0,2026-08-14T07:51:55,600,2026-08-15T18:24:07+0700
id-n1-017,deepseek-v4-flash-0731,open-py1,1,2,2,0,0,6,2679,0.0000497000,113,0,2026-08-14T07:51:59,600,2026-08-15T18:24:07+0700
id-n1-018,deepseek-v4-flash-0731,open-py1,0,0,1,2,3,5,1437,0.0000669200,174,0,2026-08-14T07:52:02,600,2026-08-15T18:24:07+0700
id-n1-019,deepseek-v4-flash-0731,open-py1,1,0,0,1,1,6,2734,0.0000260200,85,0,2026-08-14T07:52:06,600,2026-08-15T18:24:07+0700
id-n1-020,deepseek-v4-flash-0731,open-py1,0,3,3,0,3,4,15364,0.0000611100,273,1,2026-08-14T07:52:22,600,2026-08-15T18:24:07+0700
id-n1-021,deepseek-v4-flash-0731,open-py1,0,0,1,1,2,6,2662,0.0000378000,70,0,2026-08-14T07:52:26,600,2026-08-15T18:24:07+0700
id-n1-022,deepseek-v4-flash-0731,open-py1,0,1,1,2,3,6,2261,0.0000404600,79,0,2026-08-14T07:52:30,600,2026-08-15T18:24:07+0700
id-n1-023,deepseek-v4-flash-0731,open-py1,0,1,1,0,1,3,1923,0.0000307580,106,1,2026-08-14T07:52:33,600,2026-08-15T18:24:07+0700
id-n1-024,deepseek-v4-flash-0731,open-py1,0,0,0,0,2,5,17813,0.0006349010,1924,0,2026-08-14T08:12:10,2400,2026-08-15T18:24:07+0700
id-n1-025,deepseek-v4-flash-0731,open-py1,0,1,1,3,3,33,2509,0.0000333600,56,0,2026-08-14T07:52:59,600,2026-08-15T18:24:07+0700
id-n1-026,deepseek-v4-flash-0731,open-py1,0,0,0,1,1,6,4093,0.0000413000,82,0,2026-08-14T07:53:04,600,2026-08-15T18:24:07+0700
id-n1-027,deepseek-v4-flash-0731,open-py1,0,0,0,2,3,6,4127,0.0000750000,107,0,2026-08-14T08:12:15,2400,2026-08-15T18:24:07+0700
id-n1-028,deepseek-v4-flash-0731,open-py1,0,1,1,2,2,9,3644,0.0000454530,97,0,2026-08-14T07:53:54,600,2026-08-15T18:24:07+0700
id-n1-029,deepseek-v4-flash-0731,open-py1,1,0,0,2,2,4,8466,0.0000249480,89,0,2026-08-14T07:54:04,600,2026-08-15T18:24:07+0700
id-n1-030,deepseek-v4-flash-0731,open-py1,1,1,1,0,0,6,2775,0.0000620200,156,0,2026-08-14T07:54:08,600,2026-08-15T18:24:07+0700
id-n1-031,deepseek-v4-flash-0731,open-py1,1,1,1,2,2,7,1221,0.0000151200,20,1,2026-08-14T07:54:10,600,2026-08-15T18:24:07+0700
id-n1-032,deepseek-v4-flash-0731,open-py1,1,0,0,1,1,5,1135,0.0000315000,49,0,2026-08-14T07:54:13,600,2026-08-15T18:24:07+0700
id-n1-033,deepseek-v4-flash-0731,open-py1,0,0,1,1,1,5,4263,0.0001471400,461,0,2026-08-14T07:54:18,600,2026-08-15T18:24:07+0700
id-n1-034,deepseek-v4-flash-0731,open-py1,1,0,0,2,2,7,4018,0.0000282240,102,1,2026-08-14T07:54:23,600,2026-08-15T18:24:07+0700
id-n1-035,deepseek-v4-flash-0731,open-py1,0,0,0,0,0,7,6374,0.0000729960,369,0,2026-08-14T07:54:31,600,2026-08-15T18:24:07+0700
id-n1-036,deepseek-v4-flash-0731,open-py1,0,0,0,1,1,6,2062,0.0000323050,111,1,2026-08-14T07:54:34,600,2026-08-15T18:24:07+0700
id-n1-037,deepseek-v4-flash-0731,open-py1,0,1,1,1,1,7,3173,0.0000274435,67,0,2026-08-14T07:54:38,600,2026-08-15T18:24:07+0700
id-n1-038,deepseek-v4-flash-0731,open-py1,0,0,0,1,2,5,4582,0.0000362040,151,0,2026-08-14T07:54:44,600,2026-08-15T18:24:07+0700
id-n1-039,deepseek-v4-flash-0731,open-py1,0,1,1,0,0,6,2778,0.0000218400,65,0,2026-08-14T08:12:19,2400,2026-08-15T18:24:07+0700
id-n1-040,deepseek-v4-flash-0731,open-py1,1,1,1,1,1,5,1160,0.0000509600,117,0,2026-08-14T07:55:17,600,2026-08-15T18:24:07+0700
id-n1-041,deepseek-v4-flash-0731,open-py1,1,0,0,2,2,6,1189,0.0000390600,74,1,2026-08-14T07:55:20,600,2026-08-15T18:24:07+0700
id-n1-042,deepseek-v4-flash-0731,open-py1,1,1,1,3,3,6,2156,0.0000323960,113,1,2026-08-14T07:55:23,600,2026-08-15T18:24:07+0700
id-n1-043,deepseek-v4-flash-0731,open-py1,0,1,1,0,1,6,4635,0.0000358680,148,0,2026-08-14T07:55:29,600,2026-08-15T18:24:07+0700
id-n1-044,deepseek-v4-flash-0731,open-py1,0,0,0,1,3,6,11941,0.0000367600,146,0,2026-08-14T07:55:42,600,2026-08-15T18:24:07+0700
id-n1-045,deepseek-v4-flash-0731,open-py1,0,1,1,2,3,7,1449,0.0001075200,318,0,2026-08-14T07:55:45,600,2026-08-15T18:24:07+0700
id-n1-046,deepseek-v4-flash-0731,open-py1,0,0,0,0,1,4,4857,0.0001200210,315,1,2026-08-14T07:55:51,600,2026-08-15T18:24:07+0700
id-n1-047,deepseek-v4-flash-0731,open-py1,0,0,0,1,3,5,13937,0.0000488430,235,0,2026-08-14T07:56:06,600,2026-08-15T18:24:07+0700
id-n1-048,deepseek-v4-flash-0731,open-py1,0,1,1,1,2,5,5360,0.0000627100,165,0,2026-08-14T07:56:13,600,2026-08-15T18:24:07+0700
id-n1-049,deepseek-v4-flash-0731,open-py1,1,1,1,0,0,6,11667,0.0000322800,122,0,2026-08-14T07:56:25,600,2026-08-15T18:24:07+0700
id-n1-050,deepseek-v4-flash-0731,open-py1,0,0,0,0,0,5,4006,0.0000883200,256,1,2026-08-14T07:56:31,600,2026-08-15T18:24:07+0700
id-n1-051,deepseek-v4-flash-0731,open-py1,1,0,0,1,1,7,18662,0.0000402155,118,0,2026-08-14T07:56:50,600,2026-08-15T18:24:07+0700
id-n1-052,deepseek-v4-flash-0731,open-py1,0,0,0,0,2,5,4420,0.0000336000,135,0,2026-08-14T07:56:56,600,2026-08-15T18:24:07+0700
id-n1-053,deepseek-v4-flash-0731,open-py1,1,1,1,1,1,7,2917,0.0000575770,118,1,2026-08-14T07:57:00,600,2026-08-15T18:24:07+0700
id-n1-054,deepseek-v4-flash-0731,open-py1,1,0,0,0,0,7,8823,0.0000355590,153,0,2026-08-14T07:57:10,600,2026-08-15T18:24:07+0700
id-n2-001,deepseek-v4-flash-0731,open-py1,1,0,0,5,5,8,15255,0.0000488755,153,0,2026-08-14T07:57:27,600,2026-08-15T18:24:07+0700
id-n2-002,deepseek-v4-flash-0731,open-py1,1,0,0,3,3,7,9739,0.0000406620,186,1,2026-08-14T07:57:38,600,2026-08-15T18:24:07+0700
id-n2-003,deepseek-v4-flash-0731,open-py1,1,0,0,2,2,7,2152,0.0000223000,67,1,2026-08-14T07:57:41,600,2026-08-15T18:24:07+0700
id-n2-004,deepseek-v4-flash-0731,open-py1,1,0,0,6,6,6,2780,0.0000729400,197,0,2026-08-14T07:57:45,600,2026-08-15T18:24:07+0700
id-n2-005,deepseek-v4-flash-0731,open-py1,1,0,0,6,6,6,1809,0.0000307580,104,0,2026-08-14T07:57:48,600,2026-08-15T18:24:07+0700
id-n2-006,deepseek-v4-flash-0731,open-py1,1,0,0,1,1,7,14012,0.0000466995,145,1,2026-08-14T07:58:03,600,2026-08-15T18:24:07+0700
id-n2-007,deepseek-v4-flash-0731,open-py1,1,0,0,2,2,6,3502,0.0000418600,85,0,2026-08-14T07:58:08,600,2026-08-15T18:24:07+0700
id-n2-008,deepseek-v4-flash-0731,open-py1,1,0,0,1,1,7,1582,0.0000287700,41,0,2026-08-14T07:58:12,600,2026-08-15T18:24:07+0700
id-n2-009,deepseek-v4-flash-0731,open-py1,1,0,0,3,3,7,4451,0.0000180900,36,0,2026-08-14T07:58:18,600,2026-08-15T18:24:07+0700
id-n2-010,deepseek-v4-flash-0731,open-py1,1,0,0,3,4,7,2580,0.0000579100,146,0,2026-08-14T07:58:22,600,2026-08-15T18:24:07+0700
id-n2-011,deepseek-v4-flash-0731,open-py1,1,0,0,7,7,7,1992,0.0000270200,33,1,2026-08-14T07:58:25,600,2026-08-15T18:24:07+0700
id-n2-012,deepseek-v4-flash-0731,open-py1,1,0,0,3,3,6,1766,0.0000212400,51,0,2026-08-14T07:58:28,600,2026-08-15T18:24:07+0700
id-n2-013,deepseek-v4-flash-0731,open-py1,1,0,0,1,1,5,2443,0.0000626000,93,0,2026-08-14T07:58:32,600,2026-08-15T18:24:07+0700
id-n2-014,deepseek-v4-flash-0731,open-py1,1,0,0,3,3,6,4770,0.0000324300,55,0,2026-08-14T07:58:38,600,2026-08-15T18:24:07+0700
id-n2-015,deepseek-v4-flash-0731,open-py1,1,0,0,2,2,5,4098,0.0000368200,67,0,2026-08-14T07:58:43,600,2026-08-15T18:24:07+0700
id-n1-001,deepseek-v4-flash-0731,open-py2,1,0,0,1,1,7,1389,0.0000523600,107,0,2026-08-14T07:03:46,600,2026-08-15T18:24:07+0700
id-n1-002,deepseek-v4-flash-0731,open-py2,0,0,0,1,1,82,4526,0.0000729750,180,0,2026-08-14T07:03:52,600,2026-08-15T18:24:07+0700
id-n1-003,deepseek-v4-flash-0731,open-py2,0,1,1,1,2,6,6584,0.0001906800,600,1,2026-08-14T07:04:02,600,2026-08-15T18:24:07+0700
id-n1-004,deepseek-v4-flash-0731,open-py2,1,2,2,1,1,6,26766,0.0001580600,486,1,2026-08-14T07:04:30,600,2026-08-15T18:24:07+0700
id-n1-005,deepseek-v4-flash-0731,open-py2,1,0,0,0,0,6,4270,0.0000245280,66,0,2026-08-14T07:04:35,600,2026-08-15T18:24:07+0700
id-n1-006,deepseek-v4-flash-0731,open-py2,1,0,0,2,2,7,2273,0.0000369460,124,1,2026-08-14T07:04:39,600,2026-08-15T18:24:07+0700
id-n1-007,deepseek-v4-flash-0731,open-py2,1,2,2,2,2,6,5537,0.0000434280,178,1,2026-08-14T07:04:45,600,2026-08-15T18:24:07+0700
id-n1-008,deepseek-v4-flash-0731,open-py2,1,1,1,1,1,6,3119,0.0001050000,296,0,2026-08-14T08:12:24,2400,2026-08-15T18:24:07+0700
id-n1-009,deepseek-v4-flash-0731,open-py2,0,0,0,1,2,5,2781,0.0000425880,154,1,2026-08-14T07:05:07,600,2026-08-15T18:24:07+0700
id-n1-010,deepseek-v4-flash-0731,open-py2,1,0,0,1,1,7,6319,0.0000847890,190,0,2026-08-14T07:05:15,600,2026-08-15T18:24:07+0700
id-n1-011,deepseek-v4-flash-0731,open-py2,0,1,2,1,1,6,4020,0.0000579600,127,0,2026-08-14T07:05:20,600,2026-08-15T18:24:07+0700
id-n1-012,deepseek-v4-flash-0731,open-py2,1,4,4,0,0,8,8230,0.0000813600,371,0,2026-08-14T07:05:29,600,2026-08-15T18:24:07+0700
id-n1-013,deepseek-v4-flash-0731,open-py2,0,0,3,1,1,7,2298,0.0000672000,160,0,2026-08-14T07:05:33,600,2026-08-15T18:24:07+0700
id-n1-014,deepseek-v4-flash-0731,open-py2,0,0,1,2,2,8,4619,0.0001565200,477,0,2026-08-14T08:12:30,2400,2026-08-15T18:24:07+0700
id-n1-015,deepseek-v4-flash-0731,open-py2,0,0,0,0,0,5,3301,0.0001020600,286,1,2026-08-14T07:05:56,600,2026-08-15T18:24:07+0700
id-n1-016,deepseek-v4-flash-0731,open-py2,0,1,1,2,2,46,3621,0.0000528200,110,0,2026-08-14T07:06:01,600,2026-08-15T18:24:07+0700
id-n1-017,deepseek-v4-flash-0731,open-py2,0,1,2,0,0,6,16458,0.0001116400,550,0,2026-08-14T07:06:19,600,2026-08-15T18:24:07+0700
id-n1-018,deepseek-v4-flash-0731,open-py2,1,1,1,3,3,6,16831,0.0001185800,344,0,2026-08-14T07:59:47,600,2026-08-15T18:24:07+0700
id-n1-019,deepseek-v4-flash-0731,open-py2,1,0,0,1,1,6,19967,0.0000432793,120,0,2026-08-14T07:06:52,600,2026-08-15T18:24:07+0700
id-n1-020,deepseek-v4-flash-0731,open-py2,1,3,3,3,3,6,11755,0.0003312400,1102,1,2026-08-14T08:16:14,2400,2026-08-15T18:24:07+0700
id-n1-021,deepseek-v4-flash-0731,open-py2,0,0,1,2,2,6,2353,0.0000873710,199,0,2026-08-14T07:07:03,600,2026-08-15T18:24:07+0700
id-n1-022,deepseek-v4-flash-0731,open-py2,0,1,1,2,3,6,2864,0.0000414000,150,0,2026-08-14T07:07:07,600,2026-08-15T18:24:07+0700
id-n1-023,deepseek-v4-flash-0731,open-py2,0,0,1,1,1,4,30208,0.0000799354,268,1,2026-08-14T07:07:39,600,2026-08-15T18:24:07+0700
id-n1-024,deepseek-v4-flash-0731,open-py2,1,0,0,2,2,6,6140,0.0000432540,188,0,2026-08-14T07:07:46,600,2026-08-15T18:24:07+0700
id-n1-025,deepseek-v4-flash-0731,open-py2,1,1,1,3,3,7,5189,0.0000813130,181,0,2026-08-14T07:07:53,600,2026-08-15T18:24:07+0700
id-n1-026,deepseek-v4-flash-0731,open-py2,1,0,0,1,1,6,2384,0.0000384020,131,0,2026-08-14T07:07:56,600,2026-08-15T18:24:07+0700
id-n1-027,deepseek-v4-flash-0731,open-py2,0,0,0,2,3,6,12107,0.0000676350,338,0,2026-08-14T07:08:09,600,2026-08-15T18:24:07+0700
id-n1-028,deepseek-v4-flash-0731,open-py2,0,0,1,2,2,9,9617,0.0000882000,418,0,2026-08-14T07:08:20,600,2026-08-15T18:24:07+0700
id-n1-029,deepseek-v4-flash-0731,open-py2,1,0,0,2,2,4,4315,0.0000227304,107,0,2026-08-14T07:08:26,600,2026-08-15T18:24:07+0700
id-n1-030,deepseek-v4-flash-0731,open-py2,1,1,1,0,0,6,2276,0.0000627200,144,0,2026-08-14T07:08:29,600,2026-08-15T18:24:07+0700
id-n1-031,deepseek-v4-flash-0731,open-py2,1,1,1,2,2,7,2712,0.0000404600,155,1,2026-08-14T07:08:33,600,2026-08-15T18:24:07+0700
id-n1-032,deepseek-v4-flash-0731,open-py2,1,0,0,1,1,5,1426,0.0000501240,84,0,2026-08-14T07:08:36,600,2026-08-15T18:24:07+0700
id-n1-033,deepseek-v4-flash-0731,open-py2,0,0,1,1,1,5,5116,0.0000830620,186,0,2026-08-14T07:59:59,600,2026-08-15T18:24:07+0700
id-n1-034,deepseek-v4-flash-0731,open-py2,1,0,0,2,2,7,934,0.0000463400,85,1,2026-08-14T07:09:01,600,2026-08-15T18:24:07+0700
id-n1-035,deepseek-v4-flash-0731,open-py2,0,0,0,0,0,6,10162,0.0000447120,196,0,2026-08-14T07:09:12,600,2026-08-15T18:24:07+0700
id-n1-036,deepseek-v4-flash-0731,open-py2,1,0,0,1,1,6,14784,0.0000304200,97,1,2026-08-14T07:09:28,600,2026-08-15T18:24:07+0700
id-n1-037,deepseek-v4-flash-0731,open-py2,1,1,1,1,1,7,2257,0.0001034600,289,0,2026-08-14T07:09:32,600,2026-08-15T18:24:07+0700
id-n1-038,deepseek-v4-flash-0731,open-py2,1,0,0,2,2,5,6390,0.0000301320,107,0,2026-08-14T07:09:39,600,2026-08-15T18:24:07+0700
id-n1-039,deepseek-v4-flash-0731,open-py2,1,1,1,0,0,6,11944,0.0000321600,108,0,2026-08-14T08:00:12,600,2026-08-15T18:24:07+0700
id-n1-040,deepseek-v4-flash-0731,open-py2,1,1,1,1,1,5,7500,0.0000541800,114,0,2026-08-14T07:09:56,600,2026-08-15T18:24:07+0700
id-n1-041,deepseek-v4-flash-0731,open-py2,0,0,0,2,2,45,2862,0.0000514300,105,1,2026-08-14T07:10:00,600,2026-08-15T18:24:07+0700
id-n1-042,deepseek-v4-flash-0731,open-py2,1,1,1,3,3,6,4760,0.0000928200,252,1,2026-08-14T08:16:20,2400,2026-08-15T18:24:07+0700
id-n1-043,deepseek-v4-flash-0731,open-py2,1,1,1,1,1,6,6357,0.0000471900,244,0,2026-08-14T07:10:28,600,2026-08-15T18:24:07+0700
id-n1-044,deepseek-v4-flash-0731,open-py2,0,0,0,2,3,6,3657,0.0001330800,401,0,2026-08-14T07:10:33,600,2026-08-15T18:24:07+0700
id-n1-045,deepseek-v4-flash-0731,open-py2,0,0,1,2,3,6,27482,0.0002315250,581,0,2026-08-14T08:00:45,600,2026-08-15T18:24:07+0700
id-n1-046,deepseek-v4-flash-0731,open-py2,1,0,0,1,1,5,1671,0.0000518000,106,1,2026-08-14T07:10:43,600,2026-08-15T18:24:07+0700
id-n1-047,deepseek-v4-flash-0731,open-py2,1,0,0,3,3,6,6679,0.0000683424,377,0,2026-08-14T07:10:51,600,2026-08-15T18:24:07+0700
id-n1-048,deepseek-v4-flash-0731,open-py2,1,1,1,2,2,5,8417,0.0001022784,582,0,2026-08-14T07:11:01,600,2026-08-15T18:24:07+0700
id-n1-049,deepseek-v4-flash-0731,open-py2,1,1,1,0,0,6,2650,0.0000523600,108,0,2026-08-14T07:11:05,600,2026-08-15T18:24:07+0700
id-n1-050,deepseek-v4-flash-0731,open-py2,1,0,0,0,0,5,4042,0.0000933800,255,1,2026-08-14T07:11:10,600,2026-08-15T18:24:07+0700
id-n1-051,deepseek-v4-flash-0731,open-py2,1,0,0,1,1,7,3546,0.0000506800,101,0,2026-08-14T07:11:15,600,2026-08-15T18:24:07+0700
id-n1-052,deepseek-v4-flash-0731,open-py2,1,0,0,2,2,5,4045,0.0000706000,97,0,2026-08-14T07:11:20,600,2026-08-15T18:24:07+0700
id-n1-053,deepseek-v4-flash-0731,open-py2,1,1,1,1,1,7,6741,0.0001015560,477,1,2026-08-14T08:00:53,600,2026-08-15T18:24:07+0700
id-n1-054,deepseek-v4-flash-0731,open-py2,1,0,0,0,0,7,2370,0.0000393120,135,0,2026-08-14T07:11:42,600,2026-08-15T18:24:07+0700
id-n2-001,deepseek-v4-flash-0731,open-py2,1,0,0,5,5,8,3633,0.0000325800,102,0,2026-08-14T07:11:47,600,2026-08-15T18:24:07+0700
id-n2-002,deepseek-v4-flash-0731,open-py2,1,0,0,3,3,7,1857,0.0000645400,151,1,2026-08-14T07:11:50,600,2026-08-15T18:24:07+0700
id-n2-003,deepseek-v4-flash-0731,open-py2,1,0,0,2,2,7,5802,0.0000274274,59,1,2026-08-14T07:11:57,600,2026-08-15T18:24:07+0700
id-n2-004,deepseek-v4-flash-0731,open-py2,1,0,0,6,6,6,5573,0.0000218700,57,0,2026-08-14T07:12:04,600,2026-08-15T18:24:07+0700
id-n2-005,deepseek-v4-flash-0731,open-py2,1,0,0,6,6,6,5112,0.0000230850,63,0,2026-08-14T07:12:10,600,2026-08-15T18:24:07+0700
id-n2-006,deepseek-v4-flash-0731,open-py2,1,0,0,1,1,7,1371,0.0000414840,57,1,2026-08-14T07:12:13,600,2026-08-15T18:24:07+0700
id-n2-007,deepseek-v4-flash-0731,open-py2,1,0,0,2,2,6,1607,0.0000315840,85,0,2026-08-14T07:12:15,600,2026-08-15T18:24:07+0700
id-n2-008,deepseek-v4-flash-0731,open-py2,1,0,0,1,1,7,1073,0.0000436800,75,0,2026-08-14T07:12:18,600,2026-08-15T18:24:07+0700
id-n2-009,deepseek-v4-flash-0731,open-py2,1,0,0,3,3,7,1780,0.0000272600,24,0,2026-08-14T07:12:21,600,2026-08-15T18:24:07+0700
id-n2-010,deepseek-v4-flash-0731,open-py2,1,0,0,4,4,6,15396,0.0000455600,182,0,2026-08-14T08:01:10,600,2026-08-15T18:24:07+0700
id-n2-011,deepseek-v4-flash-0731,open-py2,1,0,0,7,7,7,5837,0.0000241380,71,1,2026-08-14T08:01:17,600,2026-08-15T18:24:07+0700
id-n2-012,deepseek-v4-flash-0731,open-py2,1,0,0,3,3,6,987,0.0000444600,89,0,2026-08-14T08:01:19,600,2026-08-15T18:24:07+0700
id-n2-013,deepseek-v4-flash-0731,open-py2,1,0,0,1,1,5,21899,0.0000253314,51,0,2026-08-14T08:01:42,600,2026-08-15T18:24:07+0700
id-n2-014,deepseek-v4-flash-0731,open-py2,1,0,0,3,3,6,6513,0.0000270540,87,0,2026-08-14T08:01:50,600,2026-08-15T18:24:07+0700
id-n2-015,deepseek-v4-flash-0731,open-py2,1,0,0,2,2,5,2578,0.0000210600,38,0,2026-08-14T08:01:54,600,2026-08-15T18:24:07+0700
id-n1-001,deepseek-v4-flash-0731,open-py3,1,0,0,1,1,7,5138,0.0000425880,179,0,2026-08-14T08:02:10,600,2026-08-15T18:24:07+0700
id-n1-002,deepseek-v4-flash-0731,open-py3,1,0,0,1,1,9,38748,0.0001025354,358,0,2026-08-14T08:02:49,600,2026-08-15T18:24:07+0700
id-n1-003,deepseek-v4-flash-0731,open-py3,1,1,1,2,2,7,11623,0.0000611800,143,1,2026-08-14T08:03:02,600,2026-08-15T18:24:07+0700
id-n1-004,deepseek-v4-flash-0731,open-py3,1,2,2,1,1,5,3075,0.0000498400,105,1,2026-08-14T08:03:07,600,2026-08-15T18:24:07+0700
id-n1-005,deepseek-v4-flash-0731,open-py3,1,0,0,0,0,6,3490,0.0000572600,130,0,2026-08-14T08:03:11,600,2026-08-15T18:24:07+0700
id-n1-006,deepseek-v4-flash-0731,open-py3,0,0,0,2,2,7,3240,0.0000539000,119,1,2026-08-14T08:03:19,600,2026-08-15T18:24:07+0700
id-n1-007,deepseek-v4-flash-0731,open-py3,0,2,2,1,2,6,2750,0.0001212400,358,1,2026-08-14T08:13:04,600,2026-08-15T18:24:07+0700
id-n1-008,deepseek-v4-flash-0731,open-py3,1,1,1,0,1,7,4828,0.0000725270,325,0,2026-08-14T08:03:38,600,2026-08-15T18:24:07+0700
id-n1-009,deepseek-v4-flash-0731,open-py3,0,0,0,1,2,5,14166,0.0000346000,126,1,2026-08-14T08:03:53,600,2026-08-15T18:24:07+0700
id-n1-010,deepseek-v4-flash-0731,open-py3,1,0,0,1,1,7,3937,0.0000516000,220,0,2026-08-14T08:03:59,600,2026-08-15T18:24:07+0700
id-n1-011,deepseek-v4-flash-0731,open-py3,0,2,2,0,1,6,9093,0.0001030344,590,0,2026-08-14T08:16:30,2400,2026-08-15T18:24:07+0700
id-n1-012,deepseek-v4-flash-0731,open-py3,1,4,4,0,0,8,4722,0.0000379890,159,0,2026-08-14T08:04:21,600,2026-08-15T18:24:07+0700
id-n1-013,deepseek-v4-flash-0731,open-py3,0,2,3,1,1,7,21562,0.0003600000,672,0,2026-08-14T08:16:53,2400,2026-08-15T18:24:07+0700
id-n1-014,deepseek-v4-flash-0731,open-py3,1,1,1,2,2,8,37985,0.0000925200,446,0,2026-08-14T08:05:06,600,2026-08-15T18:24:07+0700
id-n1-015,deepseek-v4-flash-0731,open-py3,0,0,0,0,0,5,6092,0.0000559104,311,1,2026-08-14T08:17:00,2400,2026-08-15T18:24:07+0700
id-n1-016,deepseek-v4-flash-0731,open-py3,1,1,1,2,2,6,2300,0.0000825000,114,0,2026-08-14T08:05:23,600,2026-08-15T18:24:07+0700
id-n1-017,deepseek-v4-flash-0731,open-py3,1,2,2,0,0,6,2309,0.0000628600,151,0,2026-08-14T08:05:27,600,2026-08-15T18:24:07+0700
id-n1-018,deepseek-v4-flash-0731,open-py3,0,0,1,2,3,7,3356,0.0001278800,388,0,2026-08-14T08:05:31,600,2026-08-15T18:24:07+0700
id-n1-019,deepseek-v4-flash-0731,open-py3,1,0,0,1,1,6,3449,0.0000620080,123,0,2026-08-14T08:05:36,600,2026-08-15T18:24:07+0700
id-n1-020,deepseek-v4-flash-0731,open-py3,0,3,3,2,3,6,14933,0.0000520500,272,1,2026-08-14T08:14:33,600,2026-08-15T18:24:07+0700
id-n1-021,deepseek-v4-flash-0731,open-py3,1,1,1,2,2,6,1471,0.0000576800,132,0,2026-08-14T08:05:44,600,2026-08-15T18:24:07+0700
id-n1-022,deepseek-v4-flash-0731,open-py3,0,1,1,1,3,7,6435,0.0000527800,227,0,2026-08-14T08:17:08,2400,2026-08-15T18:24:07+0700
id-n1-023,deepseek-v4-flash-0731,open-py3,1,1,1,1,1,4,3942,0.0000204624,101,1,2026-08-14T08:06:05,600,2026-08-15T18:24:07+0700
id-n1-024,deepseek-v4-flash-0731,open-py3,1,0,0,2,2,6,4821,0.0000269304,138,0,2026-08-14T08:06:11,600,2026-08-15T18:24:07+0700
id-n1-025,deepseek-v4-flash-0731,open-py3,1,1,1,3,3,7,5668,0.0001413400,437,0,2026-08-14T08:06:18,600,2026-08-15T18:24:07+0700
id-n1-026,deepseek-v4-flash-0731,open-py3,1,0,0,1,1,6,4499,0.0000316344,165,0,2026-08-14T08:06:23,600,2026-08-15T18:24:07+0700
id-n1-027,deepseek-v4-flash-0731,open-py3,0,0,0,2,3,6,7464,0.0001126580,545,0,2026-08-14T08:06:32,600,2026-08-15T18:24:07+0700
id-n1-028,deepseek-v4-flash-0731,open-py3,0,1,1,2,2,9,4393,0.0000897400,245,0,2026-08-14T08:06:38,600,2026-08-15T18:24:07+0700
id-n1-029,deepseek-v4-flash-0731,open-py3,1,0,0,2,2,4,6531,0.0000473000,197,0,2026-08-14T08:06:45,600,2026-08-15T18:24:07+0700
id-n1-030,deepseek-v4-flash-0731,open-py3,1,1,1,0,0,6,2000,0.0000751800,194,0,2026-08-14T08:06:48,600,2026-08-15T18:24:07+0700
id-n1-031,deepseek-v4-flash-0731,open-py3,1,1,1,2,2,7,1919,0.0000318500,102,1,2026-08-14T08:14:48,600,2026-08-15T18:24:07+0700
id-n1-032,deepseek-v4-flash-0731,open-py3,1,0,0,1,1,5,1967,0.0000395700,74,0,2026-08-14T08:07:00,600,2026-08-15T18:24:07+0700
id-n1-033,deepseek-v4-flash-0731,open-py3,0,0,1,1,1,5,18445,0.0000525834,162,0,2026-08-14T08:07:19,600,2026-08-15T18:24:07+0700
id-n1-034,deepseek-v4-flash-0731,open-py3,1,0,0,2,2,8,6646,0.0000837984,475,1,2026-08-14T08:07:27,600,2026-08-15T18:24:07+0700
id-n1-035,deepseek-v4-flash-0731,open-py3,1,0,0,0,0,7,6821,0.0000652000,296,0,2026-08-14T08:07:35,600,2026-08-15T18:24:07+0700
id-n1-036,deepseek-v4-flash-0731,open-py3,1,0,0,1,1,6,2174,0.0000694700,178,1,2026-08-14T08:07:39,600,2026-08-15T18:24:07+0700
id-n1-037,deepseek-v4-flash-0731,open-py3,0,1,1,1,1,7,4094,0.0001074200,314,0,2026-08-14T08:07:44,600,2026-08-15T18:24:07+0700
id-n1-038,deepseek-v4-flash-0731,open-py3,1,0,0,2,2,5,12666,0.0000272700,78,0,2026-08-14T08:07:58,600,2026-08-15T18:24:07+0700
id-n1-039,deepseek-v4-flash-0731,open-py3,1,1,1,0,0,6,4879,0.0000369000,131,0,2026-08-14T08:08:04,600,2026-08-15T18:24:07+0700
id-n1-040,deepseek-v4-flash-0731,open-py3,1,1,1,1,1,5,1042,0.0000550800,128,0,2026-08-14T08:08:06,600,2026-08-15T18:24:07+0700
id-n1-041,deepseek-v4-flash-0731,open-py3,1,0,0,2,2,6,4624,0.0000925000,133,1,2026-08-14T08:08:12,600,2026-08-15T18:24:07+0700
id-n1-042,deepseek-v4-flash-0731,open-py3,1,1,1,3,3,6,5547,0.0000732800,193,1,2026-08-14T08:08:19,600,2026-08-15T18:24:07+0700
id-n1-043,deepseek-v4-flash-0731,open-py3,1,1,1,1,1,6,8617,0.0001345400,406,0,2026-08-14T08:08:29,600,2026-08-15T18:24:07+0700
id-n1-044,deepseek-v4-flash-0731,open-py3,0,0,0,2,3,6,2630,0.0000623000,148,0,2026-08-14T08:08:32,600,2026-08-15T18:24:07+0700
id-n1-045,deepseek-v4-flash-0731,open-py3,0,1,1,2,3,7,3591,0.0001492400,458,0,2026-08-14T08:14:53,600,2026-08-15T18:24:07+0700
id-n1-046,deepseek-v4-flash-0731,open-py3,1,0,0,1,1,5,5150,0.0000448700,92,1,2026-08-14T08:08:48,600,2026-08-15T18:24:07+0700
id-n1-047,deepseek-v4-flash-0731,open-py3,0,0,0,1,3,5,8059,0.0002221240,769,0,2026-08-14T08:17:17,2400,2026-08-15T18:24:07+0700
id-n1-048,deepseek-v4-flash-0731,open-py3,1,1,1,2,2,5,2569,0.0000569800,131,0,2026-08-14T08:09:23,600,2026-08-15T18:24:07+0700
id-n1-049,deepseek-v4-flash-0731,open-py3,1,1,1,0,0,6,5658,0.0000298890,111,0,2026-08-14T08:09:30,600,2026-08-15T18:24:07+0700
id-n1-050,deepseek-v4-flash-0731,open-py3,0,0,0,0,0,5,10734,0.0000682020,348,1,2026-08-14T08:09:42,600,2026-08-15T18:24:07+0700
id-n1-051,deepseek-v4-flash-0731,open-py3,0,0,0,1,1,7,2110,0.0000807800,214,0,2026-08-14T08:09:45,600,2026-08-15T18:24:07+0700
id-n1-052,deepseek-v4-flash-0731,open-py3,1,0,0,2,2,5,1378,0.0001461600,187,0,2026-08-14T08:09:48,600,2026-08-15T18:24:07+0700
id-n1-053,deepseek-v4-flash-0731,open-py3,1,1,1,1,1,7,6378,0.0000785750,149,1,2026-08-14T08:09:55,600,2026-08-15T18:24:07+0700
id-n1-054,deepseek-v4-flash-0731,open-py3,1,0,0,0,0,7,1633,0.0000631400,150,0,2026-08-14T08:09:58,600,2026-08-15T18:24:07+0700
id-n2-001,deepseek-v4-flash-0731,open-py3,1,0,0,5,5,8,12795,0.0000430430,163,0,2026-08-14T08:10:12,600,2026-08-15T18:24:07+0700
id-n2-002,deepseek-v4-flash-0731,open-py3,1,0,0,3,3,7,2010,0.0000543200,120,1,2026-08-14T08:10:15,600,2026-08-15T18:24:07+0700
id-n2-003,deepseek-v4-flash-0731,open-py3,1,0,0,2,2,7,3550,0.0000501200,106,1,2026-08-14T08:10:20,600,2026-08-15T18:24:07+0700
id-n2-004,deepseek-v4-flash-0731,open-py3,1,0,0,6,6,6,3668,0.0000348200,129,0,2026-08-14T08:10:25,600,2026-08-15T18:24:07+0700
id-n2-005,deepseek-v4-flash-0731,open-py3,1,0,0,6,6,6,6093,0.0000302940,113,0,2026-08-14T08:10:32,600,2026-08-15T18:24:07+0700
id-n2-006,deepseek-v4-flash-0731,open-py3,1,0,0,1,1,7,1975,0.0000443300,91,1,2026-08-14T08:10:36,600,2026-08-15T18:24:07+0700
id-n2-007,deepseek-v4-flash-0731,open-py3,1,0,0,2,2,6,2076,0.0000486200,113,0,2026-08-14T08:10:39,600,2026-08-15T18:24:07+0700
id-n2-008,deepseek-v4-flash-0731,open-py3,1,0,0,1,1,7,2674,0.0000291800,95,0,2026-08-14T08:10:43,600,2026-08-15T18:24:07+0700
id-n2-009,deepseek-v4-flash-0731,open-py3,1,0,0,3,3,7,3253,0.0000276210,97,0,2026-08-14T08:10:47,600,2026-08-15T18:24:07+0700
id-n2-010,deepseek-v4-flash-0731,open-py3,1,0,0,4,4,6,1471,0.0000507300,112,0,2026-08-14T08:10:50,600,2026-08-15T18:24:07+0700
id-n2-011,deepseek-v4-flash-0731,open-py3,1,0,0,7,7,7,3138,0.0000494200,104,1,2026-08-14T08:10:54,600,2026-08-15T18:24:07+0700
id-n2-012,deepseek-v4-flash-0731,open-py3,1,0,0,3,3,6,3422,0.0000828240,271,0,2026-08-14T08:10:59,600,2026-08-15T18:24:07+0700
id-n2-013,deepseek-v4-flash-0731,open-py3,1,0,0,1,1,5,896,0.0000413400,86,0,2026-08-14T08:11:01,600,2026-08-15T18:24:07+0700
id-n2-014,deepseek-v4-flash-0731,open-py3,1,0,0,3,3,6,17021,0.0000414034,117,0,2026-08-14T08:11:19,600,2026-08-15T18:24:07+0700
id-n2-015,deepseek-v4-flash-0731,open-py3,1,0,0,2,2,5,2360,0.0000585900,141,0,2026-08-14T08:11:23,600,2026-08-15T18:24:07+0700
id-n1-001,gemma-4-31b,open-py1,1,0,0,1,1,7,1862,0.0000153300,12,0,2026-08-13T15:02:42,600,2026-08-15T18:24:07+0700
id-n1-002,gemma-4-31b,open-py1,1,0,0,1,1,8,12072,0.0000232600,13,0,2026-08-13T15:02:55,600,2026-08-15T18:24:07+0700
id-n1-003,gemma-4-31b,open-py1,0,1,1,2,2,7,3838,0.0000208200,9,1,2026-08-13T15:03:00,600,2026-08-15T18:24:07+0700
id-n1-004,gemma-4-31b,open-py1,1,2,2,1,1,5,5207,0.0000201400,8,1,2026-08-13T15:03:06,600,2026-08-15T18:24:07+0700
id-n1-005,gemma-4-31b,open-py1,0,0,0,0,0,6,1722,0.0000195900,9,0,2026-08-13T15:03:08,600,2026-08-15T18:24:07+0700
id-n1-006,gemma-4-31b,open-py1,0,0,0,2,2,7,1516,0.0000180280,10,1,2026-08-13T15:03:11,600,2026-08-15T18:24:07+0700
id-n1-007,gemma-4-31b,open-py1,0,2,2,1,2,6,874,0.0000220200,12,1,2026-08-13T15:03:13,600,2026-08-15T18:24:07+0700
id-n1-008,gemma-4-31b,open-py1,0,1,1,0,1,6,1874,0.0000190600,8,0,2026-08-13T15:03:16,600,2026-08-15T18:24:07+0700
id-n1-009,gemma-4-31b,open-py1,0,0,0,1,2,5,761,0.0000228900,12,1,2026-08-13T15:03:18,600,2026-08-15T18:24:07+0700
id-n1-010,gemma-4-31b,open-py1,0,0,0,0,1,7,706,0.0000131200,10,0,2026-08-13T15:03:19,600,2026-08-15T18:24:07+0700
id-n1-011,gemma-4-31b,open-py1,0,2,2,0,1,6,837,0.0000136100,8,0,2026-08-13T15:03:21,600,2026-08-15T18:24:07+0700
id-n1-012,gemma-4-31b,open-py1,0,4,4,0,0,8,1059,0.0000206400,12,0,2026-08-13T15:03:23,600,2026-08-15T18:24:07+0700
id-n1-013,gemma-4-31b,open-py1,0,2,3,0,1,7,620,0.0000217600,11,0,2026-08-13T15:03:25,600,2026-08-15T18:24:07+0700
id-n1-014,gemma-4-31b,open-py1,0,0,1,1,2,6,11197,0.0000223000,12,0,2026-08-13T15:03:37,600,2026-08-15T18:24:07+0700
id-n1-015,gemma-4-31b,open-py1,0,0,0,0,0,5,535,0.0000209400,10,1,2026-08-13T15:03:39,600,2026-08-15T18:24:07+0700
id-n1-016,gemma-4-31b,open-py1,1,1,1,2,2,6,2203,0.0000170480,8,0,2026-08-13T15:03:42,600,2026-08-15T18:24:07+0700
id-n1-017,gemma-4-31b,open-py1,0,2,2,0,0,6,1568,0.0000194600,9,0,2026-08-13T15:03:44,600,2026-08-15T18:24:07+0700
id-n1-018,gemma-4-31b,open-py1,0,0,1,1,3,6,552,0.0000216200,11,0,2026-08-13T15:03:46,600,2026-08-15T18:24:07+0700
id-n1-019,gemma-4-31b,open-py1,1,0,0,1,1,6,1792,0.0000590000,10,0,2026-08-13T15:03:49,600,2026-08-15T18:24:07+0700
id-n1-020,gemma-4-31b,open-py1,0,3,3,0,3,5,1169,0.0000198000,10,1,2026-08-13T15:03:51,600,2026-08-15T18:24:07+0700
id-n1-021,gemma-4-31b,open-py1,0,0,1,1,2,6,806,0.0000199200,11,0,2026-08-13T15:03:53,600,2026-08-15T18:24:07+0700
id-n1-022,gemma-4-31b,open-py1,0,1,1,2,3,6,3687,0.0000202800,8,0,2026-08-13T15:03:57,600,2026-08-15T18:24:07+0700
id-n1-023,gemma-4-31b,open-py1,1,1,1,1,1,4,2080,0.0000196000,7,1,2026-08-13T15:04:00,600,2026-08-15T18:24:07+0700
id-n1-024,gemma-4-31b,open-py1,0,0,0,1,2,6,5102,0.0000201400,8,0,2026-08-13T15:04:07,600,2026-08-15T18:24:07+0700
id-n1-025,gemma-4-31b,open-py1,1,1,1,3,3,7,3020,0.0000204000,9,0,2026-08-13T15:04:11,600,2026-08-15T18:24:07+0700
id-n1-026,gemma-4-31b,open-py1,0,0,0,1,1,6,2598,0.0000195900,9,0,2026-08-13T15:04:14,600,2026-08-15T18:24:07+0700
id-n1-027,gemma-4-31b,open-py1,0,0,0,2,3,6,1115,0.0000141300,9,0,2026-08-13T15:04:16,600,2026-08-15T18:24:07+0700
id-n1-028,gemma-4-31b,open-py1,0,1,1,1,2,9,1422,0.0000174000,11,0,2026-08-13T15:04:19,600,2026-08-15T18:24:07+0700
id-n1-029,gemma-4-31b,open-py1,1,0,0,2,2,4,743,0.0000158400,11,0,2026-08-13T15:04:20,600,2026-08-15T18:24:07+0700
id-n1-030,gemma-4-31b,open-py1,1,1,1,0,0,6,923,0.0000152600,9,0,2026-08-13T15:04:22,600,2026-08-15T18:24:07+0700
id-n1-031,gemma-4-31b,open-py1,1,1,1,2,2,7,700,0.0000149600,9,1,2026-08-13T15:04:24,600,2026-08-15T18:24:07+0700
id-n1-032,gemma-4-31b,open-py1,1,0,0,1,1,5,1440,0.0000196000,7,0,2026-08-13T15:04:27,600,2026-08-15T18:24:07+0700
id-n1-033,gemma-4-31b,open-py1,0,0,1,1,1,5,601,0.0000148100,11,0,2026-08-13T15:04:28,600,2026-08-15T18:24:07+0700
id-n1-034,gemma-4-31b,open-py1,1,0,0,2,2,7,2809,0.0002782500,9,1,2026-08-13T15:04:32,600,2026-08-15T18:24:07+0700
id-n1-035,gemma-4-31b,open-py1,0,0,0,0,0,7,1459,0.0000212200,10,0,2026-08-13T15:04:35,600,2026-08-15T18:24:07+0700
id-n1-036,gemma-4-31b,open-py1,0,0,0,1,1,6,657,0.0000206800,12,1,2026-08-13T15:04:36,600,2026-08-15T18:24:07+0700
id-n1-037,gemma-4-31b,open-py1,0,1,1,1,1,7,16785,0.0000179080,10,0,2026-08-13T15:04:54,600,2026-08-15T18:24:07+0700
id-n1-038,gemma-4-31b,open-py1,0,0,0,0,2,5,1506,0.0000201400,8,0,2026-08-13T15:04:56,600,2026-08-15T18:24:07+0700
id-n1-039,gemma-4-31b,open-py1,0,1,1,0,0,6,875,0.0000201700,11,0,2026-08-13T15:04:58,600,2026-08-15T18:24:07+0700
id-n1-040,gemma-4-31b,open-py1,1,1,1,1,1,5,784,0.0000151600,9,0,2026-08-13T15:05:00,600,2026-08-15T18:24:07+0700
id-n1-041,gemma-4-31b,open-py1,1,0,0,2,2,6,2113,0.0000421100,11,1,2026-08-13T15:05:03,600,2026-08-15T18:24:07+0700
id-n1-042,gemma-4-31b,open-py1,0,1,1,2,3,6,757,0.0000151600,9,1,2026-08-13T15:05:05,600,2026-08-15T18:24:07+0700
id-n1-043,gemma-4-31b,open-py1,0,1,1,0,1,6,1330,0.0000559400,8,0,2026-08-13T15:05:07,600,2026-08-15T18:24:07+0700
id-n1-044,gemma-4-31b,open-py1,0,0,0,1,3,6,11199,0.0000168200,13,0,2026-08-13T15:05:20,600,2026-08-15T18:24:07+0700
id-n1-045,gemma-4-31b,open-py1,0,1,1,2,3,7,942,0.0000210800,10,0,2026-08-13T15:05:22,600,2026-08-15T18:24:07+0700
id-n1-046,gemma-4-31b,open-py1,1,0,0,1,1,5,1312,0.0000149200,8,1,2026-08-13T15:05:24,600,2026-08-15T18:24:07+0700
id-n1-047,gemma-4-31b,open-py1,0,0,0,1,3,5,1191,0.0000216900,9,0,2026-08-13T15:05:26,600,2026-08-15T18:24:07+0700
id-n1-048,gemma-4-31b,open-py1,0,1,1,1,2,5,849,0.0000184800,8,0,2026-08-13T15:05:28,600,2026-08-15T18:24:07+0700
id-n1-049,gemma-4-31b,open-py1,1,1,1,0,0,6,1038,0.0000194400,10,0,2026-08-13T15:05:30,600,2026-08-15T18:24:07+0700
id-n1-050,gemma-4-31b,open-py1,1,0,0,0,0,5,1864,0.0000193300,9,1,2026-08-13T15:05:33,600,2026-08-15T18:24:07+0700
id-n1-051,gemma-4-31b,open-py1,0,0,0,1,1,7,645,0.0000140400,9,0,2026-08-13T15:05:34,600,2026-08-15T18:24:07+0700
id-n1-052,gemma-4-31b,open-py1,0,0,0,2,2,6,623,0.0000147200,11,0,2026-08-13T15:05:36,600,2026-08-15T18:24:07+0700
id-n1-053,gemma-4-31b,open-py1,0,1,1,1,1,8,1416,0.0000204000,12,1,2026-08-13T15:05:39,600,2026-08-15T18:24:07+0700
id-n1-054,gemma-4-31b,open-py1,1,0,0,0,0,7,10860,0.0000203000,11,0,2026-08-13T15:05:50,600,2026-08-15T18:24:07+0700
id-n2-001,gemma-4-31b,open-py1,1,0,0,5,5,8,948,0.0000139200,12,0,2026-08-13T15:05:52,600,2026-08-15T18:24:07+0700
id-n2-002,gemma-4-31b,open-py1,1,0,0,3,3,7,943,0.0000139200,12,1,2026-08-13T15:05:54,600,2026-08-15T18:24:07+0700
id-n2-003,gemma-4-31b,open-py1,1,0,0,2,2,7,4016,0.0000190200,9,1,2026-08-13T15:05:59,600,2026-08-15T18:24:07+0700
id-n2-004,gemma-4-31b,open-py1,1,0,0,6,6,6,880,0.0000189600,9,0,2026-08-13T15:06:01,600,2026-08-15T18:24:07+0700
id-n2-005,gemma-4-31b,open-py1,1,0,0,6,6,6,2525,0.0000204000,9,0,2026-08-13T15:06:05,600,2026-08-15T18:24:07+0700
id-n2-006,gemma-4-31b,open-py1,1,0,0,1,1,7,1045,0.0000154000,10,1,2026-08-13T15:06:07,600,2026-08-15T18:24:07+0700
id-n2-007,gemma-4-31b,open-py1,1,0,0,2,2,6,6055,0.0000171780,9,0,2026-08-13T15:06:14,600,2026-08-15T18:24:07+0700
id-n2-008,gemma-4-31b,open-py1,1,0,0,1,1,7,1870,0.0000176680,10,0,2026-08-13T15:06:17,600,2026-08-15T18:24:07+0700
id-n2-009,gemma-4-31b,open-py1,1,0,0,3,3,7,1648,0.0000197300,10,0,2026-08-13T15:06:19,600,2026-08-15T18:24:07+0700
id-n2-010,gemma-4-31b,open-py1,1,0,0,4,4,6,814,0.0000162800,12,0,2026-08-13T15:06:21,600,2026-08-15T18:24:07+0700
id-n2-011,gemma-4-31b,open-py1,1,0,0,7,7,7,763,0.0000149600,9,1,2026-08-13T15:06:23,600,2026-08-15T18:24:07+0700
id-n2-012,gemma-4-31b,open-py1,0,0,0,1,3,7,1352,0.0000210600,13,0,2026-08-13T15:06:25,600,2026-08-15T18:24:07+0700
id-n2-013,gemma-4-31b,open-py1,1,0,0,1,1,5,1182,0.0000134300,8,0,2026-08-13T15:06:28,600,2026-08-15T18:24:07+0700
id-n2-014,gemma-4-31b,open-py1,1,0,0,3,3,6,825,0.0000155800,13,0,2026-08-13T15:06:29,600,2026-08-15T18:24:07+0700
id-n2-015,gemma-4-31b,open-py1,1,0,0,2,2,5,11901,0.0000197300,10,0,2026-08-13T15:06:42,600,2026-08-15T18:24:07+0700
id-n1-001,gemma-4-31b,open-py2,1,0,0,1,1,7,8278,0.0000259400,12,0,2026-08-13T15:58:37,600,2026-08-15T18:24:07+0700
id-n1-002,gemma-4-31b,open-py2,1,0,0,1,1,8,2011,0.0000269000,13,0,2026-08-13T15:58:40,600,2026-08-15T18:24:07+0700
id-n1-003,gemma-4-31b,open-py2,1,1,1,2,2,7,2686,0.0000207780,9,1,2026-08-13T15:58:44,600,2026-08-15T18:24:07+0700
id-n1-004,gemma-4-31b,open-py2,1,2,2,1,1,5,2653,0.0000155200,8,1,2026-08-13T15:58:47,600,2026-08-15T18:24:07+0700
id-n1-005,gemma-4-31b,open-py2,1,0,0,0,0,6,1575,0.0000244600,9,0,2026-08-13T15:58:50,600,2026-08-15T18:24:07+0700
id-n1-006,gemma-4-31b,open-py2,1,0,0,2,2,7,5015,0.0000259900,10,1,2026-08-13T15:58:56,600,2026-08-15T18:24:07+0700
id-n1-007,gemma-4-31b,open-py2,1,2,2,2,2,6,1952,0.0000166500,11,1,2026-08-13T15:58:59,600,2026-08-15T18:24:07+0700
id-n1-008,gemma-4-31b,open-py2,0,0,1,1,1,6,1546,0.0000158700,9,0,2026-08-13T15:59:02,600,2026-08-15T18:24:07+0700
id-n1-009,gemma-4-31b,open-py2,0,0,0,1,2,5,1596,0.0000239000,11,1,2026-08-13T15:59:04,600,2026-08-15T18:24:07+0700
id-n1-010,gemma-4-31b,open-py2,1,0,0,1,1,7,817,0.0000163000,10,0,2026-08-13T15:59:06,600,2026-08-15T18:24:07+0700
id-n1-011,gemma-4-31b,open-py2,0,1,2,1,1,6,640,0.0000237800,8,0,2026-08-13T15:59:08,600,2026-08-15T18:24:07+0700
id-n1-012,gemma-4-31b,open-py2,1,4,4,0,0,8,1245,0.0000255400,11,0,2026-08-13T15:59:10,600,2026-08-15T18:24:07+0700
id-n1-013,gemma-4-31b,open-py2,0,0,3,1,1,7,939,0.0000175800,12,0,2026-08-13T15:59:12,600,2026-08-15T18:24:07+0700
id-n1-014,gemma-4-31b,open-py2,1,1,1,2,2,8,1453,0.0000175100,13,0,2026-08-13T15:59:14,600,2026-08-15T18:24:07+0700
id-n1-015,gemma-4-31b,open-py2,0,0,0,0,0,5,701,0.0000241800,9,1,2026-08-13T15:59:16,600,2026-08-15T18:24:07+0700
id-n1-016,gemma-4-31b,open-py2,1,1,1,2,2,6,4354,0.0000224400,8,0,2026-08-13T15:59:21,600,2026-08-15T18:24:07+0700
id-n1-017,gemma-4-31b,open-py2,1,2,2,0,0,6,8254,0.0000226600,9,0,2026-08-13T15:59:31,600,2026-08-15T18:24:07+0700
id-n1-018,gemma-4-31b,open-py2,0,0,1,3,3,6,4012,0.0000233700,10,0,2026-08-13T15:59:36,600,2026-08-15T18:24:07+0700
id-n1-019,gemma-4-31b,open-py2,1,0,0,1,1,6,2121,0.0000255400,11,0,2026-08-13T15:59:39,600,2026-08-15T18:24:07+0700
id-n1-020,gemma-4-31b,open-py2,1,3,3,3,3,6,2134,0.0000239000,11,1,2026-08-13T15:59:42,600,2026-08-15T18:24:07+0700
id-n1-021,gemma-4-31b,open-py2,0,0,1,2,2,6,1640,0.0000251200,11,0,2026-08-13T15:59:45,600,2026-08-15T18:24:07+0700
id-n1-022,gemma-4-31b,open-py2,1,1,1,3,3,6,559,0.0000164700,9,0,2026-08-13T15:59:46,600,2026-08-15T18:24:07+0700
id-n1-023,gemma-4-31b,open-py2,1,1,1,1,1,4,13241,0.0000195580,7,1,2026-08-13T16:00:00,600,2026-08-15T18:24:07+0700
id-n1-024,gemma-4-31b,open-py2,1,0,0,2,2,6,1120,0.0000218400,8,0,2026-08-13T16:00:02,600,2026-08-15T18:24:07+0700
id-n1-025,gemma-4-31b,open-py2,1,1,1,3,3,7,707,0.0000251400,9,0,2026-08-13T16:00:04,600,2026-08-15T18:24:07+0700
id-n1-026,gemma-4-31b,open-py2,1,0,0,1,1,6,957,0.0000224400,9,0,2026-08-13T16:00:06,600,2026-08-15T18:24:07+0700
id-n1-027,gemma-4-31b,open-py2,1,0,0,3,3,6,849,0.0000164700,9,0,2026-08-13T16:00:08,600,2026-08-15T18:24:07+0700
id-n1-028,gemma-4-31b,open-py2,1,1,1,2,2,9,595,0.0000173300,11,0,2026-08-13T16:00:10,600,2026-08-15T18:24:07+0700
id-n1-029,gemma-4-31b,open-py2,1,0,0,2,2,4,3008,0.0000251200,11,0,2026-08-13T16:00:14,600,2026-08-15T18:24:07+0700
id-n1-030,gemma-4-31b,open-py2,1,1,1,0,0,6,1081,0.0000178600,9,0,2026-08-13T16:00:16,600,2026-08-15T18:24:07+0700
id-n1-031,gemma-4-31b,open-py2,1,1,1,2,2,7,4325,0.0000239000,9,1,2026-08-13T16:00:21,600,2026-08-15T18:24:07+0700
id-n1-032,gemma-4-31b,open-py2,1,0,0,1,1,5,849,0.0000150100,7,0,2026-08-13T16:00:23,600,2026-08-15T18:24:07+0700
id-n1-033,gemma-4-31b,open-py2,0,0,1,1,1,5,1600,0.0000256600,12,0,2026-08-13T16:00:25,600,2026-08-15T18:24:07+0700
id-n1-034,gemma-4-31b,open-py2,1,0,0,2,2,7,1373,0.0000226800,10,1,2026-08-13T16:00:28,600,2026-08-15T18:24:07+0700
id-n1-035,gemma-4-31b,open-py2,1,0,0,0,0,7,596,0.0000168100,10,0,2026-08-13T16:00:29,600,2026-08-15T18:24:07+0700
id-n1-036,gemma-4-31b,open-py2,1,0,0,1,1,6,1586,0.0000240600,12,1,2026-08-13T16:00:32,600,2026-08-15T18:24:07+0700
id-n1-037,gemma-4-31b,open-py2,1,1,1,1,1,7,704,0.0000168100,10,0,2026-08-13T16:00:34,600,2026-08-15T18:24:07+0700
id-n1-038,gemma-4-31b,open-py2,1,0,0,2,2,5,1080,0.0000159500,8,0,2026-08-13T16:00:36,600,2026-08-15T18:24:07+0700
id-n1-039,gemma-4-31b,open-py2,1,1,1,0,0,6,1788,0.0000166500,11,0,2026-08-13T16:00:39,600,2026-08-15T18:24:07+0700
id-n1-040,gemma-4-31b,open-py2,1,1,1,1,1,5,883,0.0000184800,9,0,2026-08-13T16:00:41,600,2026-08-15T18:24:07+0700
id-n1-041,gemma-4-31b,open-py2,1,0,0,2,2,6,1405,0.0000171600,12,1,2026-08-13T16:00:43,600,2026-08-15T18:24:07+0700
id-n1-042,gemma-4-31b,open-py2,0,1,1,3,3,6,723,0.0000177600,9,1,2026-08-13T16:00:45,600,2026-08-15T18:24:07+0700
id-n1-043,gemma-4-31b,open-py2,1,1,1,1,1,6,982,0.0000224400,9,0,2026-08-13T16:00:47,600,2026-08-15T18:24:07+0700
id-n1-044,gemma-4-31b,open-py2,1,0,0,3,3,6,5281,0.0000175100,13,0,2026-08-13T16:00:53,600,2026-08-15T18:24:07+0700
id-n1-045,gemma-4-31b,open-py2,1,1,1,3,3,7,1902,0.0000243200,9,0,2026-08-13T16:00:56,600,2026-08-15T18:24:07+0700
id-n1-046,gemma-4-31b,open-py2,1,0,0,1,1,5,5596,0.0000240600,8,1,2026-08-13T16:01:02,600,2026-08-15T18:24:07+0700
id-n1-047,gemma-4-31b,open-py2,1,0,0,3,3,6,1057,0.0000233000,10,0,2026-08-13T16:01:05,600,2026-08-15T18:24:07+0700
id-n1-048,gemma-4-31b,open-py2,1,1,1,2,2,5,939,0.0000218900,8,0,2026-08-13T16:01:06,600,2026-08-15T18:24:07+0700
id-n1-049,gemma-4-31b,open-py2,1,1,1,0,0,6,432,0.0001195000,10,0,2026-08-13T16:01:08,600,2026-08-15T18:24:07+0700
id-n1-050,gemma-4-31b,open-py2,1,0,0,0,0,5,951,0.0000183600,9,1,2026-08-13T16:01:10,600,2026-08-15T18:24:07+0700
id-n1-051,gemma-4-31b,open-py2,1,0,0,1,1,7,1801,0.0000177600,9,0,2026-08-13T16:01:13,600,2026-08-15T18:24:07+0700
id-n1-052,gemma-4-31b,open-py2,1,0,0,2,2,5,887,0.0000247200,10,0,2026-08-13T16:01:15,600,2026-08-15T18:24:07+0700
id-n1-053,gemma-4-31b,open-py2,0,0,1,1,1,7,751,0.0000185400,11,1,2026-08-13T16:01:16,600,2026-08-15T18:24:07+0700
id-n1-054,gemma-4-31b,open-py2,1,0,0,0,0,7,5938,0.0000236800,11,0,2026-08-13T16:01:23,600,2026-08-15T18:24:07+0700
id-n2-001,gemma-4-31b,open-py2,1,0,0,5,5,8,1015,0.0000235200,12,0,2026-08-13T16:01:25,600,2026-08-15T18:24:07+0700
id-n2-002,gemma-4-31b,open-py2,1,0,0,3,3,7,871,0.0000239300,12,1,2026-08-13T16:01:27,600,2026-08-15T18:24:07+0700
id-n2-003,gemma-4-31b,open-py2,1,0,0,2,2,7,1620,0.0000225800,9,1,2026-08-13T16:01:30,600,2026-08-15T18:24:07+0700
id-n2-004,gemma-4-31b,open-py2,1,0,0,6,6,6,950,0.0000162000,9,0,2026-08-13T16:01:32,600,2026-08-15T18:24:07+0700
id-n2-005,gemma-4-31b,open-py2,1,0,0,6,6,6,1579,0.0000162000,9,0,2026-08-13T16:01:34,600,2026-08-15T18:24:07+0700
id-n2-006,gemma-4-31b,open-py2,1,0,0,1,1,7,1353,0.0000166300,10,1,2026-08-13T16:01:37,600,2026-08-15T18:24:07+0700
id-n2-007,gemma-4-31b,open-py2,1,0,0,2,2,6,3313,0.0000239000,9,0,2026-08-13T16:01:41,600,2026-08-15T18:24:07+0700
id-n2-008,gemma-4-31b,open-py2,1,0,0,1,1,7,2228,0.0000245800,10,0,2026-08-13T16:01:44,600,2026-08-15T18:24:07+0700
id-n2-009,gemma-4-31b,open-py2,1,0,0,3,3,7,1659,0.0000245800,10,0,2026-08-13T16:01:47,600,2026-08-15T18:24:07+0700
id-n2-010,gemma-4-31b,open-py2,1,0,0,4,4,6,1065,0.0000170000,12,0,2026-08-13T16:01:49,600,2026-08-15T18:24:07+0700
id-n2-011,gemma-4-31b,open-py2,1,0,0,7,7,7,928,0.0000220800,9,1,2026-08-13T16:01:51,600,2026-08-15T18:24:07+0700
id-n2-012,gemma-4-31b,open-py2,1,0,0,3,3,6,567,0.0000262000,13,0,2026-08-13T16:01:53,600,2026-08-15T18:24:07+0700
id-n2-013,gemma-4-31b,open-py2,1,0,0,1,1,5,1644,0.0000220500,8,0,2026-08-13T16:01:55,600,2026-08-15T18:24:07+0700
id-n2-014,gemma-4-31b,open-py2,1,0,0,3,3,6,656,0.0000179200,13,0,2026-08-13T16:01:57,600,2026-08-15T18:24:07+0700
id-n2-015,gemma-4-31b,open-py2,1,0,0,2,2,5,889,0.0000245800,10,0,2026-08-13T16:01:59,600,2026-08-15T18:24:07+0700
id-n1-001,gemma-4-31b,open-py3,1,0,0,1,1,7,1419,0.0000228900,12,0,2026-08-13T18:04:56,600,2026-08-15T18:24:07+0700
id-n1-002,gemma-4-31b,open-py3,1,0,0,1,1,8,833,0.0000188200,13,0,2026-08-13T18:04:58,600,2026-08-15T18:24:07+0700
id-n1-003,gemma-4-31b,open-py3,1,1,1,2,2,7,599,0.0000152300,9,1,2026-08-13T18:05:00,600,2026-08-15T18:24:07+0700
id-n1-004,gemma-4-31b,open-py3,1,2,2,1,1,5,1612,0.0000211400,8,1,2026-08-13T18:05:02,600,2026-08-15T18:24:07+0700
id-n1-005,gemma-4-31b,open-py3,1,0,0,0,0,6,1578,0.0000216700,9,0,2026-08-13T18:05:05,600,2026-08-15T18:24:07+0700
id-n1-006,gemma-4-31b,open-py3,0,0,0,2,2,7,565,0.0000160000,10,1,2026-08-13T18:05:07,600,2026-08-15T18:24:07+0700
id-n1-007,gemma-4-31b,open-py3,1,2,2,2,2,6,3519,0.0000237200,11,1,2026-08-13T18:05:11,600,2026-08-15T18:24:07+0700
id-n1-008,gemma-4-31b,open-py3,1,1,1,1,1,6,716,0.0000225200,8,0,2026-08-13T18:05:13,600,2026-08-15T18:24:07+0700
id-n1-009,gemma-4-31b,open-py3,0,0,0,1,2,5,861,0.0000176400,11,1,2026-08-13T18:05:15,600,2026-08-15T18:24:07+0700
id-n1-010,gemma-4-31b,open-py3,1,0,0,1,1,7,1564,0.0000220700,10,0,2026-08-13T18:05:17,600,2026-08-15T18:24:07+0700
id-n1-011,gemma-4-31b,open-py3,1,2,2,1,1,6,11081,0.0000223800,8,0,2026-08-13T18:05:29,600,2026-08-15T18:24:07+0700
id-n1-012,gemma-4-31b,open-py3,1,4,4,0,0,8,1112,0.0000177400,11,0,2026-08-13T18:05:31,600,2026-08-15T18:24:07+0700
id-n1-013,gemma-4-31b,open-py3,0,1,3,1,1,7,6698,0.0000240000,11,0,2026-08-13T18:05:39,600,2026-08-15T18:24:07+0700
id-n1-014,gemma-4-31b,open-py3,1,1,1,2,2,8,1032,0.0000229200,13,0,2026-08-13T18:05:41,600,2026-08-15T18:24:07+0700
id-n1-015,gemma-4-31b,open-py3,0,0,0,0,0,5,622,0.0000149900,9,1,2026-08-13T18:05:43,600,2026-08-15T18:24:07+0700
id-n1-016,gemma-4-31b,open-py3,1,1,1,2,2,6,2320,0.0000425800,7,0,2026-08-13T18:05:46,600,2026-08-15T18:24:07+0700
id-n1-017,gemma-4-31b,open-py3,1,2,2,0,0,6,750,0.0000154800,9,0,2026-08-13T18:05:48,600,2026-08-15T18:24:07+0700
id-n1-018,gemma-4-31b,open-py3,0,0,1,3,3,6,568,0.0000158500,11,0,2026-08-13T18:05:50,600,2026-08-15T18:24:07+0700
id-n1-019,gemma-4-31b,open-py3,1,0,0,1,1,6,1178,0.0000222000,11,0,2026-08-13T18:05:52,600,2026-08-15T18:24:07+0700
id-n1-020,gemma-4-31b,open-py3,1,3,3,3,3,6,3193,0.0000454000,10,1,2026-08-13T18:05:56,600,2026-08-15T18:24:07+0700
id-n1-021,gemma-4-31b,open-py3,0,0,1,2,2,6,1021,0.0000237200,11,0,2026-08-13T18:05:58,600,2026-08-15T18:24:07+0700
id-n1-022,gemma-4-31b,open-py3,0,1,1,2,3,6,2688,0.0000428500,7,0,2026-08-13T18:06:02,600,2026-08-15T18:24:07+0700
id-n1-023,gemma-4-31b,open-py3,1,1,1,1,1,4,691,0.0000146200,7,1,2026-08-13T18:06:03,600,2026-08-15T18:24:07+0700
id-n1-024,gemma-4-31b,open-py3,1,0,0,2,2,6,696,0.0000208500,8,0,2026-08-13T18:06:05,600,2026-08-15T18:24:07+0700
id-n1-025,gemma-4-31b,open-py3,1,1,1,3,3,7,591,0.0000149900,9,0,2026-08-13T18:06:07,600,2026-08-15T18:24:07+0700
id-n1-026,gemma-4-31b,open-py3,1,0,0,1,1,6,1060,0.0000168600,9,0,2026-08-13T18:06:09,600,2026-08-15T18:24:07+0700
id-n1-027,gemma-4-31b,open-py3,1,0,0,3,3,6,579,0.0000155700,9,0,2026-08-13T18:06:10,600,2026-08-15T18:24:07+0700
id-n1-028,gemma-4-31b,open-py3,1,1,1,2,2,9,1269,0.0000164300,11,0,2026-08-13T18:06:13,600,2026-08-15T18:24:07+0700
id-n1-029,gemma-4-31b,open-py3,1,0,0,2,2,4,868,0.0000245900,11,0,2026-08-13T18:06:14,600,2026-08-15T18:24:07+0700
id-n1-030,gemma-4-31b,open-py3,1,1,1,0,0,6,593,0.0000151500,9,0,2026-08-13T18:06:16,600,2026-08-15T18:24:07+0700
id-n1-031,gemma-4-31b,open-py3,1,1,1,2,2,7,1348,0.0000149100,9,1,2026-08-13T18:06:18,600,2026-08-15T18:24:07+0700
id-n1-032,gemma-4-31b,open-py3,1,0,0,1,1,5,1586,0.0000218400,7,0,2026-08-13T18:06:21,600,2026-08-15T18:24:07+0700
id-n1-033,gemma-4-31b,open-py3,0,0,1,1,1,5,599,0.0000165900,12,0,2026-08-13T18:06:23,600,2026-08-15T18:24:07+0700
id-n1-034,gemma-4-31b,open-py3,1,0,0,2,2,7,621,0.0000154200,10,1,2026-08-13T18:06:24,600,2026-08-15T18:24:07+0700
id-n1-035,gemma-4-31b,open-py3,1,0,0,0,0,7,10771,0.0000155000,10,0,2026-08-13T18:06:36,600,2026-08-15T18:24:07+0700
id-n1-036,gemma-4-31b,open-py3,1,0,0,1,1,6,876,0.0000179800,12,1,2026-08-13T18:06:38,600,2026-08-15T18:24:07+0700
id-n1-037,gemma-4-31b,open-py3,1,1,1,1,1,7,652,0.0000155000,10,0,2026-08-13T18:06:40,600,2026-08-15T18:24:07+0700
id-n1-038,gemma-4-31b,open-py3,1,0,0,2,2,5,592,0.0000146400,8,0,2026-08-13T18:06:41,600,2026-08-15T18:24:07+0700
id-n1-039,gemma-4-31b,open-py3,1,1,1,0,0,6,1129,0.0000162500,11,0,2026-08-13T18:06:43,600,2026-08-15T18:24:07+0700
id-n1-040,gemma-4-31b,open-py3,1,1,1,1,1,5,10969,0.0000167600,9,0,2026-08-13T18:06:55,600,2026-08-15T18:24:07+0700
id-n1-041,gemma-4-31b,open-py3,1,0,0,2,2,6,1088,0.0000225600,12,1,2026-08-13T18:06:57,600,2026-08-15T18:24:07+0700
id-n1-042,gemma-4-31b,open-py3,1,1,1,3,3,6,945,0.0000213600,9,1,2026-08-13T18:06:59,600,2026-08-15T18:24:07+0700
id-n1-043,gemma-4-31b,open-py3,1,1,1,1,1,6,10976,0.0000168600,9,0,2026-08-13T18:07:11,600,2026-08-15T18:24:07+0700
id-n1-044,gemma-4-31b,open-py3,0,0,0,2,3,6,803,0.0000171100,13,0,2026-08-13T18:07:13,600,2026-08-15T18:24:07+0700
id-n1-045,gemma-4-31b,open-py3,1,1,1,3,3,7,875,0.0000229200,9,0,2026-08-13T18:07:15,600,2026-08-15T18:24:07+0700
id-n1-046,gemma-4-31b,open-py3,1,0,0,1,1,5,3200,0.0000428500,7,1,2026-08-13T18:07:19,600,2026-08-15T18:24:07+0700
id-n1-047,gemma-4-31b,open-py3,1,0,0,3,3,6,614,0.0000155800,10,0,2026-08-13T18:07:21,600,2026-08-15T18:24:07+0700
id-n1-048,gemma-4-31b,open-py3,1,1,1,2,2,5,1539,0.0000207500,8,0,2026-08-13T18:07:23,600,2026-08-15T18:24:07+0700
id-n1-049,gemma-4-31b,open-py3,1,1,1,0,0,6,970,0.0000157300,10,0,2026-08-13T18:07:25,600,2026-08-15T18:24:07+0700
id-n1-050,gemma-4-31b,open-py3,1,0,0,0,0,5,737,0.0000212300,9,1,2026-08-13T18:07:27,600,2026-08-15T18:24:07+0700
id-n1-051,gemma-4-31b,open-py3,1,0,0,1,1,7,897,0.0000213600,9,0,2026-08-13T18:07:29,600,2026-08-15T18:24:07+0700
id-n1-052,gemma-4-31b,open-py3,1,0,0,2,2,5,624,0.0000154200,10,0,2026-08-13T18:07:31,600,2026-08-15T18:24:07+0700
id-n1-053,gemma-4-31b,open-py3,1,1,1,1,1,7,1624,0.0000224700,11,1,2026-08-13T18:07:33,600,2026-08-15T18:24:07+0700
id-n1-054,gemma-4-31b,open-py3,1,0,0,0,0,7,2486,0.0000163400,11,0,2026-08-13T18:07:37,600,2026-08-15T18:24:07+0700
id-n2-001,gemma-4-31b,open-py3,1,0,0,5,5,8,792,0.0000178800,12,0,2026-08-13T18:07:38,600,2026-08-15T18:24:07+0700
id-n2-002,gemma-4-31b,open-py3,1,0,0,3,3,7,624,0.0000162000,12,1,2026-08-13T18:07:40,600,2026-08-15T18:24:07+0700
id-n2-003,gemma-4-31b,open-py3,1,0,0,2,2,7,1927,0.0000212800,9,1,2026-08-13T18:07:43,600,2026-08-15T18:24:07+0700
id-n2-004,gemma-4-31b,open-py3,1,0,0,6,6,6,4803,0.0002366800,228,0,2026-08-13T18:07:49,600,2026-08-15T18:24:07+0700
id-n2-005,gemma-4-31b,open-py3,1,0,0,6,6,6,952,0.0000208800,9,0,2026-08-13T18:07:51,600,2026-08-15T18:24:07+0700
id-n2-006,gemma-4-31b,open-py3,1,0,0,1,1,7,589,0.0000153400,10,1,2026-08-13T18:07:52,600,2026-08-15T18:24:07+0700
id-n2-007,gemma-4-31b,open-py3,1,0,0,2,2,6,579,0.0000153000,9,0,2026-08-13T18:07:54,600,2026-08-15T18:24:07+0700
id-n2-008,gemma-4-31b,open-py3,1,0,0,1,1,7,606,0.0000157300,10,0,2026-08-13T18:07:56,600,2026-08-15T18:24:07+0700
id-n2-009,gemma-4-31b,open-py3,1,0,0,3,3,7,832,0.0000231800,10,0,2026-08-13T18:07:57,600,2026-08-15T18:24:07+0700
id-n2-010,gemma-4-31b,open-py3,1,0,0,4,4,6,957,0.0000242600,12,0,2026-08-13T18:07:59,600,2026-08-15T18:24:07+0700
id-n2-011,gemma-4-31b,open-py3,1,0,0,7,7,7,2325,0.0000225000,9,1,2026-08-13T18:08:03,600,2026-08-15T18:24:07+0700
id-n2-012,gemma-4-31b,open-py3,1,0,0,3,3,6,1056,0.0000248000,13,0,2026-08-13T18:08:05,600,2026-08-15T18:24:07+0700
id-n2-013,gemma-4-31b,open-py3,1,0,0,1,1,5,937,0.0000229400,8,0,2026-08-13T18:08:07,600,2026-08-15T18:24:07+0700
id-n2-014,gemma-4-31b,open-py3,1,0,0,3,3,6,619,0.0000166300,13,0,2026-08-13T18:08:08,600,2026-08-15T18:24:07+0700
id-n2-015,gemma-4-31b,open-py3,1,0,0,2,2,5,1280,0.0000216100,10,0,2026-08-13T18:08:11,600,2026-08-15T18:24:07+0700
id-n1-001,gpt-5.6-luna,open-py1,1,0,0,1,1,7,1505,0.0000220000,15,0,2026-08-14T07:14:02,600,2026-08-15T18:24:07+0700
id-n1-002,gpt-5.6-luna,open-py1,0,0,0,1,1,8,951,0.0000242000,18,0,2026-08-14T07:14:04,600,2026-08-15T18:24:07+0700
id-n1-003,gpt-5.6-luna,open-py1,0,1,1,2,2,7,1940,0.0000658000,88,1,2026-08-14T07:14:08,600,2026-08-15T18:24:07+0700
id-n1-004,gpt-5.6-luna,open-py1,1,2,2,1,1,5,2306,0.0000194000,11,1,2026-08-14T07:14:11,600,2026-08-15T18:24:07+0700
id-n1-005,gpt-5.6-luna,open-py1,1,0,0,0,0,6,1588,0.0000211000,14,0,2026-08-14T07:14:14,600,2026-08-15T18:24:07+0700
id-n1-006,gpt-5.6-luna,open-py1,0,0,0,2,2,7,1013,0.0000213000,14,1,2026-08-14T07:14:16,600,2026-08-15T18:24:07+0700
id-n1-007,gpt-5.6-luna,open-py1,0,2,2,0,2,7,2745,0.0001269000,190,1,2026-08-14T07:14:20,600,2026-08-15T18:24:07+0700
id-n1-008,gpt-5.6-luna,open-py1,0,1,1,1,1,6,2271,0.0000877000,125,0,2026-08-14T07:14:24,600,2026-08-15T18:24:07+0700
id-n1-009,gpt-5.6-luna,open-py1,0,0,0,1,2,5,1000,0.0000220000,15,1,2026-08-14T07:14:26,600,2026-08-15T18:24:07+0700
id-n1-010,gpt-5.6-luna,open-py1,0,0,0,0,1,7,2008,0.0000759000,105,0,2026-08-14T07:14:29,600,2026-08-15T18:24:07+0700
id-n1-011,gpt-5.6-luna,open-py1,0,2,2,0,1,6,1009,0.0000206000,13,0,2026-08-14T07:14:31,600,2026-08-15T18:24:07+0700
id-n1-012,gpt-5.6-luna,open-py1,1,4,4,0,0,8,874,0.0000220000,15,0,2026-08-14T07:14:33,600,2026-08-15T18:24:07+0700
id-n1-013,gpt-5.6-luna,open-py1,0,2,3,1,1,7,1034,0.0000213000,14,0,2026-08-14T07:14:35,600,2026-08-15T18:24:07+0700
id-n1-014,gpt-5.6-luna,open-py1,0,1,1,1,2,8,969,0.0000233000,17,0,2026-08-14T07:14:38,600,2026-08-15T18:24:07+0700
id-n1-015,gpt-5.6-luna,open-py1,0,0,0,0,0,6,814,0.0000209000,14,1,2026-08-14T07:14:40,600,2026-08-15T18:24:07+0700
id-n1-016,gpt-5.6-luna,open-py1,1,1,1,2,2,6,982,0.0000199000,12,0,2026-08-14T07:14:42,600,2026-08-15T18:24:07+0700
id-n1-017,gpt-5.6-luna,open-py1,0,2,2,0,0,7,3100,0.0001645000,253,0,2026-08-14T07:14:46,600,2026-08-15T18:24:07+0700
id-n1-018,gpt-5.6-luna,open-py1,0,0,1,2,3,5,2300,0.0001046000,153,0,2026-08-14T07:14:50,600,2026-08-15T18:24:07+0700
id-n1-019,gpt-5.6-luna,open-py1,1,0,0,1,1,6,1022,0.0000215000,14,0,2026-08-14T07:14:52,600,2026-08-15T18:24:07+0700
id-n1-020,gpt-5.6-luna,open-py1,0,2,3,0,3,7,1136,0.0000237000,18,1,2026-08-14T07:14:54,600,2026-08-15T18:24:07+0700
id-n1-021,gpt-5.6-luna,open-py1,0,1,1,1,2,6,1067,0.0000212000,14,0,2026-08-14T07:14:57,600,2026-08-15T18:24:07+0700
id-n1-022,gpt-5.6-luna,open-py1,0,1,1,2,3,6,928,0.0000200000,12,0,2026-08-14T07:14:59,600,2026-08-15T18:24:07+0700
id-n1-023,gpt-5.6-luna,open-py1,0,1,1,0,1,3,1040,0.0000191000,11,1,2026-08-14T07:15:01,600,2026-08-15T18:24:07+0700
id-n1-024,gpt-5.6-luna,open-py1,0,0,0,1,2,6,958,0.0000210000,14,0,2026-08-14T07:15:03,600,2026-08-15T18:24:07+0700
id-n1-025,gpt-5.6-luna,open-py1,1,1,1,3,3,7,877,0.0000198000,12,0,2026-08-14T07:15:05,600,2026-08-15T18:24:07+0700
id-n1-026,gpt-5.6-luna,open-py1,0,0,0,1,1,6,987,0.0000205000,13,0,2026-08-14T07:15:07,600,2026-08-15T18:24:07+0700
id-n1-027,gpt-5.6-luna,open-py1,0,0,0,2,3,6,2024,0.0000212000,14,0,2026-08-14T07:15:11,600,2026-08-15T18:24:07+0700
id-n1-028,gpt-5.6-luna,open-py1,0,1,1,0,2,9,2652,0.0000610000,80,0,2026-08-14T07:15:14,600,2026-08-15T18:24:07+0700
id-n1-029,gpt-5.6-luna,open-py1,1,0,0,2,2,4,1033,0.0000211000,14,0,2026-08-14T07:15:17,600,2026-08-15T18:24:07+0700
id-n1-030,gpt-5.6-luna,open-py1,1,1,1,0,0,6,1170,0.0000207000,13,0,2026-08-14T07:15:19,600,2026-08-15T18:24:07+0700
id-n1-031,gpt-5.6-luna,open-py1,1,1,1,2,2,7,1012,0.0000197000,12,1,2026-08-14T07:15:21,600,2026-08-15T18:24:07+0700
id-n1-032,gpt-5.6-luna,open-py1,1,0,0,0,1,6,2717,0.0000437000,52,0,2026-08-14T07:15:25,600,2026-08-15T18:24:07+0700
id-n1-033,gpt-5.6-luna,open-py1,0,0,1,0,1,5,1087,0.0000224000,16,0,2026-08-14T07:15:28,600,2026-08-15T18:24:07+0700
id-n1-034,gpt-5.6-luna,open-py1,1,0,0,2,2,7,1080,0.0000213000,14,1,2026-08-14T07:15:30,600,2026-08-15T18:24:07+0700
id-n1-035,gpt-5.6-luna,open-py1,0,0,0,0,0,7,882,0.0000212000,14,0,2026-08-14T07:15:32,600,2026-08-15T18:24:07+0700
id-n1-036,gpt-5.6-luna,open-py1,0,0,0,1,1,6,894,0.0000219000,15,1,2026-08-14T07:15:34,600,2026-08-15T18:24:07+0700
id-n1-037,gpt-5.6-luna,open-py1,0,1,1,1,1,7,1008,0.0000219000,15,0,2026-08-14T07:15:36,600,2026-08-15T18:24:07+0700
id-n1-038,gpt-5.6-luna,open-py1,0,0,0,1,2,5,920,0.0000198000,12,0,2026-08-14T07:15:38,600,2026-08-15T18:24:07+0700
id-n1-039,gpt-5.6-luna,open-py1,0,1,1,0,0,6,2058,0.0000740000,102,0,2026-08-14T07:15:42,600,2026-08-15T18:24:07+0700
id-n1-040,gpt-5.6-luna,open-py1,1,1,1,1,1,5,856,0.0000205000,13,0,2026-08-14T07:15:44,600,2026-08-15T18:24:07+0700
id-n1-041,gpt-5.6-luna,open-py1,0,0,0,1,2,6,979,0.0000226000,16,1,2026-08-14T07:15:46,600,2026-08-15T18:24:07+0700
id-n1-042,gpt-5.6-luna,open-py1,1,1,1,3,3,6,955,0.0000199000,12,1,2026-08-14T07:15:48,600,2026-08-15T18:24:07+0700
id-n1-043,gpt-5.6-luna,open-py1,0,1,1,0,1,6,892,0.0000207000,13,0,2026-08-14T07:15:50,600,2026-08-15T18:24:07+0700
id-n1-044,gpt-5.6-luna,open-py1,0,0,0,1,3,6,975,0.0000225000,16,0,2026-08-14T07:15:52,600,2026-08-15T18:24:07+0700
id-n1-045,gpt-5.6-luna,open-py1,0,1,1,3,3,7,3534,0.0000847000,120,0,2026-08-14T07:15:57,600,2026-08-15T18:24:07+0700
id-n1-046,gpt-5.6-luna,open-py1,1,0,0,1,1,5,1028,0.0000206000,13,1,2026-08-14T07:15:59,600,2026-08-15T18:24:07+0700
id-n1-047,gpt-5.6-luna,open-py1,0,0,0,3,3,6,1041,0.0000219000,15,0,2026-08-14T07:16:02,600,2026-08-15T18:24:07+0700
id-n1-048,gpt-5.6-luna,open-py1,0,1,1,0,2,6,886,0.0000208000,14,0,2026-08-14T07:16:04,600,2026-08-15T18:24:07+0700
id-n1-049,gpt-5.6-luna,open-py1,1,1,1,0,0,6,919,0.0000211000,14,0,2026-08-14T07:16:06,600,2026-08-15T18:24:07+0700
id-n1-050,gpt-5.6-luna,open-py1,0,0,0,0,0,5,1427,0.0000204000,13,1,2026-08-14T07:16:08,600,2026-08-15T18:24:07+0700
id-n1-051,gpt-5.6-luna,open-py1,0,0,0,1,1,7,1107,0.0000218000,15,0,2026-08-14T07:16:11,600,2026-08-15T18:24:07+0700
id-n1-052,gpt-5.6-luna,open-py1,0,0,0,0,2,5,819,0.0000212000,14,0,2026-08-14T07:16:13,600,2026-08-15T18:24:07+0700
id-n1-053,gpt-5.6-luna,open-py1,0,1,1,1,1,8,1100,0.0000225000,16,1,2026-08-14T07:16:15,600,2026-08-15T18:24:07+0700
id-n1-054,gpt-5.6-luna,open-py1,1,0,0,0,0,7,1048,0.0000214000,14,0,2026-08-14T07:16:17,600,2026-08-15T18:24:07+0700
id-n2-001,gpt-5.6-luna,open-py1,1,0,0,5,5,8,960,0.0000218000,15,0,2026-08-14T07:16:19,600,2026-08-15T18:24:07+0700
id-n2-002,gpt-5.6-luna,open-py1,1,0,0,3,3,7,1138,0.0000225000,16,1,2026-08-14T07:16:22,600,2026-08-15T18:24:07+0700
id-n2-003,gpt-5.6-luna,open-py1,1,0,0,2,2,7,1610,0.0000204000,13,1,2026-08-14T07:16:25,600,2026-08-15T18:24:07+0700
id-n2-004,gpt-5.6-luna,open-py1,1,0,0,6,6,6,1584,0.0000197000,12,0,2026-08-14T07:16:27,600,2026-08-15T18:24:07+0700
id-n2-005,gpt-5.6-luna,open-py1,1,0,0,6,6,6,1094,0.0000204000,13,0,2026-08-14T07:16:30,600,2026-08-15T18:24:07+0700
id-n2-006,gpt-5.6-luna,open-py1,1,0,0,1,1,7,925,0.0000204000,13,1,2026-08-14T07:16:32,600,2026-08-15T18:24:07+0700
id-n2-007,gpt-5.6-luna,open-py1,1,0,0,2,2,6,978,0.0000204000,13,0,2026-08-14T07:16:34,600,2026-08-15T18:24:07+0700
id-n2-008,gpt-5.6-luna,open-py1,1,0,0,1,1,7,993,0.0000225000,16,0,2026-08-14T07:16:36,600,2026-08-15T18:24:07+0700
id-n2-009,gpt-5.6-luna,open-py1,1,0,0,3,3,7,1123,0.0000218000,15,0,2026-08-14T07:16:39,600,2026-08-15T18:24:07+0700
id-n2-010,gpt-5.6-luna,open-py1,1,0,0,4,4,6,1108,0.0000225000,16,0,2026-08-14T07:16:41,600,2026-08-15T18:24:07+0700
id-n2-011,gpt-5.6-luna,open-py1,1,0,0,7,7,7,955,0.0000197000,12,1,2026-08-14T07:16:43,600,2026-08-15T18:24:07+0700
id-n2-012,gpt-5.6-luna,open-py1,0,0,0,3,3,6,1812,0.0000239000,18,0,2026-08-14T07:16:46,600,2026-08-15T18:24:07+0700
id-n2-013,gpt-5.6-luna,open-py1,1,0,0,1,1,5,1151,0.0000197000,12,0,2026-08-14T07:16:48,600,2026-08-15T18:24:07+0700
id-n2-014,gpt-5.6-luna,open-py1,1,0,0,3,3,6,1320,0.0000225000,16,0,2026-08-14T07:16:51,600,2026-08-15T18:24:07+0700
id-n2-015,gpt-5.6-luna,open-py1,1,0,0,2,2,5,868,0.0000211000,14,0,2026-08-14T07:16:53,600,2026-08-15T18:24:07+0700
id-n1-001,gpt-5.6-luna,open-py2,1,0,0,1,1,7,2303,0.0001057000,150,0,2026-08-14T06:56:41,600,2026-08-15T18:24:07+0700
id-n1-002,gpt-5.6-luna,open-py2,1,0,0,1,1,8,961,0.0000263000,17,0,2026-08-14T06:56:44,600,2026-08-15T18:24:07+0700
id-n1-003,gpt-5.6-luna,open-py2,0,0,1,2,2,7,2260,0.0001033000,146,1,2026-08-14T06:56:47,600,2026-08-15T18:24:07+0700
id-n1-004,gpt-5.6-luna,open-py2,1,2,2,1,1,5,992,0.0000221000,11,1,2026-08-14T06:56:49,600,2026-08-15T18:24:07+0700
id-n1-005,gpt-5.6-luna,open-py2,1,0,0,0,0,6,951,0.0000238000,14,0,2026-08-14T06:56:51,600,2026-08-15T18:24:07+0700
id-n1-006,gpt-5.6-luna,open-py2,0,0,0,2,2,7,1678,0.0000234000,13,1,2026-08-14T06:56:54,600,2026-08-15T18:24:07+0700
id-n1-007,gpt-5.6-luna,open-py2,1,2,2,2,2,6,2464,0.0000594000,73,1,2026-08-14T06:56:58,600,2026-08-15T18:24:07+0700
id-n1-008,gpt-5.6-luna,open-py2,0,0,1,1,1,6,3226,0.0000766000,102,0,2026-08-14T06:57:02,600,2026-08-15T18:24:07+0700
id-n1-009,gpt-5.6-luna,open-py2,0,0,0,1,2,5,2311,0.0000553000,66,1,2026-08-14T06:57:06,600,2026-08-15T18:24:07+0700
id-n1-010,gpt-5.6-luna,open-py2,1,0,0,1,1,7,2627,0.0001044000,148,0,2026-08-14T06:57:10,600,2026-08-15T18:24:07+0700
id-n1-011,gpt-5.6-luna,open-py2,0,1,2,1,1,6,5241,0.0001949000,299,0,2026-08-14T06:57:16,600,2026-08-15T18:24:07+0700
id-n1-012,gpt-5.6-luna,open-py2,1,4,4,0,0,8,2160,0.0000835000,113,0,2026-08-14T06:57:20,600,2026-08-15T18:24:07+0700
id-n1-013,gpt-5.6-luna,open-py2,0,0,3,1,1,7,2693,0.0001212000,176,0,2026-08-14T06:57:23,600,2026-08-15T18:24:07+0700
id-n1-014,gpt-5.6-luna,open-py2,0,0,1,2,2,9,2615,0.0001376000,203,0,2026-08-14T06:57:27,600,2026-08-15T18:24:07+0700
id-n1-015,gpt-5.6-luna,open-py2,1,0,0,0,0,6,1317,0.0000224000,12,1,2026-08-14T06:57:30,600,2026-08-15T18:24:07+0700
id-n1-016,gpt-5.6-luna,open-py2,1,1,1,2,2,6,1061,0.0000226000,12,0,2026-08-14T06:57:32,600,2026-08-15T18:24:07+0700
id-n1-017,gpt-5.6-luna,open-py2,0,1,2,0,0,6,2662,0.0001300000,191,0,2026-08-14T06:57:36,600,2026-08-15T18:24:07+0700
id-n1-018,gpt-5.6-luna,open-py2,0,0,1,2,3,5,1078,0.0000239000,14,0,2026-08-14T06:57:38,600,2026-08-15T18:24:07+0700
id-n1-019,gpt-5.6-luna,open-py2,1,0,0,1,1,6,1027,0.0000242000,14,0,2026-08-14T06:57:40,600,2026-08-15T18:24:07+0700
id-n1-020,gpt-5.6-luna,open-py2,1,3,3,3,3,6,18676,0.0001452000,216,1,2026-08-14T06:58:00,600,2026-08-15T18:24:07+0700
id-n1-021,gpt-5.6-luna,open-py2,1,1,1,1,2,7,998,0.0000257000,17,0,2026-08-14T06:58:03,600,2026-08-15T18:24:07+0700
id-n1-022,gpt-5.6-luna,open-py2,1,1,1,3,3,6,2474,0.0000467000,52,0,2026-08-14T06:58:06,600,2026-08-15T18:24:07+0700
id-n1-023,gpt-5.6-luna,open-py2,0,0,1,1,1,5,2303,0.0000788000,106,1,2026-08-14T06:58:10,600,2026-08-15T18:24:07+0700
id-n1-024,gpt-5.6-luna,open-py2,1,0,0,2,2,6,1113,0.0000231000,13,0,2026-08-14T06:58:12,600,2026-08-15T18:24:07+0700
id-n1-025,gpt-5.6-luna,open-py2,1,1,1,3,3,7,2253,0.0001023000,145,0,2026-08-14T06:58:16,600,2026-08-15T18:24:07+0700
id-n1-026,gpt-5.6-luna,open-py2,1,0,0,1,1,6,891,0.0000232000,13,0,2026-08-14T06:58:18,600,2026-08-15T18:24:07+0700
id-n1-027,gpt-5.6-luna,open-py2,1,0,0,3,3,6,2730,0.0000659000,84,0,2026-08-14T06:58:22,600,2026-08-15T18:24:07+0700
id-n1-028,gpt-5.6-luna,open-py2,0,0,1,2,2,9,2675,0.0001159000,167,0,2026-08-14T06:58:25,600,2026-08-15T18:24:07+0700
id-n1-029,gpt-5.6-luna,open-py2,1,0,0,2,2,4,1040,0.0000238000,14,0,2026-08-14T06:58:28,600,2026-08-15T18:24:07+0700
id-n1-030,gpt-5.6-luna,open-py2,1,1,1,0,0,7,1049,0.0000234000,13,0,2026-08-14T06:58:30,600,2026-08-15T18:24:07+0700
id-n1-031,gpt-5.6-luna,open-py2,0,0,1,1,2,8,2302,0.0001064000,152,1,2026-08-14T06:58:34,600,2026-08-15T18:24:07+0700
id-n1-032,gpt-5.6-luna,open-py2,1,0,0,0,1,6,2865,0.0000926000,129,0,2026-08-14T06:58:38,600,2026-08-15T18:24:07+0700
id-n1-033,gpt-5.6-luna,open-py2,1,1,1,1,1,5,3398,0.0000959000,134,0,2026-08-14T06:58:42,600,2026-08-15T18:24:07+0700
id-n1-034,gpt-5.6-luna,open-py2,1,0,0,2,2,7,1192,0.0000240000,14,1,2026-08-14T06:58:45,600,2026-08-15T18:24:07+0700
id-n1-035,gpt-5.6-luna,open-py2,0,0,0,0,0,6,1835,0.0000665000,85,0,2026-08-14T06:58:48,600,2026-08-15T18:24:07+0700
id-n1-036,gpt-5.6-luna,open-py2,1,0,0,1,1,6,2496,0.0000918000,127,1,2026-08-14T06:58:51,600,2026-08-15T18:24:07+0700
id-n1-037,gpt-5.6-luna,open-py2,1,1,1,1,1,7,998,0.0000246000,15,0,2026-08-14T06:58:54,600,2026-08-15T18:24:07+0700
id-n1-038,gpt-5.6-luna,open-py2,1,0,0,2,2,5,1401,0.0000225000,12,0,2026-08-14T06:58:56,600,2026-08-15T18:24:07+0700
id-n1-039,gpt-5.6-luna,open-py2,0,0,1,0,0,6,2492,0.0000743000,98,0,2026-08-14T06:59:00,600,2026-08-15T18:24:07+0700
id-n1-040,gpt-5.6-luna,open-py2,1,1,1,0,1,6,1086,0.0000238000,14,0,2026-08-14T06:59:02,600,2026-08-15T18:24:07+0700
id-n1-041,gpt-5.6-luna,open-py2,1,0,0,2,2,6,1033,0.0000247000,15,1,2026-08-14T06:59:04,600,2026-08-15T18:24:07+0700
id-n1-042,gpt-5.6-luna,open-py2,1,1,1,3,3,6,1212,0.0000388000,39,1,2026-08-14T06:59:07,600,2026-08-15T18:24:07+0700
id-n1-043,gpt-5.6-luna,open-py2,1,1,1,1,1,6,2420,0.0000648000,82,0,2026-08-14T06:59:10,600,2026-08-15T18:24:07+0700
id-n1-044,gpt-5.6-luna,open-py2,0,0,0,2,3,6,939,0.0000252000,16,0,2026-08-14T06:59:13,600,2026-08-15T18:24:07+0700
id-n1-045,gpt-5.6-luna,open-py2,0,0,1,3,3,7,3110,0.0001174000,170,0,2026-08-14T06:59:17,600,2026-08-15T18:24:07+0700
id-n1-046,gpt-5.6-luna,open-py2,1,0,0,1,1,5,2300,0.0001043000,148,1,2026-08-14T06:59:20,600,2026-08-15T18:24:07+0700
id-n1-047,gpt-5.6-luna,open-py2,1,0,0,3,3,6,2533,0.0000594000,73,0,2026-08-14T06:59:24,600,2026-08-15T18:24:07+0700
id-n1-048,gpt-5.6-luna,open-py2,1,1,1,2,2,5,4225,0.0001873000,287,0,2026-08-14T06:59:30,600,2026-08-15T18:24:07+0700
id-n1-049,gpt-5.6-luna,open-py2,1,1,1,0,0,6,1032,0.0000238000,14,0,2026-08-14T06:59:32,600,2026-08-15T18:24:07+0700
id-n1-050,gpt-5.6-luna,open-py2,1,0,0,0,0,5,2199,0.0000861000,118,1,2026-08-14T06:59:35,600,2026-08-15T18:24:07+0700
id-n1-051,gpt-5.6-luna,open-py2,1,0,0,1,1,7,1202,0.0000239000,14,0,2026-08-14T06:59:38,600,2026-08-15T18:24:07+0700
id-n1-052,gpt-5.6-luna,open-py2,1,0,0,2,2,5,2918,0.0000707000,92,0,2026-08-14T06:59:42,600,2026-08-15T18:24:07+0700
id-n1-053,gpt-5.6-luna,open-py2,0,0,1,1,1,7,2989,0.0000780000,104,1,2026-08-14T06:59:46,600,2026-08-15T18:24:07+0700
id-n1-054,gpt-5.6-luna,open-py2,1,0,0,0,0,7,2313,0.0000673000,86,0,2026-08-14T06:59:50,600,2026-08-15T18:24:07+0700
id-n2-001,gpt-5.6-luna,open-py2,1,0,0,5,5,8,988,0.0000245000,15,0,2026-08-14T06:59:52,600,2026-08-15T18:24:07+0700
id-n2-002,gpt-5.6-luna,open-py2,1,0,0,3,3,7,1024,0.0000252000,16,1,2026-08-14T06:59:54,600,2026-08-15T18:24:07+0700
id-n2-003,gpt-5.6-luna,open-py2,1,0,0,2,2,7,984,0.0000231000,13,1,2026-08-14T06:59:56,600,2026-08-15T18:24:07+0700
id-n2-004,gpt-5.6-luna,open-py2,1,0,0,6,6,6,1016,0.0000224000,12,0,2026-08-14T06:59:58,600,2026-08-15T18:24:07+0700
id-n2-005,gpt-5.6-luna,open-py2,1,0,0,6,6,6,3267,0.0000639000,81,0,2026-08-14T07:00:03,600,2026-08-15T18:24:07+0700
id-n2-006,gpt-5.6-luna,open-py2,1,0,0,1,1,7,2252,0.0000729000,96,1,2026-08-14T07:00:06,600,2026-08-15T18:24:07+0700
id-n2-007,gpt-5.6-luna,open-py2,1,0,0,2,2,6,986,0.0000231000,13,0,2026-08-14T07:00:09,600,2026-08-15T18:24:07+0700
id-n2-008,gpt-5.6-luna,open-py2,1,0,0,1,1,7,912,0.0000252000,16,0,2026-08-14T07:00:11,600,2026-08-15T18:24:07+0700
id-n2-009,gpt-5.6-luna,open-py2,1,0,0,3,3,7,955,0.0000245000,15,0,2026-08-14T07:00:13,600,2026-08-15T18:24:07+0700
id-n2-010,gpt-5.6-luna,open-py2,1,0,0,4,4,6,3325,0.0000708000,92,0,2026-08-14T07:00:17,600,2026-08-15T18:24:07+0700
id-n2-011,gpt-5.6-luna,open-py2,1,0,0,7,7,7,964,0.0000224000,12,1,2026-08-14T07:00:19,600,2026-08-15T18:24:07+0700
id-n2-012,gpt-5.6-luna,open-py2,1,0,0,3,3,6,1064,0.0000266000,18,0,2026-08-14T07:00:22,600,2026-08-15T18:24:07+0700
id-n2-013,gpt-5.6-luna,open-py2,1,0,0,1,1,5,2723,0.0000584000,72,0,2026-08-14T07:00:26,600,2026-08-15T18:24:07+0700
id-n2-014,gpt-5.6-luna,open-py2,1,0,0,3,3,6,1060,0.0000252000,16,0,2026-08-14T07:00:28,600,2026-08-15T18:24:07+0700
id-n2-015,gpt-5.6-luna,open-py2,1,0,0,2,2,5,2254,0.0000856000,117,0,2026-08-14T07:00:31,600,2026-08-15T18:24:07+0700
id-n1-001,gpt-5.6-luna,open-py3,1,0,0,1,1,8,2435,0.0000933000,131,0,2026-08-14T07:43:27,600,2026-08-15T18:24:07+0700
id-n1-002,gpt-5.6-luna,open-py3,1,0,0,1,1,9,2586,0.0000733000,97,0,2026-08-14T07:43:31,600,2026-08-15T18:24:07+0700
id-n1-003,gpt-5.6-luna,open-py3,0,1,1,1,2,8,2395,0.0001173000,171,1,2026-08-14T07:43:35,600,2026-08-15T18:24:07+0700
id-n1-004,gpt-5.6-luna,open-py3,1,2,2,1,1,6,1010,0.0000217000,12,1,2026-08-14T07:43:37,600,2026-08-15T18:24:07+0700
id-n1-005,gpt-5.6-luna,open-py3,1,0,0,0,0,7,941,0.0000234000,15,0,2026-08-14T07:43:39,600,2026-08-15T18:24:07+0700
id-n1-006,gpt-5.6-luna,open-py3,0,0,0,2,2,8,3169,0.0000626000,80,1,2026-08-14T07:43:43,600,2026-08-15T18:24:07+0700
id-n1-007,gpt-5.6-luna,open-py3,1,2,2,2,2,7,2415,0.0001100000,159,1,2026-08-14T07:43:47,600,2026-08-15T18:24:07+0700
id-n1-008,gpt-5.6-luna,open-py3,1,1,1,0,1,7,2821,0.0000792000,108,0,2026-08-14T07:43:51,600,2026-08-15T18:24:07+0700
id-n1-009,gpt-5.6-luna,open-py3,0,0,0,1,2,5,914,0.0000231000,14,1,2026-08-14T07:43:53,600,2026-08-15T18:24:07+0700
id-n1-010,gpt-5.6-luna,open-py3,1,0,0,1,1,8,3504,0.0001082000,156,0,2026-08-14T07:43:58,600,2026-08-15T18:24:07+0700
id-n1-011,gpt-5.6-luna,open-py3,0,1,2,1,1,6,883,0.0000223000,13,0,2026-08-14T07:44:00,600,2026-08-15T18:24:07+0700
id-n1-012,gpt-5.6-luna,open-py3,1,3,4,0,0,9,1739,0.0000777000,105,0,2026-08-14T07:44:03,600,2026-08-15T18:24:07+0700
id-n1-013,gpt-5.6-luna,open-py3,0,2,3,1,1,7,940,0.0000230000,14,0,2026-08-14T07:44:05,600,2026-08-15T18:24:07+0700
id-n1-014,gpt-5.6-luna,open-py3,1,1,1,2,2,9,5844,0.0002710000,427,0,2026-08-14T07:44:12,600,2026-08-15T18:24:07+0700
id-n1-015,gpt-5.6-luna,open-py3,1,0,0,0,0,7,3802,0.0000844000,117,1,2026-08-14T07:44:17,600,2026-08-15T18:24:07+0700
id-n1-016,gpt-5.6-luna,open-py3,1,1,1,2,2,6,1102,0.0000216000,12,0,2026-08-14T07:44:20,600,2026-08-15T18:24:07+0700
id-n1-017,gpt-5.6-luna,open-py3,1,2,2,0,0,7,994,0.0000228000,14,0,2026-08-14T07:44:22,600,2026-08-15T18:24:07+0700
id-n1-018,gpt-5.6-luna,open-py3,0,0,1,2,3,7,2021,0.0000865000,120,0,2026-08-14T07:44:25,600,2026-08-15T18:24:07+0700
id-n1-019,gpt-5.6-luna,open-py3,1,0,0,1,1,7,2119,0.0000832000,114,0,2026-08-14T07:44:28,600,2026-08-15T18:24:07+0700
id-n1-020,gpt-5.6-luna,open-py3,0,2,3,1,3,7,2536,0.0001232000,181,1,2026-08-14T07:44:32,600,2026-08-15T18:24:07+0700
id-n1-021,gpt-5.6-luna,open-py3,1,1,1,1,2,7,987,0.0000247000,17,0,2026-08-14T07:44:34,600,2026-08-15T18:24:07+0700
id-n1-022,gpt-5.6-luna,open-py3,0,1,1,1,3,7,3607,0.0000943000,133,0,2026-08-14T07:44:39,600,2026-08-15T18:24:07+0700
id-n1-023,gpt-5.6-luna,open-py3,0,0,1,1,1,5,1687,0.0000604000,77,1,2026-08-14T07:44:42,600,2026-08-15T18:24:07+0700
id-n1-024,gpt-5.6-luna,open-py3,1,0,0,2,2,7,2777,0.0000653000,85,0,2026-08-14T07:44:46,600,2026-08-15T18:24:07+0700
id-n1-025,gpt-5.6-luna,open-py3,1,1,1,3,3,8,912,0.0000221000,13,0,2026-08-14T07:44:48,600,2026-08-15T18:24:07+0700
id-n1-026,gpt-5.6-luna,open-py3,1,0,0,1,1,6,946,0.0000222000,13,0,2026-08-14T07:44:50,600,2026-08-15T18:24:07+0700
id-n1-027,gpt-5.6-luna,open-py3,1,0,0,2,3,7,1973,0.0000793000,108,0,2026-08-14T07:44:53,600,2026-08-15T18:24:07+0700
id-n1-028,gpt-5.6-luna,open-py3,0,1,1,1,2,10,2571,0.0001149000,167,0,2026-08-14T07:44:57,600,2026-08-15T18:24:07+0700
id-n1-029,gpt-5.6-luna,open-py3,1,0,0,1,2,5,947,0.0000228000,14,0,2026-08-14T07:44:59,600,2026-08-15T18:24:07+0700
id-n1-030,gpt-5.6-luna,open-py3,1,1,1,0,0,6,1029,0.0000224000,13,0,2026-08-14T07:45:02,600,2026-08-15T18:24:07+0700
id-n1-031,gpt-5.6-luna,open-py3,1,1,1,1,2,8,5197,0.0000700000,93,1,2026-08-14T07:45:08,600,2026-08-15T18:24:07+0700
id-n1-032,gpt-5.6-luna,open-py3,1,0,0,0,1,6,879,0.0000208000,11,0,2026-08-14T07:45:10,600,2026-08-15T18:24:07+0700
id-n1-033,gpt-5.6-luna,open-py3,1,1,1,1,1,5,892,0.0000247000,17,0,2026-08-14T07:45:12,600,2026-08-15T18:24:07+0700
id-n1-034,gpt-5.6-luna,open-py3,1,0,0,2,2,7,994,0.0000230000,14,1,2026-08-14T07:45:14,600,2026-08-15T18:24:07+0700
id-n1-035,gpt-5.6-luna,open-py3,1,0,0,0,0,8,2231,0.0000967000,137,0,2026-08-14T07:45:18,600,2026-08-15T18:24:07+0700
id-n1-036,gpt-5.6-luna,open-py3,0,0,0,0,1,7,889,0.0000242000,16,1,2026-08-14T07:45:20,600,2026-08-15T18:24:07+0700
id-n1-037,gpt-5.6-luna,open-py3,1,1,1,0,1,8,2104,0.0000782000,106,0,2026-08-14T07:45:23,600,2026-08-15T18:24:07+0700
id-n1-038,gpt-5.6-luna,open-py3,1,0,0,2,2,5,920,0.0000215000,12,0,2026-08-14T07:45:25,600,2026-08-15T18:24:07+0700
id-n1-039,gpt-5.6-luna,open-py3,1,1,1,0,0,6,975,0.0000229000,14,0,2026-08-14T07:45:28,600,2026-08-15T18:24:07+0700
id-n1-040,gpt-5.6-luna,open-py3,1,1,1,0,1,6,3381,0.0000606000,77,0,2026-08-14T07:45:32,600,2026-08-15T18:24:07+0700
id-n1-041,gpt-5.6-luna,open-py3,1,0,0,2,2,6,854,0.0000237000,15,1,2026-08-14T07:45:34,600,2026-08-15T18:24:07+0700
id-n1-042,gpt-5.6-luna,open-py3,1,1,1,2,3,7,951,0.0000222000,13,1,2026-08-14T07:45:36,600,2026-08-15T18:24:07+0700
id-n1-043,gpt-5.6-luna,open-py3,1,1,1,1,1,6,2053,0.0000836000,115,0,2026-08-14T07:45:40,600,2026-08-15T18:24:07+0700
id-n1-044,gpt-5.6-luna,open-py3,0,0,0,2,3,6,2268,0.0000890000,124,0,2026-08-14T07:45:43,600,2026-08-15T18:24:07+0700
id-n1-045,gpt-5.6-luna,open-py3,0,1,1,2,3,8,2873,0.0000762000,103,0,2026-08-14T07:45:47,600,2026-08-15T18:24:07+0700
id-n1-046,gpt-5.6-luna,open-py3,1,0,0,1,1,5,885,0.0000223000,13,1,2026-08-14T07:45:49,600,2026-08-15T18:24:07+0700
id-n1-047,gpt-5.6-luna,open-py3,1,0,0,3,3,7,2682,0.0000752000,101,0,2026-08-14T07:45:53,600,2026-08-15T18:24:07+0700
id-n1-048,gpt-5.6-luna,open-py3,1,1,1,1,2,6,2020,0.0000663000,87,0,2026-08-14T07:45:56,600,2026-08-15T18:24:07+0700
id-n1-049,gpt-5.6-luna,open-py3,1,1,1,0,0,7,2653,0.0000588000,74,0,2026-08-14T07:46:00,600,2026-08-15T18:24:07+0700
id-n1-050,gpt-5.6-luna,open-py3,1,0,0,0,0,6,2291,0.0000905000,127,1,2026-08-14T07:46:04,600,2026-08-15T18:24:07+0700
id-n1-051,gpt-5.6-luna,open-py3,0,0,0,0,1,8,4465,0.0000793000,108,0,2026-08-14T07:46:09,600,2026-08-15T18:24:07+0700
id-n1-052,gpt-5.6-luna,open-py3,1,0,0,1,2,6,3537,0.0000685000,90,0,2026-08-14T07:46:14,600,2026-08-15T18:24:07+0700
id-n1-053,gpt-5.6-luna,open-py3,1,1,1,0,1,8,2813,0.0000572000,71,1,2026-08-14T07:46:18,600,2026-08-15T18:24:07+0700
id-n1-054,gpt-5.6-luna,open-py3,1,0,0,0,0,7,5542,0.0000729000,97,0,2026-08-14T07:46:25,600,2026-08-15T18:24:07+0700
id-n2-001,gpt-5.6-luna,open-py3,1,0,0,5,5,8,989,0.0000235000,15,0,2026-08-14T07:46:27,600,2026-08-15T18:24:07+0700
id-n2-002,gpt-5.6-luna,open-py3,1,0,0,2,3,8,2613,0.0001082000,156,1,2026-08-14T07:46:31,600,2026-08-15T18:24:07+0700
id-n2-003,gpt-5.6-luna,open-py3,1,0,0,1,2,8,1251,0.0000227000,14,1,2026-08-14T07:46:33,600,2026-08-15T18:24:07+0700
id-n2-004,gpt-5.6-luna,open-py3,1,0,0,6,6,6,1013,0.0000214000,12,0,2026-08-14T07:46:36,600,2026-08-15T18:24:07+0700
id-n2-005,gpt-5.6-luna,open-py3,1,0,0,5,6,7,899,0.0000227000,14,0,2026-08-14T07:46:38,600,2026-08-15T18:24:07+0700
id-n2-006,gpt-5.6-luna,open-py3,1,0,0,1,1,7,2223,0.0000587000,74,1,2026-08-14T07:46:41,600,2026-08-15T18:24:07+0700
id-n2-007,gpt-5.6-luna,open-py3,1,0,0,1,2,7,2076,0.0000755000,102,0,2026-08-14T07:46:45,600,2026-08-15T18:24:07+0700
id-n2-008,gpt-5.6-luna,open-py3,1,0,0,1,1,7,949,0.0000242000,16,0,2026-08-14T07:46:47,600,2026-08-15T18:24:07+0700
id-n2-009,gpt-5.6-luna,open-py3,1,0,0,3,3,7,3209,0.0000955000,135,0,2026-08-14T07:46:51,600,2026-08-15T18:24:07+0700
id-n2-010,gpt-5.6-luna,open-py3,1,0,0,3,4,7,973,0.0000242000,16,0,2026-08-14T07:46:53,600,2026-08-15T18:24:07+0700
id-n2-011,gpt-5.6-luna,open-py3,1,0,0,7,7,7,949,0.0000214000,12,1,2026-08-14T07:46:55,600,2026-08-15T18:24:07+0700
id-n2-012,gpt-5.6-luna,open-py3,1,0,0,3,3,6,1810,0.0000256000,18,0,2026-08-14T07:46:58,600,2026-08-15T18:24:07+0700
id-n2-013,gpt-5.6-luna,open-py3,1,0,0,1,1,5,974,0.0000214000,12,0,2026-08-14T07:47:01,600,2026-08-15T18:24:07+0700
id-n2-014,gpt-5.6-luna,open-py3,1,0,0,2,3,7,2006,0.0000824000,113,0,2026-08-14T07:47:04,600,2026-08-15T18:24:07+0700
id-n2-015,gpt-5.6-luna,open-py3,1,0,0,2,2,5,2506,0.0000612000,78,0,2026-08-14T07:47:08,600,2026-08-15T18:24:07+0700
id-n1-001,hunyuan-a13b,open-py1,0,0,0,0,1,5,1433,0.0000272700,11,0,2026-08-14T07:16:56,600,2026-08-15T18:24:07+0700
id-n1-002,hunyuan-a13b,open-py1,0,0,0,0,1,7,1428,0.0000301100,15,0,2026-08-14T07:16:58,600,2026-08-15T18:24:07+0700
id-n1-003,hunyuan-a13b,open-py1,0,1,1,2,2,7,1427,0.0000281200,12,1,2026-08-14T07:17:01,600,2026-08-15T18:24:07+0700
id-n1-004,hunyuan-a13b,open-py1,0,2,2,1,1,6,1451,0.0000262800,10,1,2026-08-14T07:17:04,600,2026-08-15T18:24:07+0700
id-n1-005,hunyuan-a13b,open-py1,1,0,0,0,0,6,1438,0.0000284100,13,0,2026-08-14T07:17:06,600,2026-08-15T18:24:07+0700
id-n1-006,hunyuan-a13b,open-py1,0,0,0,1,2,8,1479,0.0000288400,14,1,2026-08-14T07:17:09,600,2026-08-15T18:24:07+0700
id-n1-007,hunyuan-a13b,open-py1,0,1,2,2,2,5,1501,0.0000286900,13,1,2026-08-14T07:17:12,600,2026-08-15T18:24:07+0700
id-n1-008,hunyuan-a13b,open-py1,0,1,1,1,1,7,1464,0.0000275600,12,0,2026-08-14T07:17:14,600,2026-08-15T18:24:07+0700
id-n1-009,hunyuan-a13b,open-py1,0,0,0,0,2,8,1505,0.0000306900,17,1,2026-08-14T07:17:17,600,2026-08-15T18:24:07+0700
id-n1-010,hunyuan-a13b,open-py1,0,0,0,1,1,8,1442,0.0000284100,13,0,2026-08-14T07:17:20,600,2026-08-15T18:24:07+0700
id-n1-011,hunyuan-a13b,open-py1,1,2,2,1,1,6,1475,0.0000265600,10,0,2026-08-14T07:17:23,600,2026-08-15T18:24:07+0700
id-n1-012,hunyuan-a13b,open-py1,0,3,4,0,0,8,1478,0.0000294000,14,0,2026-08-14T07:17:25,600,2026-08-15T18:24:07+0700
id-n1-013,hunyuan-a13b,open-py1,0,1,3,1,1,7,1518,0.0000278400,12,0,2026-08-14T07:17:28,600,2026-08-15T18:24:07+0700
id-n1-014,hunyuan-a13b,open-py1,0,1,1,1,2,8,1485,0.0000301100,15,0,2026-08-14T07:17:31,600,2026-08-15T18:24:07+0700
id-n1-015,hunyuan-a13b,open-py1,0,0,0,0,0,5,1450,0.0000262800,10,1,2026-08-14T07:17:33,600,2026-08-15T18:24:07+0700
id-n1-016,hunyuan-a13b,open-py1,0,1,1,2,2,7,1525,0.0000282700,13,0,2026-08-14T07:17:36,600,2026-08-15T18:24:07+0700
id-n1-017,hunyuan-a13b,open-py1,0,1,2,0,0,6,1502,0.0000264200,10,0,2026-08-14T07:17:39,600,2026-08-15T18:24:07+0700
id-n1-018,hunyuan-a13b,open-py1,0,0,1,2,3,6,1478,0.0000282700,13,0,2026-08-14T07:17:41,600,2026-08-15T18:24:07+0700
id-n1-019,hunyuan-a13b,open-py1,0,0,0,1,1,6,1588,0.0000281200,12,0,2026-08-14T07:17:44,600,2026-08-15T18:24:07+0700
id-n1-020,hunyuan-a13b,open-py1,0,3,3,1,3,5,1446,0.0000291200,14,1,2026-08-14T07:17:47,600,2026-08-15T18:24:07+0700
id-n1-021,hunyuan-a13b,open-py1,0,0,1,1,2,6,1437,0.0000282700,13,0,2026-08-14T07:17:50,600,2026-08-15T18:24:07+0700
id-n1-022,hunyuan-a13b,open-py1,0,1,1,2,3,6,1437,0.0000278400,12,0,2026-08-14T07:17:52,600,2026-08-15T18:24:07+0700
id-n1-023,hunyuan-a13b,open-py1,0,0,1,1,1,5,1538,0.0000271400,12,1,2026-08-14T07:17:55,600,2026-08-15T18:24:07+0700
id-n1-024,hunyuan-a13b,open-py1,0,0,0,1,2,6,1404,0.0000264200,10,0,2026-08-14T07:17:58,600,2026-08-15T18:24:07+0700
id-n1-025,hunyuan-a13b,open-py1,1,1,1,3,3,7,1476,0.0000275600,12,0,2026-08-14T07:18:00,600,2026-08-15T18:24:07+0700
id-n1-026,hunyuan-a13b,open-py1,0,0,0,1,1,6,1377,0.0000271300,11,0,2026-08-14T07:18:03,600,2026-08-15T18:24:07+0700
id-n1-027,hunyuan-a13b,open-py1,0,0,0,2,3,6,1462,0.0000275600,12,0,2026-08-14T07:18:05,600,2026-08-15T18:24:07+0700
id-n1-028,hunyuan-a13b,open-py1,1,1,1,2,2,9,1443,0.0000292600,14,0,2026-08-14T07:18:08,600,2026-08-15T18:24:07+0700
id-n1-029,hunyuan-a13b,open-py1,0,0,0,2,2,4,1472,0.0000277000,12,0,2026-08-14T07:18:11,600,2026-08-15T18:24:07+0700
id-n1-030,hunyuan-a13b,open-py1,1,1,1,0,0,6,1490,0.0000272700,11,0,2026-08-14T07:18:14,600,2026-08-15T18:24:07+0700
id-n1-031,hunyuan-a13b,open-py1,1,1,1,2,2,7,1523,0.0000269900,11,1,2026-08-14T07:18:16,600,2026-08-15T18:24:07+0700
id-n1-032,hunyuan-a13b,open-py1,1,0,0,1,1,5,1503,0.0000255700,9,0,2026-08-14T07:18:19,600,2026-08-15T18:24:07+0700
id-n1-033,hunyuan-a13b,open-py1,0,0,1,1,1,5,1471,0.0000289800,14,0,2026-08-14T07:18:22,600,2026-08-15T18:24:07+0700
id-n1-034,hunyuan-a13b,open-py1,1,0,0,2,2,7,1702,0.0000279800,12,1,2026-08-14T07:18:25,600,2026-08-15T18:24:07+0700
id-n1-035,hunyuan-a13b,open-py1,0,0,0,0,0,7,1597,0.0000295500,15,0,2026-08-14T07:18:27,600,2026-08-15T18:24:07+0700
id-n1-036,hunyuan-a13b,open-py1,1,0,0,1,1,6,1510,0.0000291200,14,1,2026-08-14T07:18:30,600,2026-08-15T18:24:07+0700
id-n1-037,hunyuan-a13b,open-py1,0,1,1,1,1,6,1558,0.0000275500,11,0,2026-08-14T07:18:33,600,2026-08-15T18:24:07+0700
id-n1-038,hunyuan-a13b,open-py1,0,0,0,1,2,5,1457,0.0000264200,10,0,2026-08-14T07:18:36,600,2026-08-15T18:24:07+0700
id-n1-039,hunyuan-a13b,open-py1,1,1,1,0,0,6,1503,0.0000277000,12,0,2026-08-14T07:18:38,600,2026-08-15T18:24:07+0700
id-n1-040,hunyuan-a13b,open-py1,0,1,1,1,1,5,1520,0.0000264200,10,0,2026-08-14T07:18:41,600,2026-08-15T18:24:07+0700
id-n1-041,hunyuan-a13b,open-py1,0,0,0,1,2,6,1417,0.0000296900,15,1,2026-08-14T07:18:44,600,2026-08-15T18:24:07+0700
id-n1-042,hunyuan-a13b,open-py1,1,1,1,3,3,6,1555,0.0000278400,12,1,2026-08-14T07:18:46,600,2026-08-15T18:24:07+0700
id-n1-043,hunyuan-a13b,open-py1,0,1,1,0,1,6,1525,0.0000289800,14,0,2026-08-14T07:18:49,600,2026-08-15T18:24:07+0700
id-n1-044,hunyuan-a13b,open-py1,0,0,0,1,3,6,1620,0.0000296900,15,0,2026-08-14T07:18:52,600,2026-08-15T18:24:07+0700
id-n1-045,hunyuan-a13b,open-py1,0,1,1,3,3,7,1460,0.0000279800,12,0,2026-08-14T07:18:55,600,2026-08-15T18:24:07+0700
id-n1-046,hunyuan-a13b,open-py1,0,0,0,1,1,5,1501,0.0000281300,13,1,2026-08-14T07:18:57,600,2026-08-15T18:24:07+0700
id-n1-047,hunyuan-a13b,open-py1,0,0,0,2,3,6,1471,0.0000279800,12,0,2026-08-14T07:19:00,600,2026-08-15T18:24:07+0700
id-n1-048,hunyuan-a13b,open-py1,0,0,1,1,2,6,1615,0.0000267100,11,0,2026-08-14T07:19:03,600,2026-08-15T18:24:07+0700
id-n1-049,hunyuan-a13b,open-py1,0,0,1,0,0,5,1475,0.0000254200,8,0,2026-08-14T07:19:05,600,2026-08-15T18:24:07+0700
id-n1-050,hunyuan-a13b,open-py1,0,0,0,0,0,5,1444,0.0000268500,11,1,2026-08-14T07:19:08,600,2026-08-15T18:24:07+0700
id-n1-051,hunyuan-a13b,open-py1,0,0,0,1,1,7,1507,0.0000271300,11,0,2026-08-14T07:19:11,600,2026-08-15T18:24:07+0700
id-n1-052,hunyuan-a13b,open-py1,0,0,0,0,2,4,1534,0.0000267000,10,0,2026-08-14T07:19:14,600,2026-08-15T18:24:07+0700
id-n1-053,hunyuan-a13b,open-py1,0,1,1,1,1,8,1542,0.0000309700,17,1,2026-08-14T07:19:16,600,2026-08-15T18:24:07+0700
id-n1-054,hunyuan-a13b,open-py1,0,0,0,0,0,6,1469,0.0000275500,11,0,2026-08-14T07:19:19,600,2026-08-15T18:24:07+0700
id-n2-001,hunyuan-a13b,open-py1,1,0,0,5,5,8,1439,0.0000277000,12,0,2026-08-14T07:19:22,600,2026-08-15T18:24:07+0700
id-n2-002,hunyuan-a13b,open-py1,0,0,0,1,3,7,1728,0.0000304000,16,1,2026-08-14T07:19:25,600,2026-08-15T18:24:07+0700
id-n2-003,hunyuan-a13b,open-py1,1,0,0,2,2,7,1523,0.0000284100,13,1,2026-08-14T07:19:27,600,2026-08-15T18:24:07+0700
id-n2-004,hunyuan-a13b,open-py1,0,0,0,5,6,6,1501,0.0000277000,12,0,2026-08-14T07:19:30,600,2026-08-15T18:24:07+0700
id-n2-005,hunyuan-a13b,open-py1,1,0,0,6,6,6,1442,0.0000284100,13,0,2026-08-14T07:19:33,600,2026-08-15T18:24:07+0700
id-n2-006,hunyuan-a13b,open-py1,0,0,0,0,1,7,1524,0.0000269900,11,1,2026-08-14T07:19:35,600,2026-08-15T18:24:07+0700
id-n2-007,hunyuan-a13b,open-py1,1,0,0,2,2,6,1525,0.0000277000,12,0,2026-08-14T07:19:38,600,2026-08-15T18:24:07+0700
id-n2-008,hunyuan-a13b,open-py1,1,0,0,1,1,7,1514,0.0000305400,16,0,2026-08-14T07:19:41,600,2026-08-15T18:24:07+0700
id-n2-009,hunyuan-a13b,open-py1,0,0,0,2,3,7,1472,0.0000284100,13,0,2026-08-14T07:19:44,600,2026-08-15T18:24:07+0700
id-n2-010,hunyuan-a13b,open-py1,0,0,0,2,4,6,1567,0.0000305400,16,0,2026-08-14T07:19:46,600,2026-08-15T18:24:07+0700
id-n2-011,hunyuan-a13b,open-py1,0,0,0,0,7,7,1466,0.0000294100,15,1,2026-08-14T07:19:49,600,2026-08-15T18:24:07+0700
id-n2-012,hunyuan-a13b,open-py1,0,0,0,2,3,6,1470,0.0000332400,20,0,2026-08-14T07:19:52,600,2026-08-15T18:24:07+0700
id-n2-013,hunyuan-a13b,open-py1,1,0,0,1,1,5,1493,0.0000262800,10,0,2026-08-14T07:19:54,600,2026-08-15T18:24:07+0700
id-n2-014,hunyuan-a13b,open-py1,0,0,0,2,3,6,1504,0.0000294000,14,0,2026-08-14T07:19:57,600,2026-08-15T18:24:07+0700
id-n2-015,hunyuan-a13b,open-py1,0,0,0,1,2,5,1490,0.0000291200,14,0,2026-08-14T07:20:00,600,2026-08-15T18:24:07+0700
id-n1-001,hunyuan-a13b,open-py2,1,0,0,1,1,7,1785,0.0000326000,12,0,2026-08-14T07:00:35,600,2026-08-15T18:24:07+0700
id-n1-002,hunyuan-a13b,open-py2,1,0,0,1,1,8,3724,0.0000354400,16,0,2026-08-14T07:00:40,600,2026-08-15T18:24:07+0700
id-n1-003,hunyuan-a13b,open-py2,0,1,1,2,2,7,1767,0.0000328800,12,1,2026-08-14T07:00:43,600,2026-08-15T18:24:07+0700
id-n1-004,hunyuan-a13b,open-py2,1,2,2,1,1,5,1682,0.0000316100,11,1,2026-08-14T07:00:45,600,2026-08-15T18:24:07+0700
id-n1-005,hunyuan-a13b,open-py2,1,0,0,0,0,6,1480,0.0000331700,13,0,2026-08-14T07:00:48,600,2026-08-15T18:24:07+0700
id-n1-006,hunyuan-a13b,open-py2,0,0,0,2,2,8,1732,0.0000330300,13,1,2026-08-14T07:00:51,600,2026-08-15T18:24:07+0700
id-n1-007,hunyuan-a13b,open-py2,0,1,2,2,2,6,1542,0.0000345900,15,1,2026-08-14T07:00:54,600,2026-08-15T18:24:07+0700
id-n1-008,hunyuan-a13b,open-py2,0,1,1,1,1,8,1929,0.0000340300,15,0,2026-08-14T07:00:57,600,2026-08-15T18:24:07+0700
id-n1-009,hunyuan-a13b,open-py2,0,0,0,1,2,5,1785,0.0000343100,15,1,2026-08-14T07:01:00,600,2026-08-15T18:24:07+0700
id-n1-010,hunyuan-a13b,open-py2,0,0,0,1,1,7,1731,0.0000320300,11,0,2026-08-14T07:01:03,600,2026-08-15T18:24:07+0700
id-n1-011,hunyuan-a13b,open-py2,0,1,2,1,1,6,1569,0.0000318900,11,0,2026-08-14T07:01:06,600,2026-08-15T18:24:07+0700
id-n1-012,hunyuan-a13b,open-py2,0,3,4,0,0,8,1672,0.0000341600,14,0,2026-08-14T07:01:09,600,2026-08-15T18:24:07+0700
id-n1-013,hunyuan-a13b,open-py2,0,1,3,1,1,7,1455,0.0000326000,12,0,2026-08-14T07:01:11,600,2026-08-15T18:24:07+0700
id-n1-014,hunyuan-a13b,open-py2,0,1,1,2,2,8,1555,0.0000348700,15,0,2026-08-14T07:01:14,600,2026-08-15T18:24:07+0700
id-n1-015,hunyuan-a13b,open-py2,0,0,0,0,0,5,1382,0.0000316100,11,1,2026-08-14T07:01:17,600,2026-08-15T18:24:07+0700
id-n1-016,hunyuan-a13b,open-py2,0,1,1,2,2,7,1492,0.0000318900,11,0,2026-08-14T07:01:19,600,2026-08-15T18:24:07+0700
id-n1-017,hunyuan-a13b,open-py2,0,1,2,0,0,6,1572,0.0000311800,10,0,2026-08-14T07:01:22,600,2026-08-15T18:24:07+0700
id-n1-018,hunyuan-a13b,open-py2,0,0,1,3,3,7,1531,0.0000330300,13,0,2026-08-14T07:01:25,600,2026-08-15T18:24:07+0700
id-n1-019,hunyuan-a13b,open-py2,0,0,0,1,1,6,1539,0.0000328800,12,0,2026-08-14T07:01:28,600,2026-08-15T18:24:07+0700
id-n1-020,hunyuan-a13b,open-py2,0,2,3,2,3,6,1430,0.0000344500,15,1,2026-08-14T07:01:30,600,2026-08-15T18:24:07+0700
id-n1-021,hunyuan-a13b,open-py2,0,0,1,1,2,6,1425,0.0000324600,12,0,2026-08-14T07:01:33,600,2026-08-15T18:24:07+0700
id-n1-022,hunyuan-a13b,open-py2,0,1,1,2,3,6,1510,0.0000326000,12,0,2026-08-14T07:01:35,600,2026-08-15T18:24:07+0700
id-n1-023,hunyuan-a13b,open-py2,0,0,1,1,1,5,1513,0.0000319000,12,1,2026-08-14T07:01:38,600,2026-08-15T18:24:07+0700
id-n1-024,hunyuan-a13b,open-py2,0,0,0,2,2,6,1626,0.0000317500,11,0,2026-08-14T07:01:41,600,2026-08-15T18:24:07+0700
id-n1-025,hunyuan-a13b,open-py2,1,1,1,3,3,7,1504,0.0000323200,12,0,2026-08-14T07:01:44,600,2026-08-15T18:24:07+0700
id-n1-026,hunyuan-a13b,open-py2,0,0,0,1,1,6,1454,0.0000318900,11,0,2026-08-14T07:01:46,600,2026-08-15T18:24:07+0700
id-n1-027,hunyuan-a13b,open-py2,0,0,0,2,3,6,1514,0.0000323200,12,0,2026-08-14T07:01:49,600,2026-08-15T18:24:07+0700
id-n1-028,hunyuan-a13b,open-py2,1,1,1,2,2,9,1474,0.0000340200,14,0,2026-08-14T07:01:52,600,2026-08-15T18:24:07+0700
id-n1-029,hunyuan-a13b,open-py2,0,0,0,2,2,3,1785,0.0000313200,10,0,2026-08-14T07:01:55,600,2026-08-15T18:24:07+0700
id-n1-030,hunyuan-a13b,open-py2,1,1,1,0,0,6,1392,0.0000320300,11,0,2026-08-14T07:01:57,600,2026-08-15T18:24:07+0700
id-n1-031,hunyuan-a13b,open-py2,1,1,1,2,2,7,1472,0.0000317500,11,1,2026-08-14T07:02:00,600,2026-08-15T18:24:07+0700
id-n1-032,hunyuan-a13b,open-py2,1,0,0,1,1,5,1445,0.0000303300,9,0,2026-08-14T07:02:03,600,2026-08-15T18:24:07+0700
id-n1-033,hunyuan-a13b,open-py2,0,0,1,1,1,5,1797,0.0000331700,13,0,2026-08-14T07:02:06,600,2026-08-15T18:24:07+0700
id-n1-034,hunyuan-a13b,open-py2,1,0,0,2,2,7,1662,0.0000327400,12,1,2026-08-14T07:02:09,600,2026-08-15T18:24:07+0700
id-n1-035,hunyuan-a13b,open-py2,0,0,0,0,0,7,1407,0.0000331700,13,0,2026-08-14T07:02:11,600,2026-08-15T18:24:07+0700
id-n1-036,hunyuan-a13b,open-py2,1,0,0,1,1,6,1439,0.0000338800,14,1,2026-08-14T07:02:14,600,2026-08-15T18:24:07+0700
id-n1-037,hunyuan-a13b,open-py2,0,0,1,1,1,6,1484,0.0000328800,12,0,2026-08-14T07:02:17,600,2026-08-15T18:24:07+0700
id-n1-038,hunyuan-a13b,open-py2,1,0,0,2,2,5,1434,0.0000311800,10,0,2026-08-14T07:02:19,600,2026-08-15T18:24:07+0700
id-n1-039,hunyuan-a13b,open-py2,1,1,1,0,0,6,1672,0.0000324600,12,0,2026-08-14T07:02:22,600,2026-08-15T18:24:07+0700
id-n1-040,hunyuan-a13b,open-py2,0,1,1,1,1,6,1456,0.0000323200,12,0,2026-08-14T07:02:25,600,2026-08-15T18:24:07+0700
id-n1-041,hunyuan-a13b,open-py2,0,0,0,2,2,7,1478,0.0000355900,17,1,2026-08-14T07:02:27,600,2026-08-15T18:24:07+0700
id-n1-042,hunyuan-a13b,open-py2,1,1,1,3,3,6,1434,0.0000326000,12,1,2026-08-14T07:02:30,600,2026-08-15T18:24:07+0700
id-n1-043,hunyuan-a13b,open-py2,0,0,1,0,1,7,1426,0.0000331700,13,0,2026-08-14T07:02:33,600,2026-08-15T18:24:07+0700
id-n1-044,hunyuan-a13b,open-py2,0,0,0,2,3,6,1487,0.0000338800,14,0,2026-08-14T07:02:35,600,2026-08-15T18:24:07+0700
id-n1-045,hunyuan-a13b,open-py2,1,1,1,3,3,7,1482,0.0000333100,13,0,2026-08-14T07:02:38,600,2026-08-15T18:24:07+0700
id-n1-046,hunyuan-a13b,open-py2,0,0,0,1,1,4,1484,0.0000311800,10,1,2026-08-14T07:02:41,600,2026-08-15T18:24:07+0700
id-n1-047,hunyuan-a13b,open-py2,1,0,0,3,3,6,1493,0.0000333100,13,0,2026-08-14T07:02:44,600,2026-08-15T18:24:07+0700
id-n1-048,hunyuan-a13b,open-py2,0,0,1,2,2,5,1976,0.0000303300,9,0,2026-08-14T07:02:47,600,2026-08-15T18:24:07+0700
id-n1-049,hunyuan-a13b,open-py2,0,1,1,0,0,6,1444,0.0000324600,12,0,2026-08-14T07:02:49,600,2026-08-15T18:24:07+0700
id-n1-050,hunyuan-a13b,open-py2,0,0,0,0,0,5,1442,0.0000316100,11,1,2026-08-14T07:02:52,600,2026-08-15T18:24:07+0700
id-n1-051,hunyuan-a13b,open-py2,0,0,0,1,1,7,1381,0.0000318900,11,0,2026-08-14T07:02:55,600,2026-08-15T18:24:07+0700
id-n1-052,hunyuan-a13b,open-py2,0,0,0,2,2,5,1507,0.0000326000,12,0,2026-08-14T07:02:57,600,2026-08-15T18:24:07+0700
id-n1-053,hunyuan-a13b,open-py2,1,1,1,1,1,7,1414,0.0000345900,15,1,2026-08-14T07:03:00,600,2026-08-15T18:24:07+0700
id-n1-054,hunyuan-a13b,open-py2,0,0,0,0,0,7,1482,0.0000340200,14,0,2026-08-14T07:03:03,600,2026-08-15T18:24:07+0700
id-n2-001,hunyuan-a13b,open-py2,1,0,0,5,5,8,1561,0.0000324600,12,0,2026-08-14T07:03:05,600,2026-08-15T18:24:07+0700
id-n2-002,hunyuan-a13b,open-py2,1,0,0,3,3,7,1435,0.0000345900,15,1,2026-08-14T07:03:08,600,2026-08-15T18:24:07+0700
id-n2-003,hunyuan-a13b,open-py2,1,0,0,2,2,7,1503,0.0000331700,13,1,2026-08-14T07:03:11,600,2026-08-15T18:24:07+0700
id-n2-004,hunyuan-a13b,open-py2,0,0,0,5,6,6,1459,0.0000324600,12,0,2026-08-14T07:03:13,600,2026-08-15T18:24:07+0700
id-n2-005,hunyuan-a13b,open-py2,0,0,0,0,6,5,1460,0.0000320300,11,0,2026-08-14T07:03:16,600,2026-08-15T18:24:07+0700
id-n2-006,hunyuan-a13b,open-py2,1,0,0,1,1,7,1574,0.0000317500,11,1,2026-08-14T07:03:19,600,2026-08-15T18:24:07+0700
id-n2-007,hunyuan-a13b,open-py2,1,0,0,2,2,6,1522,0.0000324600,12,0,2026-08-14T07:03:22,600,2026-08-15T18:24:07+0700
id-n2-008,hunyuan-a13b,open-py2,1,0,0,1,1,7,1504,0.0000353000,16,0,2026-08-14T07:03:24,600,2026-08-15T18:24:07+0700
id-n2-009,hunyuan-a13b,open-py2,1,0,0,3,3,7,1656,0.0000331700,13,0,2026-08-14T07:03:27,600,2026-08-15T18:24:07+0700
id-n2-010,hunyuan-a13b,open-py2,1,0,0,4,4,6,1474,0.0000353000,16,0,2026-08-14T07:03:30,600,2026-08-15T18:24:07+0700
id-n2-011,hunyuan-a13b,open-py2,1,0,0,7,7,7,1503,0.0000330300,13,1,2026-08-14T07:03:33,600,2026-08-15T18:24:07+0700
id-n2-012,hunyuan-a13b,open-py2,1,0,0,3,3,6,1675,0.0000374300,19,0,2026-08-14T07:03:35,600,2026-08-15T18:24:07+0700
id-n2-013,hunyuan-a13b,open-py2,1,0,0,1,1,5,1420,0.0000310400,10,0,2026-08-14T07:03:38,600,2026-08-15T18:24:07+0700
id-n2-014,hunyuan-a13b,open-py2,0,0,0,2,3,6,1424,0.0000353000,16,0,2026-08-14T07:03:41,600,2026-08-15T18:24:07+0700
id-n2-015,hunyuan-a13b,open-py2,1,0,0,2,2,5,1455,0.0000338800,14,0,2026-08-14T07:03:43,600,2026-08-15T18:24:07+0700
id-n1-001,hunyuan-a13b,open-py3,0,0,0,1,1,7,1490,0.0000319100,13,0,2026-08-14T07:47:10,600,2026-08-15T18:24:07+0700
id-n1-002,hunyuan-a13b,open-py3,1,0,0,1,1,8,1499,0.0000341800,16,0,2026-08-14T07:47:13,600,2026-08-15T18:24:07+0700
id-n1-003,hunyuan-a13b,open-py3,0,1,1,2,2,7,1452,0.0000316200,12,1,2026-08-14T07:47:16,600,2026-08-15T18:24:07+0700
id-n1-004,hunyuan-a13b,open-py3,1,2,2,1,1,5,1451,0.0000303500,11,1,2026-08-14T07:47:19,600,2026-08-15T18:24:07+0700
id-n1-005,hunyuan-a13b,open-py3,0,0,0,0,0,6,1450,0.0000319100,13,0,2026-08-14T07:47:21,600,2026-08-15T18:24:07+0700
id-n1-006,hunyuan-a13b,open-py3,0,0,0,1,2,8,1476,0.0000323400,14,1,2026-08-14T07:47:24,600,2026-08-15T18:24:07+0700
id-n1-007,hunyuan-a13b,open-py3,1,2,2,2,2,6,1455,0.0000327600,14,1,2026-08-14T07:47:27,600,2026-08-15T18:24:07+0700
id-n1-008,hunyuan-a13b,open-py3,0,1,1,1,1,7,1430,0.0000310600,12,0,2026-08-14T07:47:29,600,2026-08-15T18:24:07+0700
id-n1-009,hunyuan-a13b,open-py3,0,0,0,1,2,5,1505,0.0000330500,15,1,2026-08-14T07:47:32,600,2026-08-15T18:24:07+0700
id-n1-010,hunyuan-a13b,open-py3,0,0,0,1,1,7,1468,0.0000307700,11,0,2026-08-14T07:47:35,600,2026-08-15T18:24:07+0700
id-n1-011,hunyuan-a13b,open-py3,0,1,2,1,1,6,1508,0.0000306300,11,0,2026-08-14T07:47:37,600,2026-08-15T18:24:07+0700
id-n1-012,hunyuan-a13b,open-py3,0,3,4,0,0,8,1447,0.0000329000,14,0,2026-08-14T07:47:40,600,2026-08-15T18:24:07+0700
id-n1-013,hunyuan-a13b,open-py3,0,1,3,1,1,7,1534,0.0000319100,13,0,2026-08-14T07:47:43,600,2026-08-15T18:24:07+0700
id-n1-014,hunyuan-a13b,open-py3,1,1,1,2,2,8,1500,0.0000341800,16,0,2026-08-14T07:47:45,600,2026-08-15T18:24:07+0700
id-n1-015,hunyuan-a13b,open-py3,0,0,0,0,0,5,1855,0.0000297800,10,1,2026-08-14T07:47:48,600,2026-08-15T18:24:07+0700
id-n1-016,hunyuan-a13b,open-py3,1,1,1,2,2,6,1569,0.0000306300,11,0,2026-08-14T07:47:51,600,2026-08-15T18:24:07+0700
id-n1-017,hunyuan-a13b,open-py3,0,1,2,0,0,6,1466,0.0000299200,10,0,2026-08-14T07:47:54,600,2026-08-15T18:24:07+0700
id-n1-018,hunyuan-a13b,open-py3,0,0,1,3,3,6,1531,0.0000312000,12,0,2026-08-14T07:47:57,600,2026-08-15T18:24:07+0700
id-n1-019,hunyuan-a13b,open-py3,0,0,0,1,1,6,1690,0.0000316200,12,0,2026-08-14T07:48:00,600,2026-08-15T18:24:07+0700
id-n1-020,hunyuan-a13b,open-py3,0,3,3,0,3,5,1467,0.0000320500,13,1,2026-08-14T07:48:02,600,2026-08-15T18:24:07+0700
id-n1-021,hunyuan-a13b,open-py3,0,0,1,1,2,6,1424,0.0000312000,12,0,2026-08-14T07:48:05,600,2026-08-15T18:24:07+0700
id-n1-022,hunyuan-a13b,open-py3,0,1,1,2,3,6,1478,0.0000313400,12,0,2026-08-14T07:48:08,600,2026-08-15T18:24:07+0700
id-n1-023,hunyuan-a13b,open-py3,0,0,1,1,1,5,1634,0.0000289300,9,1,2026-08-14T07:48:10,600,2026-08-15T18:24:07+0700
id-n1-024,hunyuan-a13b,open-py3,0,0,0,2,2,6,1482,0.0000304900,11,0,2026-08-14T07:48:13,600,2026-08-15T18:24:07+0700
id-n1-025,hunyuan-a13b,open-py3,0,1,1,0,3,8,1437,0.0000327700,15,0,2026-08-14T07:48:16,600,2026-08-15T18:24:07+0700
id-n1-026,hunyuan-a13b,open-py3,0,0,0,1,1,6,1511,0.0000306300,11,0,2026-08-14T07:48:18,600,2026-08-15T18:24:07+0700
id-n1-027,hunyuan-a13b,open-py3,0,0,0,2,3,6,1523,0.0000310600,12,0,2026-08-14T07:48:21,600,2026-08-15T18:24:07+0700
id-n1-028,hunyuan-a13b,open-py3,0,1,1,2,2,9,1436,0.0000327600,14,0,2026-08-14T07:48:24,600,2026-08-15T18:24:07+0700
id-n1-029,hunyuan-a13b,open-py3,0,0,0,2,2,5,1445,0.0000323400,14,0,2026-08-14T07:48:26,600,2026-08-15T18:24:07+0700
id-n1-030,hunyuan-a13b,open-py3,1,1,1,0,0,6,1384,0.0000307700,11,0,2026-08-14T07:48:29,600,2026-08-15T18:24:07+0700
id-n1-031,hunyuan-a13b,open-py3,1,1,1,2,2,7,1510,0.0000304900,11,1,2026-08-14T07:48:32,600,2026-08-15T18:24:07+0700
id-n1-032,hunyuan-a13b,open-py3,1,0,0,1,1,5,1465,0.0000290700,9,0,2026-08-14T07:48:34,600,2026-08-15T18:24:07+0700
id-n1-033,hunyuan-a13b,open-py3,0,0,1,1,1,5,1508,0.0000319100,13,0,2026-08-14T07:48:37,600,2026-08-15T18:24:07+0700
id-n1-034,hunyuan-a13b,open-py3,1,0,0,2,2,7,1552,0.0000314800,12,1,2026-08-14T07:48:40,600,2026-08-15T18:24:07+0700
id-n1-035,hunyuan-a13b,open-py3,0,0,0,0,0,6,1431,0.0000319100,13,0,2026-08-14T07:48:43,600,2026-08-15T18:24:07+0700
id-n1-036,hunyuan-a13b,open-py3,1,0,0,1,1,6,1481,0.0000326200,14,1,2026-08-14T07:48:45,600,2026-08-15T18:24:07+0700
id-n1-037,hunyuan-a13b,open-py3,0,1,1,1,1,7,1446,0.0000321900,13,0,2026-08-14T07:48:48,600,2026-08-15T18:24:07+0700
id-n1-038,hunyuan-a13b,open-py3,0,0,0,1,2,5,1567,0.0000299200,10,0,2026-08-14T07:48:51,600,2026-08-15T18:24:07+0700
id-n1-039,hunyuan-a13b,open-py3,1,1,1,0,0,6,1508,0.0000312000,12,0,2026-08-14T07:48:53,600,2026-08-15T18:24:07+0700
id-n1-040,hunyuan-a13b,open-py3,0,1,1,1,1,6,1500,0.0000310600,12,0,2026-08-14T07:48:56,600,2026-08-15T18:24:07+0700
id-n1-041,hunyuan-a13b,open-py3,1,0,0,2,2,6,1558,0.0000331900,15,1,2026-08-14T07:48:59,600,2026-08-15T18:24:07+0700
id-n1-042,hunyuan-a13b,open-py3,1,1,1,3,3,6,1765,0.0000313400,12,1,2026-08-14T07:49:02,600,2026-08-15T18:24:07+0700
id-n1-043,hunyuan-a13b,open-py3,0,0,1,0,1,7,1464,0.0000319100,13,0,2026-08-14T07:49:04,600,2026-08-15T18:24:07+0700
id-n1-044,hunyuan-a13b,open-py3,0,0,0,1,3,6,1399,0.0000320500,13,0,2026-08-14T07:49:07,600,2026-08-15T18:24:07+0700
id-n1-045,hunyuan-a13b,open-py3,0,1,1,3,3,7,1479,0.0000314800,12,0,2026-08-14T07:49:10,600,2026-08-15T18:24:07+0700
id-n1-046,hunyuan-a13b,open-py3,0,0,0,1,1,4,1467,0.0000299200,10,1,2026-08-14T07:49:12,600,2026-08-15T18:24:07+0700
id-n1-047,hunyuan-a13b,open-py3,0,0,0,2,3,6,2151,0.0000314800,12,0,2026-08-14T07:49:16,600,2026-08-15T18:24:07+0700
id-n1-048,hunyuan-a13b,open-py3,0,0,1,1,2,6,1456,0.0000296400,10,0,2026-08-14T07:49:18,600,2026-08-15T18:24:07+0700
id-n1-049,hunyuan-a13b,open-py3,0,1,1,0,0,6,1460,0.0000312000,12,0,2026-08-14T07:49:21,600,2026-08-15T18:24:07+0700
id-n1-050,hunyuan-a13b,open-py3,0,0,0,0,0,5,1431,0.0000303500,11,1,2026-08-14T07:49:24,600,2026-08-15T18:24:07+0700
id-n1-051,hunyuan-a13b,open-py3,0,0,0,1,1,7,1444,0.0000306300,11,0,2026-08-14T07:49:26,600,2026-08-15T18:24:07+0700
id-n1-052,hunyuan-a13b,open-py3,0,0,0,0,2,4,1425,0.0000313400,12,0,2026-08-14T07:49:29,600,2026-08-15T18:24:07+0700
id-n1-053,hunyuan-a13b,open-py3,1,1,1,1,1,7,1452,0.0000333300,15,1,2026-08-14T07:49:32,600,2026-08-15T18:24:07+0700
id-n1-054,hunyuan-a13b,open-py3,0,0,0,0,0,7,1497,0.0000327600,14,0,2026-08-14T07:49:34,600,2026-08-15T18:24:07+0700
id-n2-001,hunyuan-a13b,open-py3,0,0,0,4,5,8,1535,0.0000312000,12,0,2026-08-14T07:49:37,600,2026-08-15T18:24:07+0700
id-n2-002,hunyuan-a13b,open-py3,1,0,0,3,3,7,1513,0.0000333300,15,1,2026-08-14T07:49:40,600,2026-08-15T18:24:07+0700
id-n2-003,hunyuan-a13b,open-py3,0,0,0,1,2,7,1515,0.0000324800,14,1,2026-08-14T07:49:43,600,2026-08-15T18:24:07+0700
id-n2-004,hunyuan-a13b,open-py3,0,0,0,5,6,6,1482,0.0000312000,12,0,2026-08-14T07:49:45,600,2026-08-15T18:24:07+0700
id-n2-005,hunyuan-a13b,open-py3,1,0,0,6,6,6,1562,0.0000319100,13,0,2026-08-14T07:49:48,600,2026-08-15T18:24:07+0700
id-n2-006,hunyuan-a13b,open-py3,1,0,0,1,1,7,1497,0.0000304900,11,1,2026-08-14T07:49:51,600,2026-08-15T18:24:07+0700
id-n2-007,hunyuan-a13b,open-py3,1,0,0,2,2,6,1513,0.0000312000,12,0,2026-08-14T07:49:54,600,2026-08-15T18:24:07+0700
id-n2-008,hunyuan-a13b,open-py3,1,0,0,1,1,7,1603,0.0000340400,16,0,2026-08-14T07:49:56,600,2026-08-15T18:24:07+0700
id-n2-009,hunyuan-a13b,open-py3,0,0,0,3,3,8,1523,0.0000324800,14,0,2026-08-14T07:49:59,600,2026-08-15T18:24:07+0700
id-n2-010,hunyuan-a13b,open-py3,0,0,0,3,4,6,1807,0.0000340400,16,0,2026-08-14T07:50:02,600,2026-08-15T18:24:07+0700
id-n2-011,hunyuan-a13b,open-py3,1,0,0,7,7,7,1556,0.0000317700,13,1,2026-08-14T07:50:05,600,2026-08-15T18:24:07+0700
id-n2-012,hunyuan-a13b,open-py3,0,0,0,2,3,6,1777,0.0000361700,19,0,2026-08-14T07:50:08,600,2026-08-15T18:24:07+0700
id-n2-013,hunyuan-a13b,open-py3,1,0,0,1,1,5,1471,0.0000297800,10,0,2026-08-14T07:50:11,600,2026-08-15T18:24:07+0700
id-n2-014,hunyuan-a13b,open-py3,0,0,0,2,3,6,1543,0.0000334700,15,0,2026-08-14T07:50:13,600,2026-08-15T18:24:07+0700
id-n2-015,hunyuan-a13b,open-py3,1,0,0,2,2,5,1523,0.0000326200,14,0,2026-08-14T07:50:16,600,2026-08-15T18:24:07+0700
id-n1-001,ling-3.0-flash,open-py1,0,0,0,0,1,7,4415,0.0000499200,224,0,2026-08-13T15:23:55,600,2026-08-15T18:24:07+0700
id-n1-002,ling-3.0-flash,open-py1,1,0,0,1,1,8,1854,0.0000157920,196,0,2026-08-13T15:23:58,600,2026-08-15T18:24:07+0700
id-n1-003,ling-3.0-flash,open-py1,0,1,1,2,2,6,2040,0.0000364560,525,1,2026-08-13T15:24:01,600,2026-08-15T18:24:07+0700
id-n1-004,ling-3.0-flash,open-py1,0,2,2,0,1,5,1209,0.0000153090,191,1,2026-08-13T15:24:04,600,2026-08-15T18:24:07+0700
id-n1-005,ling-3.0-flash,open-py1,1,0,0,0,0,6,1175,0.0000135450,162,0,2026-08-13T15:24:06,600,2026-08-15T18:24:07+0700
id-n1-006,ling-3.0-flash,open-py1,1,0,0,2,2,7,1077,0.0000113190,127,1,2026-08-13T15:24:08,600,2026-08-15T18:24:07+0700
id-n1-007,ling-3.0-flash,open-py1,1,2,2,2,2,6,1251,0.0000139020,167,1,2026-08-13T15:24:10,600,2026-08-15T18:24:07+0700
id-n1-008,ling-3.0-flash,open-py1,1,1,1,0,1,7,5485,0.0001206660,1863,0,2026-08-13T15:33:57,4000,2026-08-15T18:24:07+0700
id-n1-009,ling-3.0-flash,open-py1,0,0,0,1,2,5,1365,0.0000146790,180,1,2026-08-13T15:24:16,600,2026-08-15T18:24:07+0700
id-n1-010,ling-3.0-flash,open-py1,0,0,0,0,1,7,1766,0.0000268380,373,0,2026-08-13T15:24:19,600,2026-08-15T18:24:07+0700
id-n1-011,ling-3.0-flash,open-py1,1,2,2,1,1,6,1380,0.0000131460,156,0,2026-08-13T15:24:21,600,2026-08-15T18:24:07+0700
id-n1-012,ling-3.0-flash,open-py1,1,4,4,0,0,8,1944,0.0000176610,226,0,2026-08-13T15:24:24,600,2026-08-15T18:24:07+0700
id-n1-013,ling-3.0-flash,open-py1,0,1,3,0,1,7,2005,0.0000269010,374,0,2026-08-13T15:24:27,600,2026-08-15T18:24:07+0700
id-n1-014,ling-3.0-flash,open-py1,0,0,1,1,2,6,2212,0.0000391440,567,0,2026-08-13T15:24:30,600,2026-08-15T18:24:07+0700
id-n1-015,ling-3.0-flash,open-py1,0,0,0,0,0,5,1169,0.0000124110,145,1,2026-08-13T15:24:33,600,2026-08-15T18:24:07+0700
id-n1-016,ling-3.0-flash,open-py1,1,1,1,2,2,6,2042,0.0000229110,311,0,2026-08-13T15:24:36,600,2026-08-15T18:24:07+0700
id-n1-017,ling-3.0-flash,open-py1,1,2,2,0,0,6,1379,0.0000133056,193,0,2026-08-13T15:24:38,600,2026-08-15T18:24:07+0700
id-n1-018,ling-3.0-flash,open-py1,0,0,1,3,3,6,1009,0.0000094500,97,0,2026-08-13T15:24:40,600,2026-08-15T18:24:07+0700
id-n1-019,ling-3.0-flash,open-py1,1,0,0,1,1,6,1709,0.0000297990,419,0,2026-08-13T15:24:43,600,2026-08-15T18:24:07+0700
id-n1-020,ling-3.0-flash,open-py1,0,3,3,1,3,5,1917,0.0000356370,512,1,2026-08-13T15:24:46,600,2026-08-15T18:24:07+0700
id-n1-021,ling-3.0-flash,open-py1,0,0,1,2,2,6,4609,0.0000777000,1181,0,2026-08-13T15:34:02,4000,2026-08-15T18:24:07+0700
id-n1-022,ling-3.0-flash,open-py1,0,1,1,1,3,6,1696,0.0000182700,237,0,2026-08-13T15:24:51,600,2026-08-15T18:24:07+0700
id-n1-023,ling-3.0-flash,open-py1,1,1,1,1,1,4,1338,0.0000130620,156,1,2026-08-13T15:24:54,600,2026-08-15T18:24:07+0700
id-n1-024,ling-3.0-flash,open-py1,1,0,0,2,2,6,1178,0.0000151410,188,0,2026-08-13T15:34:04,4000,2026-08-15T18:24:07+0700
id-n1-025,ling-3.0-flash,open-py1,1,1,1,3,3,7,2230,0.0000285726,435,0,2026-08-13T15:25:13,600,2026-08-15T18:24:07+0700
id-n1-026,ling-3.0-flash,open-py1,0,0,0,1,1,6,1276,0.0000151200,187,0,2026-08-13T15:25:15,600,2026-08-15T18:24:07+0700
id-n1-027,ling-3.0-flash,open-py1,0,0,0,2,3,6,2276,0.0000303240,429,0,2026-08-13T15:25:19,600,2026-08-15T18:24:07+0700
id-n1-028,ling-3.0-flash,open-py1,0,1,1,2,2,9,1877,0.0000153510,190,0,2026-08-13T15:25:22,600,2026-08-15T18:24:07+0700
id-n1-029,ling-3.0-flash,open-py1,1,0,0,2,2,4,1413,0.0000104790,114,0,2026-08-13T15:25:24,600,2026-08-15T18:24:07+0700
id-n1-030,ling-3.0-flash,open-py1,1,1,1,0,0,6,1553,0.0000145530,178,0,2026-08-13T15:25:27,600,2026-08-15T18:24:07+0700
id-n1-031,ling-3.0-flash,open-py1,1,1,1,2,2,7,1177,0.0000170100,218,1,2026-08-13T15:25:29,600,2026-08-15T18:24:07+0700
id-n1-032,ling-3.0-flash,open-py1,1,0,0,1,1,5,1121,0.0000122850,143,0,2026-08-13T15:25:31,600,2026-08-15T18:24:07+0700
id-n1-033,ling-3.0-flash,open-py1,0,0,1,1,1,5,1254,0.0000159180,200,0,2026-08-13T15:25:33,600,2026-08-15T18:24:07+0700
id-n1-034,ling-3.0-flash,open-py1,1,0,0,2,2,7,1415,0.0000171570,219,1,2026-08-13T15:25:36,600,2026-08-15T18:24:07+0700
id-n1-035,ling-3.0-flash,open-py1,0,0,0,0,0,6,1942,0.0000347256,532,0,2026-08-13T15:25:39,600,2026-08-15T18:24:07+0700
id-n1-036,ling-3.0-flash,open-py1,1,0,0,1,1,6,1104,0.0000120960,139,1,2026-08-13T15:25:41,600,2026-08-15T18:24:07+0700
id-n1-037,ling-3.0-flash,open-py1,1,1,1,1,1,7,1906,0.0000155820,194,0,2026-08-13T15:25:44,600,2026-08-15T18:24:07+0700
id-n1-038,ling-3.0-flash,open-py1,0,0,0,0,2,5,1782,0.0000172200,221,0,2026-08-13T15:25:46,600,2026-08-15T18:24:07+0700
id-n1-039,ling-3.0-flash,open-py1,1,1,1,0,0,6,11446,0.0000151200,187,0,2026-08-13T15:25:59,600,2026-08-15T18:24:07+0700
id-n1-040,ling-3.0-flash,open-py1,0,1,1,1,1,6,1923,0.0000178920,232,0,2026-08-13T15:26:02,600,2026-08-15T18:24:07+0700
id-n1-041,ling-3.0-flash,open-py1,0,0,0,1,2,6,1743,0.0000198870,262,1,2026-08-13T15:26:05,600,2026-08-15T18:24:07+0700
id-n1-042,ling-3.0-flash,open-py1,0,1,1,1,3,6,13410,0.0000777600,379,1,2026-08-13T15:26:19,600,2026-08-15T18:24:07+0700
id-n1-043,ling-3.0-flash,open-py1,0,1,1,0,1,6,1157,0.0000130410,154,0,2026-08-13T15:26:21,600,2026-08-15T18:24:07+0700
id-n1-044,ling-3.0-flash,open-py1,0,0,0,1,3,6,1267,0.0000161196,236,0,2026-08-13T15:26:23,600,2026-08-15T18:24:07+0700
id-n1-045,ling-3.0-flash,open-py1,0,1,1,3,3,7,1957,0.0000189336,281,0,2026-08-13T15:26:26,600,2026-08-15T18:24:07+0700
id-n1-046,ling-3.0-flash,open-py1,1,0,0,1,1,5,2645,0.0000356790,514,1,2026-08-13T15:34:08,4000,2026-08-15T18:24:07+0700
id-n1-047,ling-3.0-flash,open-py1,0,0,0,0,3,5,1328,0.0000198240,261,0,2026-08-13T15:34:10,4000,2026-08-15T18:24:07+0700
id-n1-048,ling-3.0-flash,open-py1,0,0,1,1,2,4,2995,0.0000367080,531,0,2026-08-13T15:26:50,600,2026-08-15T18:24:07+0700
id-n1-049,ling-3.0-flash,open-py1,1,1,1,0,0,6,1900,0.0000280770,393,0,2026-08-13T15:26:53,600,2026-08-15T18:24:07+0700
id-n1-050,ling-3.0-flash,open-py1,1,0,0,0,0,5,1858,0.0000142296,208,1,2026-08-13T15:26:56,600,2026-08-15T18:24:07+0700
id-n1-051,ling-3.0-flash,open-py1,0,0,0,1,1,7,1730,0.0000144690,177,0,2026-08-13T15:26:58,600,2026-08-15T18:24:07+0700
id-n1-052,ling-3.0-flash,open-py1,0,0,0,2,2,5,2144,0.0000189546,282,0,2026-08-13T15:27:01,600,2026-08-15T18:24:07+0700
id-n1-053,ling-3.0-flash,open-py1,0,0,1,1,1,7,17249,0.0001054200,532,1,2026-08-13T15:27:20,600,2026-08-15T18:24:07+0700
id-n1-054,ling-3.0-flash,open-py1,1,0,0,0,0,7,5553,0.0001088220,1674,0,2026-08-13T15:34:17,4000,2026-08-15T18:24:07+0700
id-n2-001,ling-3.0-flash,open-py1,1,0,0,5,5,8,1698,0.0000172116,254,0,2026-08-13T15:34:20,4000,2026-08-15T18:24:07+0700
id-n2-002,ling-3.0-flash,open-py1,1,0,0,3,3,7,3118,0.0000562716,874,1,2026-08-13T15:34:24,4000,2026-08-15T18:24:07+0700
id-n2-003,ling-3.0-flash,open-py1,1,0,0,2,2,7,2723,0.0000442890,650,1,2026-08-13T15:34:27,4000,2026-08-15T18:24:07+0700
id-n2-004,ling-3.0-flash,open-py1,1,0,0,6,6,6,1290,0.0000089166,123,0,2026-08-13T15:27:38,600,2026-08-15T18:24:07+0700
id-n2-005,ling-3.0-flash,open-py1,1,0,0,6,6,6,1081,0.0000101556,142,0,2026-08-13T15:27:40,600,2026-08-15T18:24:07+0700
id-n2-006,ling-3.0-flash,open-py1,1,0,0,1,1,7,1356,0.0000129150,153,1,2026-08-13T15:27:43,600,2026-08-15T18:24:07+0700
id-n2-007,ling-3.0-flash,open-py1,1,0,0,1,2,7,6420,0.0000849870,1296,0,2026-08-13T15:34:35,4000,2026-08-15T18:24:07+0700
id-n2-008,ling-3.0-flash,open-py1,1,0,0,1,1,7,2951,0.0000337680,482,0,2026-08-13T15:27:51,600,2026-08-15T18:24:07+0700
id-n2-009,ling-3.0-flash,open-py1,1,0,0,3,3,7,2485,0.0000387030,561,0,2026-08-13T15:27:55,600,2026-08-15T18:24:07+0700
id-n2-010,ling-3.0-flash,open-py1,1,0,0,4,4,6,1362,0.0000073416,97,0,2026-08-13T15:27:57,600,2026-08-15T18:24:07+0700
id-n2-011,ling-3.0-flash,open-py1,1,0,0,7,7,7,2564,0.0000341166,523,1,2026-08-13T15:28:01,600,2026-08-15T18:24:07+0700
id-n2-012,ling-3.0-flash,open-py1,0,0,0,1,3,7,1760,0.0000221550,298,0,2026-08-13T15:28:03,600,2026-08-15T18:24:07+0700
id-n2-013,ling-3.0-flash,open-py1,1,0,0,1,1,5,1495,0.0000239610,328,0,2026-08-13T15:28:06,600,2026-08-15T18:24:07+0700
id-n2-014,ling-3.0-flash,open-py1,1,0,0,3,3,6,1124,0.0000110586,155,0,2026-08-13T15:28:08,600,2026-08-15T18:24:07+0700
id-n2-015,ling-3.0-flash,open-py1,1,0,0,1,2,6,4066,0.0000787080,1196,0,2026-08-13T15:34:40,4000,2026-08-15T18:24:07+0700
id-n1-001,ling-3.0-flash,open-py2,1,0,0,1,1,7,1184,0.0000158970,187,0,2026-08-13T16:02:01,600,2026-08-15T18:24:07+0700
id-n1-002,ling-3.0-flash,open-py2,1,0,0,1,1,8,2144,0.0000381570,539,0,2026-08-13T16:02:04,600,2026-08-15T18:24:07+0700
id-n1-003,ling-3.0-flash,open-py2,0,0,1,2,2,7,2312,0.0000302736,449,1,2026-08-13T16:02:08,600,2026-08-15T18:24:07+0700
id-n1-004,ling-3.0-flash,open-py2,1,2,2,1,1,5,1447,0.0000122136,164,1,2026-08-13T16:02:10,600,2026-08-15T18:24:07+0700
id-n1-005,ling-3.0-flash,open-py2,1,0,0,0,0,6,1175,0.0000166950,200,0,2026-08-13T16:02:12,600,2026-08-15T18:24:07+0700
id-n1-006,ling-3.0-flash,open-py2,1,0,0,2,2,7,1523,0.0000150990,175,1,2026-08-13T16:02:15,600,2026-08-15T18:24:07+0700
id-n1-007,ling-3.0-flash,open-py2,0,1,2,2,2,6,1767,0.0000223986,324,1,2026-08-13T16:02:17,600,2026-08-15T18:24:07+0700
id-n1-008,ling-3.0-flash,open-py2,0,0,1,1,1,6,4695,0.0000972174,1530,0,2026-08-13T16:10:29,2400,2026-08-15T18:24:07+0700
id-n1-009,ling-3.0-flash,open-py2,0,0,0,0,2,2,2250,0.0000397446,600,1,2026-08-13T16:09:31,600,2026-08-15T18:24:07+0700
id-n1-010,ling-3.0-flash,open-py2,1,0,0,1,1,7,3399,0.0000433800,176,0,2026-08-13T16:02:42,600,2026-08-15T18:24:07+0700
id-n1-011,ling-3.0-flash,open-py2,0,0,2,1,1,6,1767,0.0000281316,416,0,2026-08-13T16:02:45,600,2026-08-15T18:24:07+0700
id-n1-012,ling-3.0-flash,open-py2,0,4,4,0,0,8,2365,0.0000260274,398,0,2026-08-13T16:10:33,2400,2026-08-15T18:24:07+0700
id-n1-013,ling-3.0-flash,open-py2,0,0,3,1,1,7,5664,0.0000801000,380,0,2026-08-13T16:02:55,600,2026-08-15T18:24:07+0700
id-n1-014,ling-3.0-flash,open-py2,1,1,1,2,2,8,2868,0.0000381234,590,0,2026-08-13T16:10:37,2400,2026-08-15T18:24:07+0700
id-n1-015,ling-3.0-flash,open-py2,0,0,0,0,0,5,1590,0.0000187026,267,1,2026-08-13T16:10:40,2400,2026-08-15T18:24:07+0700
id-n1-016,ling-3.0-flash,open-py2,1,1,1,2,2,6,1911,0.0000312186,465,0,2026-08-13T16:09:46,600,2026-08-15T18:24:07+0700
id-n1-017,ling-3.0-flash,open-py2,0,1,2,0,0,6,3566,0.0000325836,487,0,2026-08-13T16:03:11,600,2026-08-15T18:24:07+0700
id-n1-018,ling-3.0-flash,open-py2,0,0,1,3,3,6,2779,0.0000527184,823,0,2026-08-13T16:10:45,2400,2026-08-15T18:24:07+0700
id-n1-019,ling-3.0-flash,open-py2,1,0,0,1,1,6,1395,0.0000128436,172,0,2026-08-13T16:03:17,600,2026-08-15T18:24:07+0700
id-n1-020,ling-3.0-flash,open-py2,1,3,3,3,3,6,2090,0.0000218316,315,1,2026-08-13T16:03:20,600,2026-08-15T18:24:07+0700
id-n1-021,ling-3.0-flash,open-py2,0,0,1,2,2,6,1880,0.0000269094,414,0,2026-08-13T16:10:48,2400,2026-08-15T18:24:07+0700
id-n1-022,ling-3.0-flash,open-py2,1,1,1,3,3,6,12023,0.0000147966,204,0,2026-08-13T16:03:37,600,2026-08-15T18:24:07+0700
id-n1-023,ling-3.0-flash,open-py2,0,0,1,1,1,4,1294,0.0000124236,168,1,2026-08-13T16:03:39,600,2026-08-15T18:24:07+0700
id-n1-024,ling-3.0-flash,open-py2,1,0,0,2,2,6,1393,0.0000145656,201,0,2026-08-13T16:03:42,600,2026-08-15T18:24:07+0700
id-n1-025,ling-3.0-flash,open-py2,1,1,1,3,3,7,1908,0.0000166026,233,0,2026-08-13T16:03:45,600,2026-08-15T18:24:07+0700
id-n1-026,ling-3.0-flash,open-py2,1,0,0,1,1,6,2516,0.0000313656,467,0,2026-08-13T16:03:48,600,2026-08-15T18:24:07+0700
id-n1-027,ling-3.0-flash,open-py2,1,0,0,3,3,6,1513,0.0000216846,314,0,2026-08-13T16:03:51,600,2026-08-15T18:24:07+0700
id-n1-028,ling-3.0-flash,open-py2,0,0,1,2,2,9,1287,0.0000150276,207,0,2026-08-13T16:03:53,600,2026-08-15T18:24:07+0700
id-n1-029,ling-3.0-flash,open-py2,1,0,0,2,2,4,1615,0.0000105336,137,0,2026-08-13T16:03:56,600,2026-08-15T18:24:07+0700
id-n1-030,ling-3.0-flash,open-py2,1,1,1,0,0,6,1414,0.0000128436,173,0,2026-08-13T16:09:57,600,2026-08-15T18:24:07+0700
id-n1-031,ling-3.0-flash,open-py2,1,1,1,2,2,7,1199,0.0000129696,176,1,2026-08-13T16:04:10,600,2026-08-15T18:24:07+0700
id-n1-032,ling-3.0-flash,open-py2,1,0,0,1,1,5,1353,0.0000109536,144,0,2026-08-13T16:04:12,600,2026-08-15T18:24:07+0700
id-n1-033,ling-3.0-flash,open-py2,0,0,1,1,1,5,1994,0.0000249774,383,0,2026-08-13T16:10:52,2400,2026-08-15T18:24:07+0700
id-n1-034,ling-3.0-flash,open-py2,1,0,0,2,2,7,1120,0.0000132426,179,1,2026-08-13T16:04:18,600,2026-08-15T18:24:07+0700
id-n1-036,ling-3.0-flash,open-py2,1,0,0,1,1,6,1172,0.0000129066,174,1,2026-08-13T16:04:24,600,2026-08-15T18:24:07+0700
id-n1-037,ling-3.0-flash,open-py2,1,1,1,1,1,7,1380,0.0000189756,270,0,2026-08-13T16:04:26,600,2026-08-15T18:24:07+0700
id-n1-038,ling-3.0-flash,open-py2,0,0,0,2,2,5,1075,0.0000112266,148,0,2026-08-13T16:04:28,600,2026-08-15T18:24:07+0700
id-n1-039,ling-3.0-flash,open-py2,1,1,1,0,0,6,2022,0.0000356496,535,0,2026-08-13T16:04:31,600,2026-08-15T18:24:07+0700
id-n1-040,ling-3.0-flash,open-py2,0,1,1,1,1,6,2248,0.0000180096,256,0,2026-08-13T16:04:34,600,2026-08-15T18:24:07+0700
id-n1-041,ling-3.0-flash,open-py2,1,0,0,2,2,6,1452,0.0000128856,173,1,2026-08-13T16:04:37,600,2026-08-15T18:24:07+0700
id-n1-042,ling-3.0-flash,open-py2,0,1,1,3,3,6,4362,0.0000641844,1005,1,2026-08-13T16:11:06,2400,2026-08-15T18:24:07+0700
id-n1-043,ling-3.0-flash,open-py2,1,1,1,1,1,6,2257,0.0000315546,470,0,2026-08-13T16:04:44,600,2026-08-15T18:24:07+0700
id-n1-044,ling-3.0-flash,open-py2,0,0,0,2,3,6,1531,0.0000128436,172,0,2026-08-13T16:04:47,600,2026-08-15T18:24:07+0700
id-n1-045,ling-3.0-flash,open-py2,0,0,1,3,3,7,1712,0.0000278166,410,0,2026-08-13T16:04:49,600,2026-08-15T18:24:07+0700
id-n1-046,ling-3.0-flash,open-py2,0,0,0,1,1,5,2513,0.0000197946,284,1,2026-08-13T16:04:53,600,2026-08-15T18:24:07+0700
id-n1-047,ling-3.0-flash,open-py2,1,0,0,3,3,6,1491,0.0000132636,179,0,2026-08-13T16:04:55,600,2026-08-15T18:24:07+0700
id-n1-048,ling-3.0-flash,open-py2,0,0,1,2,2,5,3090,0.0000346836,521,0,2026-08-13T16:11:11,2400,2026-08-15T18:24:07+0700
id-n1-050,ling-3.0-flash,open-py2,1,0,0,0,0,5,1239,0.0000141666,195,1,2026-08-13T16:05:05,600,2026-08-15T18:24:07+0700
id-n1-051,ling-3.0-flash,open-py2,1,0,0,1,1,7,1426,0.0000130116,176,0,2026-08-13T16:05:07,600,2026-08-15T18:24:07+0700
id-n1-052,ling-3.0-flash,open-py2,1,0,0,2,2,5,1671,0.0000223566,324,0,2026-08-13T16:05:10,600,2026-08-15T18:24:07+0700
id-n1-053,ling-3.0-flash,open-py2,0,0,1,1,1,7,1744,0.0000213906,308,1,2026-08-13T16:05:13,600,2026-08-15T18:24:07+0700
id-n1-054,ling-3.0-flash,open-py2,0,0,0,0,0,7,1312,0.0000142506,195,0,2026-08-13T16:05:15,600,2026-08-15T18:24:07+0700
id-n2-001,ling-3.0-flash,open-py2,1,0,0,5,5,8,1261,0.0000133056,180,0,2026-08-13T16:05:18,600,2026-08-15T18:24:07+0700
id-n2-002,ling-3.0-flash,open-py2,1,0,0,3,3,7,1890,0.0000140616,192,1,2026-08-13T16:05:20,600,2026-08-15T18:24:07+0700
id-n2-003,ling-3.0-flash,open-py2,1,0,0,2,2,7,3078,0.0000433800,176,1,2026-08-13T16:05:24,600,2026-08-15T18:24:07+0700
id-n2-004,ling-3.0-flash,open-py2,0,0,0,2,6,3,2710,0.0000397236,600,0,2026-08-13T16:05:28,600,2026-08-15T18:24:07+0700
id-n2-005,ling-3.0-flash,open-py2,1,0,0,6,6,6,1534,0.0000128646,173,0,2026-08-13T16:05:31,600,2026-08-15T18:24:07+0700
id-n2-006,ling-3.0-flash,open-py2,1,0,0,1,1,7,1373,0.0000123396,166,1,2026-08-13T16:05:33,600,2026-08-15T18:24:07+0700
id-n2-007,ling-3.0-flash,open-py2,1,0,0,2,2,6,1921,0.0000309246,460,0,2026-08-13T16:05:36,600,2026-08-15T18:24:07+0700
id-n2-008,ling-3.0-flash,open-py2,1,0,0,1,1,7,1240,0.0000139776,190,0,2026-08-13T16:05:38,600,2026-08-15T18:24:07+0700
id-n2-009,ling-3.0-flash,open-py2,1,0,0,3,3,7,1577,0.0000131166,177,0,2026-08-13T16:05:41,600,2026-08-15T18:24:07+0700
id-n2-010,ling-3.0-flash,open-py2,1,0,0,4,4,6,1301,0.0000137676,187,0,2026-08-13T16:05:43,600,2026-08-15T18:24:07+0700
id-n2-011,ling-3.0-flash,open-py2,1,0,0,6,7,8,2126,0.0000292026,433,1,2026-08-13T16:05:46,600,2026-08-15T18:24:07+0700
id-n2-012,ling-3.0-flash,open-py2,1,0,0,3,3,6,2474,0.0000225876,327,0,2026-08-13T16:05:50,600,2026-08-15T18:24:07+0700
id-n2-013,ling-3.0-flash,open-py2,1,0,0,1,1,5,1917,0.0000117936,157,0,2026-08-13T16:05:53,600,2026-08-15T18:24:07+0700
id-n2-014,ling-3.0-flash,open-py2,1,0,0,3,3,6,6548,0.0000150906,207,0,2026-08-13T16:06:00,600,2026-08-15T18:24:07+0700
id-n2-015,ling-3.0-flash,open-py2,1,0,0,2,2,5,1180,0.0000117936,156,0,2026-08-13T16:06:02,600,2026-08-15T18:24:07+0700
id-n1-001,ling-3.0-flash,open-py3,0,0,0,0,1,7,1549,0.0000217896,320,0,2026-08-13T18:15:43,600,2026-08-15T18:24:07+0700
id-n1-002,ling-3.0-flash,open-py3,1,0,0,1,1,8,1352,0.0000191100,242,0,2026-08-13T18:08:21,600,2026-08-15T18:24:07+0700
id-n1-003,ling-3.0-flash,open-py3,0,1,1,1,2,8,1825,0.0000191016,277,1,2026-08-13T18:08:24,600,2026-08-15T18:24:07+0700
id-n1-004,ling-3.0-flash,open-py3,1,2,2,1,1,5,4874,0.0000989400,491,1,2026-08-13T18:08:30,600,2026-08-15T18:24:07+0700
id-n1-005,ling-3.0-flash,open-py3,1,0,0,0,0,6,2835,0.0000324156,489,0,2026-08-13T18:08:34,600,2026-08-15T18:24:07+0700
id-n1-006,ling-3.0-flash,open-py3,0,0,0,2,2,7,1594,0.0000148806,211,1,2026-08-13T18:08:37,600,2026-08-15T18:24:07+0700
id-n1-007,ling-3.0-flash,open-py3,1,2,2,2,2,6,1841,0.0000352296,533,1,2026-08-13T18:08:39,600,2026-08-15T18:24:07+0700
id-n1-008,ling-3.0-flash,open-py3,0,1,1,1,1,6,5467,0.0001034376,1617,0,2026-08-13T18:16:58,2400,2026-08-15T18:24:07+0700
id-n1-009,ling-3.0-flash,open-py3,0,0,0,1,2,5,1613,0.0000254856,379,1,2026-08-13T18:08:47,600,2026-08-15T18:24:07+0700
id-n1-010,ling-3.0-flash,open-py3,1,0,0,1,1,7,1774,0.0000332976,503,0,2026-08-13T18:08:50,600,2026-08-15T18:24:07+0700
id-n1-011,ling-3.0-flash,open-py3,0,1,2,1,1,6,2866,0.0000552636,852,0,2026-08-13T18:17:02,2400,2026-08-15T18:24:07+0700
id-n1-012,ling-3.0-flash,open-py3,0,4,4,0,0,8,6406,0.0001040400,517,0,2026-08-13T18:09:00,600,2026-08-15T18:24:07+0700
id-n1-013,ling-3.0-flash,open-py3,0,1,3,1,1,7,1685,0.0000247926,368,0,2026-08-13T18:09:03,600,2026-08-15T18:24:07+0700
id-n1-014,ling-3.0-flash,open-py3,1,1,1,2,2,8,2349,0.0000378546,574,0,2026-08-13T18:15:55,600,2026-08-15T18:24:07+0700
id-n1-015,ling-3.0-flash,open-py3,0,0,0,0,0,5,2251,0.0000181146,263,1,2026-08-13T18:09:09,600,2026-08-15T18:24:07+0700
id-n1-016,ling-3.0-flash,open-py3,1,1,1,1,2,7,1225,0.0000131166,183,0,2026-08-13T18:09:11,600,2026-08-15T18:24:07+0700
id-n1-017,ling-3.0-flash,open-py3,1,2,2,0,0,6,1500,0.0000242466,360,0,2026-08-13T18:09:14,600,2026-08-15T18:24:07+0700
id-n1-018,ling-3.0-flash,open-py3,0,0,1,3,3,6,1864,0.0000337386,510,0,2026-08-13T18:09:17,600,2026-08-15T18:24:07+0700
id-n1-019,ling-3.0-flash,open-py3,1,0,0,1,1,6,1441,0.0000157836,224,0,2026-08-13T18:09:19,600,2026-08-15T18:24:07+0700
id-n1-020,ling-3.0-flash,open-py3,0,3,3,2,3,5,2102,0.0000394506,600,1,2026-08-13T18:09:22,600,2026-08-15T18:24:07+0700
id-n1-021,ling-3.0-flash,open-py3,0,0,1,2,2,6,3635,0.0000729456,1133,0,2026-08-13T18:17:07,2400,2026-08-15T18:24:07+0700
id-n1-022,ling-3.0-flash,open-py3,1,1,1,3,3,6,1510,0.0000126336,175,0,2026-08-13T18:09:28,600,2026-08-15T18:24:07+0700
id-n1-023,ling-3.0-flash,open-py3,1,1,1,1,1,4,1803,0.0000229236,340,1,2026-08-13T18:09:31,600,2026-08-15T18:24:07+0700
id-n1-024,ling-3.0-flash,open-py3,1,0,0,2,2,6,1729,0.0000151746,216,0,2026-08-13T18:09:33,600,2026-08-15T18:24:07+0700
id-n1-025,ling-3.0-flash,open-py3,0,1,1,3,3,7,2071,0.0000381276,580,0,2026-08-13T18:09:37,600,2026-08-15T18:24:07+0700
id-n1-026,ling-3.0-flash,open-py3,0,0,0,1,1,6,2105,0.0000410466,626,0,2026-08-13T18:17:11,2400,2026-08-15T18:24:07+0700
id-n1-027,ling-3.0-flash,open-py3,0,0,0,2,3,7,1198,0.0000132216,185,0,2026-08-13T18:09:42,600,2026-08-15T18:24:07+0700
id-n1-028,ling-3.0-flash,open-py3,0,0,1,2,2,9,1396,0.0000188496,273,0,2026-08-13T18:09:44,600,2026-08-15T18:24:07+0700
id-n1-029,ling-3.0-flash,open-py3,1,0,0,2,2,4,1382,0.0000096936,129,0,2026-08-13T18:09:47,600,2026-08-15T18:24:07+0700
id-n1-030,ling-3.0-flash,open-py3,1,1,1,0,0,6,1936,0.0000184926,268,0,2026-08-13T18:09:50,600,2026-08-15T18:24:07+0700
id-n1-031,ling-3.0-flash,open-py3,1,1,1,2,2,7,1804,0.0000331716,502,1,2026-08-13T18:09:52,600,2026-08-15T18:24:07+0700
id-n1-032,ling-3.0-flash,open-py3,1,0,0,0,1,6,1382,0.0000130116,182,0,2026-08-13T18:16:05,600,2026-08-15T18:24:07+0700
id-n1-033,ling-3.0-flash,open-py3,0,0,1,1,1,5,2588,0.0000495936,762,0,2026-08-13T18:17:15,2400,2026-08-15T18:24:07+0700
id-n1-034,ling-3.0-flash,open-py3,1,0,0,2,2,7,1440,0.0000162456,232,1,2026-08-13T18:10:05,600,2026-08-15T18:24:07+0700
id-n1-035,ling-3.0-flash,open-py3,0,0,0,0,0,6,2299,0.0000342636,518,0,2026-08-13T18:10:09,600,2026-08-15T18:24:07+0700
id-n1-036,ling-3.0-flash,open-py3,1,0,0,1,1,6,1975,0.0000305256,459,1,2026-08-13T18:10:12,600,2026-08-15T18:24:07+0700
id-n1-037,ling-3.0-flash,open-py3,0,1,1,1,1,7,1367,0.0000166236,238,0,2026-08-13T18:10:14,600,2026-08-15T18:24:07+0700
id-n1-038,ling-3.0-flash,open-py3,0,0,0,2,2,5,1659,0.0000171906,248,0,2026-08-13T18:10:17,600,2026-08-15T18:24:07+0700
id-n1-039,ling-3.0-flash,open-py3,1,1,1,0,0,6,1859,0.0000169806,244,0,2026-08-13T18:16:12,600,2026-08-15T18:24:07+0700
id-n1-040,ling-3.0-flash,open-py3,0,1,1,1,1,6,7786,0.0001612590,2501,0,2026-08-13T18:26:36,9600,2026-08-15T18:24:07+0700
id-n1-041,ling-3.0-flash,open-py3,1,0,0,2,2,6,3998,0.0000470400,201,1,2026-08-13T18:10:35,600,2026-08-15T18:24:07+0700
id-n1-042,ling-3.0-flash,open-py3,0,1,1,3,3,6,2538,0.0000322896,487,1,2026-08-13T18:10:39,600,2026-08-15T18:24:07+0700
id-n1-043,ling-3.0-flash,open-py3,1,1,1,1,1,6,8279,0.0000841800,408,0,2026-08-13T18:10:48,600,2026-08-15T18:24:07+0700
id-n1-044,ling-3.0-flash,open-py3,0,0,0,2,3,6,1743,0.0000164766,235,0,2026-08-13T18:10:51,600,2026-08-15T18:24:07+0700
id-n1-045,ling-3.0-flash,open-py3,0,1,1,3,3,7,2656,0.0000560196,863,0,2026-08-13T18:17:26,2400,2026-08-15T18:24:07+0700
id-n1-046,ling-3.0-flash,open-py3,0,0,0,1,1,5,2281,0.0000360906,548,1,2026-08-13T18:16:25,600,2026-08-15T18:24:07+0700
id-n1-047,ling-3.0-flash,open-py3,1,0,0,3,3,7,5353,0.0001106406,1730,0,2026-08-13T18:17:33,2400,2026-08-15T18:24:07+0700
id-n1-048,ling-3.0-flash,open-py3,1,1,1,2,2,5,1717,0.0000213066,314,0,2026-08-13T18:11:20,600,2026-08-15T18:24:07+0700
id-n1-049,ling-3.0-flash,open-py3,0,1,1,0,0,6,1686,0.0000197316,288,0,2026-08-13T18:11:23,600,2026-08-15T18:24:07+0700
id-n1-050,ling-3.0-flash,open-py3,0,0,0,0,0,5,1456,0.0000140196,198,1,2026-08-13T18:16:32,600,2026-08-15T18:24:07+0700
id-n1-051,ling-3.0-flash,open-py3,0,0,0,0,1,8,1334,0.0000140616,198,0,2026-08-13T18:11:29,600,2026-08-15T18:24:07+0700
id-n1-052,ling-3.0-flash,open-py3,1,0,0,1,2,6,4591,0.0000761376,1183,0,2026-08-13T18:17:39,2400,2026-08-15T18:24:07+0700
id-n1-053,ling-3.0-flash,open-py3,1,1,1,1,1,7,3012,0.0000623826,964,1,2026-08-13T18:17:44,2400,2026-08-15T18:24:07+0700
id-n1-054,ling-3.0-flash,open-py3,1,0,0,0,0,7,4351,0.0001023036,1598,0,2026-08-13T18:17:50,2400,2026-08-15T18:24:07+0700
id-n2-001,ling-3.0-flash,open-py3,1,0,0,4,5,9,2608,0.0000548016,844,0,2026-08-13T18:17:54,2400,2026-08-15T18:24:07+0700
id-n2-002,ling-3.0-flash,open-py3,1,0,0,3,3,7,3227,0.0000696696,1080,1,2026-08-13T18:17:59,2400,2026-08-15T18:24:07+0700
id-n2-003,ling-3.0-flash,open-py3,1,0,0,1,2,8,2527,0.0000428106,654,1,2026-08-13T18:26:57,24000,2026-08-15T18:24:07+0700
id-n2-004,ling-3.0-flash,open-py3,1,0,0,5,6,7,2508,0.0000422856,646,0,2026-08-13T18:27:01,24000,2026-08-15T18:24:07+0700
id-n2-005,ling-3.0-flash,open-py3,1,0,0,6,6,6,1896,0.0000134736,188,0,2026-08-13T18:27:05,24000,2026-08-15T18:24:07+0700
id-n2-006,ling-3.0-flash,open-py3,1,0,0,1,1,7,1193,0.0000119406,165,1,2026-08-13T18:27:08,24000,2026-08-15T18:24:07+0700
id-n2-007,ling-3.0-flash,open-py3,1,0,0,2,2,6,1132,0.0000126966,176,0,2026-08-13T18:27:12,24000,2026-08-15T18:24:07+0700
id-n2-008,ling-3.0-flash,open-py3,1,0,0,1,1,7,2641,0.0000467796,716,0,2026-08-13T18:27:16,24000,2026-08-15T18:24:07+0700
id-n2-009,ling-3.0-flash,open-py3,1,0,0,2,3,8,5119,0.0001130136,1768,0,2026-08-13T18:27:23,24000,2026-08-15T18:24:07+0700
id-n2-010,ling-3.0-flash,open-py3,1,0,0,3,4,7,4419,0.0001115856,1745,0,2026-08-13T18:27:30,24000,2026-08-15T18:24:07+0700
id-n2-011,ling-3.0-flash,open-py3,1,0,0,6,7,8,1903,0.0000274176,410,1,2026-08-13T18:27:34,24000,2026-08-15T18:24:07+0700
id-n2-012,ling-3.0-flash,open-py3,1,0,0,2,3,7,66204,0.0006426600,3510,0,2026-08-13T18:28:42,24000,2026-08-15T18:24:07+0700
id-n2-013,ling-3.0-flash,open-py3,1,0,0,1,1,5,2785,0.0000267036,399,0,2026-08-13T18:28:47,24000,2026-08-15T18:24:07+0700
id-n2-014,ling-3.0-flash,open-py3,1,0,0,3,3,6,1392,0.0000129276,178,0,2026-08-13T18:28:50,24000,2026-08-15T18:24:07+0700
id-n2-015,ling-3.0-flash,open-py3,1,0,0,1,2,6,4123,0.0000706776,1096,0,2026-08-13T18:28:56,24000,2026-08-15T18:24:07+0700
id-n1-001,llama-3-1-8b-q4km-local,open-py1,0,0,0,1,1,7,601,0.0000000000,14,0,2026-08-15T16:27:45,600,2026-08-15T18:24:07+0700
id-n1-002,llama-3-1-8b-q4km-local,open-py1,0,0,0,1,1,8,632,0.0000000000,17,0,2026-08-15T16:27:47,600,2026-08-15T18:24:07+0700
id-n1-003,llama-3-1-8b-q4km-local,open-py1,0,1,1,2,2,7,534,0.0000000000,13,1,2026-08-15T16:27:49,600,2026-08-15T18:24:07+0700
id-n1-004,llama-3-1-8b-q4km-local,open-py1,1,2,2,1,1,5,545,0.0000000000,12,1,2026-08-15T16:27:51,600,2026-08-15T18:24:07+0700
id-n1-005,llama-3-1-8b-q4km-local,open-py1,0,0,0,0,0,6,519,0.0000000000,14,0,2026-08-15T16:27:52,600,2026-08-15T18:24:07+0700
id-n1-006,llama-3-1-8b-q4km-local,open-py1,1,0,0,2,2,7,467,0.0000000000,13,1,2026-08-15T16:27:54,600,2026-08-15T18:24:07+0700
id-n1-007,llama-3-1-8b-q4km-local,open-py1,0,1,2,2,2,6,598,0.0000000000,16,1,2026-08-15T16:27:56,600,2026-08-15T18:24:07+0700
id-n1-008,llama-3-1-8b-q4km-local,open-py1,0,1,1,1,1,6,459,0.0000000000,12,0,2026-08-15T16:27:57,600,2026-08-15T18:24:07+0700
id-n1-009,llama-3-1-8b-q4km-local,open-py1,0,0,0,1,2,5,609,0.0000000000,15,1,2026-08-15T16:27:59,600,2026-08-15T18:24:07+0700
id-n1-010,llama-3-1-8b-q4km-local,open-py1,0,0,0,1,1,8,533,0.0000000000,14,0,2026-08-15T16:28:01,600,2026-08-15T18:24:07+0700
id-n1-011,llama-3-1-8b-q4km-local,open-py1,0,1,2,1,1,6,555,0.0000000000,12,0,2026-08-15T16:28:03,600,2026-08-15T18:24:07+0700
id-n1-012,llama-3-1-8b-q4km-local,open-py1,0,3,4,0,0,8,516,0.0000000000,15,0,2026-08-15T16:28:04,600,2026-08-15T18:24:07+0700
id-n1-013,llama-3-1-8b-q4km-local,open-py1,0,1,3,1,1,8,477,0.0000000000,14,0,2026-08-15T16:28:06,600,2026-08-15T18:24:07+0700
id-n1-014,llama-3-1-8b-q4km-local,open-py1,0,0,1,2,2,8,585,0.0000000000,17,0,2026-08-15T16:28:08,600,2026-08-15T18:24:07+0700
id-n1-015,llama-3-1-8b-q4km-local,open-py1,0,0,0,0,0,5,528,0.0000000000,12,1,2026-08-15T16:28:10,600,2026-08-15T18:24:07+0700
id-n1-016,llama-3-1-8b-q4km-local,open-py1,0,1,1,2,2,6,447,0.0000000000,11,0,2026-08-15T16:28:11,600,2026-08-15T18:24:07+0700
id-n1-017,llama-3-1-8b-q4km-local,open-py1,0,2,2,0,0,6,519,0.0000000000,13,0,2026-08-15T16:28:13,600,2026-08-15T18:24:07+0700
id-n1-018,llama-3-1-8b-q4km-local,open-py1,0,0,1,3,3,6,468,0.0000000000,13,0,2026-08-15T16:28:15,600,2026-08-15T18:24:07+0700
id-n1-019,llama-3-1-8b-q4km-local,open-py1,1,0,0,1,1,6,462,0.0000000000,13,0,2026-08-15T16:28:16,600,2026-08-15T18:24:07+0700
id-n1-020,llama-3-1-8b-q4km-local,open-py1,0,2,3,1,3,5,487,0.0000000000,14,1,2026-08-15T16:28:18,600,2026-08-15T18:24:07+0700
id-n1-021,llama-3-1-8b-q4km-local,open-py1,0,0,1,1,2,6,504,0.0000000000,14,0,2026-08-15T16:28:20,600,2026-08-15T18:24:07+0700
id-n1-022,llama-3-1-8b-q4km-local,open-py1,0,1,1,2,3,6,537,0.0000000000,13,0,2026-08-15T16:28:22,600,2026-08-15T18:24:07+0700
id-n1-023,llama-3-1-8b-q4km-local,open-py1,0,1,1,0,1,3,523,0.0000000000,11,1,2026-08-15T16:28:23,600,2026-08-15T18:24:07+0700
id-n1-024,llama-3-1-8b-q4km-local,open-py1,0,0,0,2,2,6,531,0.0000000000,12,0,2026-08-15T16:28:25,600,2026-08-15T18:24:07+0700
id-n1-025,llama-3-1-8b-q4km-local,open-py1,1,1,1,3,3,7,531,0.0000000000,13,0,2026-08-15T16:28:27,600,2026-08-15T18:24:07+0700
id-n1-026,llama-3-1-8b-q4km-local,open-py1,0,0,0,0,1,5,531,0.0000000000,11,0,2026-08-15T16:28:29,600,2026-08-15T18:24:07+0700
id-n1-027,llama-3-1-8b-q4km-local,open-py1,1,0,0,3,3,6,526,0.0000000000,11,0,2026-08-15T16:28:30,600,2026-08-15T18:24:07+0700
id-n1-028,llama-3-1-8b-q4km-local,open-py1,0,1,1,2,2,9,518,0.0000000000,16,0,2026-08-15T16:28:32,600,2026-08-15T18:24:07+0700
id-n1-029,llama-3-1-8b-q4km-local,open-py1,0,0,0,2,2,4,755,0.0000000000,14,0,2026-08-15T16:28:34,600,2026-08-15T18:24:07+0700
id-n1-030,llama-3-1-8b-q4km-local,open-py1,1,1,1,0,0,6,563,0.0000000000,12,0,2026-08-15T16:28:36,600,2026-08-15T18:24:07+0700
id-n1-031,llama-3-1-8b-q4km-local,open-py1,1,1,1,2,2,7,506,0.0000000000,12,1,2026-08-15T16:28:37,600,2026-08-15T18:24:07+0700
id-n1-032,llama-3-1-8b-q4km-local,open-py1,1,0,0,1,1,5,433,0.0000000000,10,0,2026-08-15T16:28:39,600,2026-08-15T18:24:07+0700
id-n1-033,llama-3-1-8b-q4km-local,open-py1,0,0,1,1,1,5,736,0.0000000000,14,0,2026-08-15T16:28:41,600,2026-08-15T18:24:07+0700
id-n1-034,llama-3-1-8b-q4km-local,open-py1,1,0,0,2,2,7,535,0.0000000000,13,1,2026-08-15T16:28:43,600,2026-08-15T18:24:07+0700
id-n1-035,llama-3-1-8b-q4km-local,open-py1,0,0,0,0,0,6,525,0.0000000000,14,0,2026-08-15T16:28:45,600,2026-08-15T18:24:07+0700
id-n1-036,llama-3-1-8b-q4km-local,open-py1,1,0,0,1,1,6,536,0.0000000000,15,1,2026-08-15T16:28:46,600,2026-08-15T18:24:07+0700
id-n1-037,llama-3-1-8b-q4km-local,open-py1,0,1,1,1,1,6,529,0.0000000000,11,0,2026-08-15T16:28:48,600,2026-08-15T18:24:07+0700
id-n1-038,llama-3-1-8b-q4km-local,open-py1,0,0,0,1,2,5,446,0.0000000000,11,0,2026-08-15T16:28:50,600,2026-08-15T18:24:07+0700
id-n1-039,llama-3-1-8b-q4km-local,open-py1,0,1,1,0,0,8,625,0.0000000000,16,0,2026-08-15T16:28:51,600,2026-08-15T18:24:07+0700
id-n1-040,llama-3-1-8b-q4km-local,open-py1,0,1,1,1,1,6,529,0.0000000000,15,0,2026-08-15T16:28:53,600,2026-08-15T18:24:07+0700
id-n1-041,llama-3-1-8b-q4km-local,open-py1,1,0,0,2,2,6,492,0.0000000000,15,1,2026-08-15T16:28:55,600,2026-08-15T18:24:07+0700
id-n1-042,llama-3-1-8b-q4km-local,open-py1,1,1,1,3,3,6,471,0.0000000000,13,1,2026-08-15T16:28:57,600,2026-08-15T18:24:07+0700
id-n1-043,llama-3-1-8b-q4km-local,open-py1,0,1,1,0,1,6,497,0.0000000000,15,0,2026-08-15T16:28:58,600,2026-08-15T18:24:07+0700
id-n1-044,llama-3-1-8b-q4km-local,open-py1,0,0,0,2,3,6,569,0.0000000000,15,0,2026-08-15T16:29:00,600,2026-08-15T18:24:07+0700
id-n1-045,llama-3-1-8b-q4km-local,open-py1,0,1,1,3,3,9,533,0.0000000000,16,0,2026-08-15T16:29:02,600,2026-08-15T18:24:07+0700
id-n1-046,llama-3-1-8b-q4km-local,open-py1,0,0,0,1,1,4,453,0.0000000000,12,1,2026-08-15T16:29:03,600,2026-08-15T18:24:07+0700
id-n1-047,llama-3-1-8b-q4km-local,open-py1,1,0,0,3,3,6,509,0.0000000000,14,0,2026-08-15T16:29:05,600,2026-08-15T18:24:07+0700
id-n1-048,llama-3-1-8b-q4km-local,open-py1,0,0,1,2,2,5,428,0.0000000000,10,0,2026-08-15T16:29:07,600,2026-08-15T18:24:07+0700
id-n1-049,llama-3-1-8b-q4km-local,open-py1,1,1,1,0,0,6,542,0.0000000000,13,0,2026-08-15T16:29:09,600,2026-08-15T18:24:07+0700
id-n1-050,llama-3-1-8b-q4km-local,open-py1,0,0,0,0,0,5,522,0.0000000000,12,1,2026-08-15T16:29:10,600,2026-08-15T18:24:07+0700
id-n1-051,llama-3-1-8b-q4km-local,open-py1,1,0,0,1,1,7,538,0.0000000000,12,0,2026-08-15T16:29:12,600,2026-08-15T18:24:07+0700
id-n1-052,llama-3-1-8b-q4km-local,open-py1,0,0,0,0,2,5,534,0.0000000000,15,0,2026-08-15T16:29:14,600,2026-08-15T18:24:07+0700
id-n1-053,llama-3-1-8b-q4km-local,open-py1,0,1,1,1,1,8,535,0.0000000000,18,1,2026-08-15T16:29:16,600,2026-08-15T18:24:07+0700
id-n1-054,llama-3-1-8b-q4km-local,open-py1,0,0,0,0,0,7,484,0.0000000000,14,0,2026-08-15T16:29:17,600,2026-08-15T18:24:07+0700
id-n2-001,llama-3-1-8b-q4km-local,open-py1,1,0,0,5,5,8,477,0.0000000000,13,0,2026-08-15T16:29:19,600,2026-08-15T18:24:07+0700
id-n2-002,llama-3-1-8b-q4km-local,open-py1,1,0,0,3,3,7,498,0.0000000000,15,1,2026-08-15T16:29:21,600,2026-08-15T18:24:07+0700
id-n2-003,llama-3-1-8b-q4km-local,open-py1,0,0,0,2,2,8,492,0.0000000000,15,1,2026-08-15T16:29:22,600,2026-08-15T18:24:07+0700
id-n2-004,llama-3-1-8b-q4km-local,open-py1,1,0,0,6,6,6,506,0.0000000000,13,0,2026-08-15T16:29:24,600,2026-08-15T18:24:07+0700
id-n2-005,llama-3-1-8b-q4km-local,open-py1,1,0,0,6,6,6,480,0.0000000000,14,0,2026-08-15T16:29:26,600,2026-08-15T18:24:07+0700
id-n2-006,llama-3-1-8b-q4km-local,open-py1,1,0,0,1,1,7,458,0.0000000000,12,1,2026-08-15T16:29:27,600,2026-08-15T18:24:07+0700
id-n2-007,llama-3-1-8b-q4km-local,open-py1,0,0,0,2,2,7,556,0.0000000000,15,0,2026-08-15T16:29:29,600,2026-08-15T18:24:07+0700
id-n2-008,llama-3-1-8b-q4km-local,open-py1,1,0,0,1,1,7,629,0.0000000000,17,0,2026-08-15T16:29:31,600,2026-08-15T18:24:07+0700
id-n2-009,llama-3-1-8b-q4km-local,open-py1,0,0,0,2,3,7,502,0.0000000000,14,0,2026-08-15T16:29:33,600,2026-08-15T18:24:07+0700
id-n2-010,llama-3-1-8b-q4km-local,open-py1,1,0,0,4,4,6,571,0.0000000000,17,0,2026-08-15T16:29:34,600,2026-08-15T18:24:07+0700
id-n2-011,llama-3-1-8b-q4km-local,open-py1,1,0,0,7,7,7,535,0.0000000000,13,1,2026-08-15T16:29:36,600,2026-08-15T18:24:07+0700
id-n2-012,llama-3-1-8b-q4km-local,open-py1,1,0,0,3,3,6,599,0.0000000000,19,0,2026-08-15T16:29:38,600,2026-08-15T18:24:07+0700
id-n2-013,llama-3-1-8b-q4km-local,open-py1,1,0,0,1,1,5,436,0.0000000000,11,0,2026-08-15T16:29:40,600,2026-08-15T18:24:07+0700
id-n2-014,llama-3-1-8b-q4km-local,open-py1,0,0,0,2,3,6,528,0.0000000000,16,0,2026-08-15T16:29:41,600,2026-08-15T18:24:07+0700
id-n2-015,llama-3-1-8b-q4km-local,open-py1,1,0,0,2,2,5,682,0.0000000000,15,0,2026-08-15T16:29:43,600,2026-08-15T18:24:07+0700
id-n1-001,llama-3-1-8b-q4km-local,open-py2,0,0,0,1,1,7,533,0.0000000000,14,0,2026-08-15T16:29:45,600,2026-08-15T18:24:07+0700
id-n1-002,llama-3-1-8b-q4km-local,open-py2,0,0,0,1,1,8,612,0.0000000000,17,0,2026-08-15T16:29:47,600,2026-08-15T18:24:07+0700
id-n1-003,llama-3-1-8b-q4km-local,open-py2,0,1,1,2,2,7,556,0.0000000000,13,1,2026-08-15T16:29:49,600,2026-08-15T18:24:07+0700
id-n1-004,llama-3-1-8b-q4km-local,open-py2,1,2,2,1,1,5,453,0.0000000000,12,1,2026-08-15T16:29:50,600,2026-08-15T18:24:07+0700
id-n1-005,llama-3-1-8b-q4km-local,open-py2,0,0,0,0,0,6,470,0.0000000000,14,0,2026-08-15T16:29:52,600,2026-08-15T18:24:07+0700
id-n1-006,llama-3-1-8b-q4km-local,open-py2,1,0,0,2,2,7,455,0.0000000000,13,1,2026-08-15T16:29:54,600,2026-08-15T18:24:07+0700
id-n1-007,llama-3-1-8b-q4km-local,open-py2,0,1,2,2,2,6,505,0.0000000000,16,1,2026-08-15T16:29:55,600,2026-08-15T18:24:07+0700
id-n1-008,llama-3-1-8b-q4km-local,open-py2,1,1,1,1,1,6,496,0.0000000000,12,0,2026-08-15T16:29:57,600,2026-08-15T18:24:07+0700
id-n1-009,llama-3-1-8b-q4km-local,open-py2,0,0,0,1,2,5,530,0.0000000000,15,1,2026-08-15T16:29:59,600,2026-08-15T18:24:07+0700
id-n1-010,llama-3-1-8b-q4km-local,open-py2,0,0,0,1,1,8,477,0.0000000000,14,0,2026-08-15T16:30:01,600,2026-08-15T18:24:07+0700
id-n1-011,llama-3-1-8b-q4km-local,open-py2,0,1,2,1,1,6,473,0.0000000000,12,0,2026-08-15T16:30:02,600,2026-08-15T18:24:07+0700
id-n1-012,llama-3-1-8b-q4km-local,open-py2,1,4,4,0,0,8,501,0.0000000000,15,0,2026-08-15T16:30:04,600,2026-08-15T18:24:07+0700
id-n1-013,llama-3-1-8b-q4km-local,open-py2,0,2,3,1,1,7,477,0.0000000000,12,0,2026-08-15T16:30:06,600,2026-08-15T18:24:07+0700
id-n1-014,llama-3-1-8b-q4km-local,open-py2,0,0,1,2,2,8,523,0.0000000000,17,0,2026-08-15T16:30:07,600,2026-08-15T18:24:07+0700
id-n1-015,llama-3-1-8b-q4km-local,open-py2,0,0,0,0,0,5,448,0.0000000000,12,1,2026-08-15T16:30:09,600,2026-08-15T18:24:07+0700
id-n1-016,llama-3-1-8b-q4km-local,open-py2,0,1,1,2,2,7,482,0.0000000000,14,0,2026-08-15T16:30:11,600,2026-08-15T18:24:07+0700
id-n1-017,llama-3-1-8b-q4km-local,open-py2,0,2,2,0,0,6,486,0.0000000000,13,0,2026-08-15T16:30:12,600,2026-08-15T18:24:07+0700
id-n1-018,llama-3-1-8b-q4km-local,open-py2,0,0,1,3,3,6,470,0.0000000000,13,0,2026-08-15T16:30:14,600,2026-08-15T18:24:07+0700
id-n1-019,llama-3-1-8b-q4km-local,open-py2,1,0,0,1,1,6,494,0.0000000000,13,0,2026-08-15T16:30:16,600,2026-08-15T18:24:07+0700
id-n1-020,llama-3-1-8b-q4km-local,open-py2,0,2,3,3,3,6,533,0.0000000000,14,1,2026-08-15T16:30:17,600,2026-08-15T18:24:07+0700
id-n1-021,llama-3-1-8b-q4km-local,open-py2,0,0,1,2,2,6,467,0.0000000000,13,0,2026-08-15T16:30:19,600,2026-08-15T18:24:07+0700
id-n1-022,llama-3-1-8b-q4km-local,open-py2,0,1,1,2,3,6,467,0.0000000000,13,0,2026-08-15T16:30:21,600,2026-08-15T18:24:07+0700
id-n1-023,llama-3-1-8b-q4km-local,open-py2,0,0,1,1,1,4,462,0.0000000000,10,1,2026-08-15T16:30:23,600,2026-08-15T18:24:07+0700
id-n1-024,llama-3-1-8b-q4km-local,open-py2,0,0,0,2,2,6,521,0.0000000000,12,0,2026-08-15T16:30:24,600,2026-08-15T18:24:07+0700
id-n1-025,llama-3-1-8b-q4km-local,open-py2,1,1,1,3,3,7,461,0.0000000000,13,0,2026-08-15T16:30:26,600,2026-08-15T18:24:07+0700
id-n1-026,llama-3-1-8b-q4km-local,open-py2,0,0,0,1,1,8,491,0.0000000000,15,0,2026-08-15T16:30:28,600,2026-08-15T18:24:07+0700
id-n1-027,llama-3-1-8b-q4km-local,open-py2,1,0,0,3,3,6,468,0.0000000000,11,0,2026-08-15T16:30:29,600,2026-08-15T18:24:07+0700
id-n1-028,llama-3-1-8b-q4km-local,open-py2,0,1,1,2,2,9,505,0.0000000000,16,0,2026-08-15T16:30:31,600,2026-08-15T18:24:07+0700
id-n1-029,llama-3-1-8b-q4km-local,open-py2,0,0,0,2,2,4,485,0.0000000000,14,0,2026-08-15T16:30:33,600,2026-08-15T18:24:07+0700
id-n1-030,llama-3-1-8b-q4km-local,open-py2,1,1,1,0,0,6,462,0.0000000000,12,0,2026-08-15T16:30:34,600,2026-08-15T18:24:07+0700
id-n1-031,llama-3-1-8b-q4km-local,open-py2,1,1,1,2,2,7,447,0.0000000000,12,1,2026-08-15T16:30:36,600,2026-08-15T18:24:07+0700
id-n1-032,llama-3-1-8b-q4km-local,open-py2,1,0,0,1,1,5,487,0.0000000000,10,0,2026-08-15T16:30:38,600,2026-08-15T18:24:07+0700
id-n1-033,llama-3-1-8b-q4km-local,open-py2,0,0,1,1,1,5,474,0.0000000000,14,0,2026-08-15T16:30:39,600,2026-08-15T18:24:07+0700
id-n1-034,llama-3-1-8b-q4km-local,open-py2,1,0,0,2,2,7,466,0.0000000000,13,1,2026-08-15T16:30:41,600,2026-08-15T18:24:07+0700
id-n1-035,llama-3-1-8b-q4km-local,open-py2,0,0,0,0,0,6,503,0.0000000000,16,0,2026-08-15T16:30:43,600,2026-08-15T18:24:07+0700
id-n1-036,llama-3-1-8b-q4km-local,open-py2,1,0,0,1,1,6,499,0.0000000000,15,1,2026-08-15T16:30:44,600,2026-08-15T18:24:07+0700
id-n1-037,llama-3-1-8b-q4km-local,open-py2,0,1,1,1,1,8,492,0.0000000000,15,0,2026-08-15T16:30:46,600,2026-08-15T18:24:07+0700
id-n1-038,llama-3-1-8b-q4km-local,open-py2,0,0,0,1,2,5,434,0.0000000000,11,0,2026-08-15T16:30:48,600,2026-08-15T18:24:07+0700
id-n1-039,llama-3-1-8b-q4km-local,open-py2,0,1,1,0,0,7,544,0.0000000000,14,0,2026-08-15T16:30:50,600,2026-08-15T18:24:07+0700
id-n1-040,llama-3-1-8b-q4km-local,open-py2,0,1,1,1,1,6,535,0.0000000000,15,0,2026-08-15T16:30:51,600,2026-08-15T18:24:07+0700
id-n1-041,llama-3-1-8b-q4km-local,open-py2,1,0,0,2,2,6,539,0.0000000000,15,1,2026-08-15T16:30:53,600,2026-08-15T18:24:07+0700
id-n1-042,llama-3-1-8b-q4km-local,open-py2,1,1,1,3,3,6,471,0.0000000000,13,1,2026-08-15T16:30:55,600,2026-08-15T18:24:07+0700
id-n1-043,llama-3-1-8b-q4km-local,open-py2,0,1,1,0,1,6,494,0.0000000000,14,0,2026-08-15T16:30:56,600,2026-08-15T18:24:07+0700
id-n1-044,llama-3-1-8b-q4km-local,open-py2,0,0,0,2,3,6,494,0.0000000000,15,0,2026-08-15T16:30:58,600,2026-08-15T18:24:07+0700
id-n1-045,llama-3-1-8b-q4km-local,open-py2,1,1,1,3,3,7,576,0.0000000000,14,0,2026-08-15T16:31:00,600,2026-08-15T18:24:07+0700
id-n1-046,llama-3-1-8b-q4km-local,open-py2,0,0,0,1,1,5,540,0.0000000000,14,1,2026-08-15T16:31:02,600,2026-08-15T18:24:07+0700
id-n1-047,llama-3-1-8b-q4km-local,open-py2,1,0,0,3,3,6,535,0.0000000000,14,0,2026-08-15T16:31:03,600,2026-08-15T18:24:07+0700
id-n1-048,llama-3-1-8b-q4km-local,open-py2,0,0,1,1,2,6,741,0.0000000000,10,0,2026-08-15T16:31:05,600,2026-08-15T18:24:07+0700
id-n1-049,llama-3-1-8b-q4km-local,open-py2,1,1,1,0,0,6,590,0.0000000000,13,0,2026-08-15T16:31:07,600,2026-08-15T18:24:07+0700
id-n1-050,llama-3-1-8b-q4km-local,open-py2,0,0,0,0,0,6,580,0.0000000000,13,1,2026-08-15T16:31:09,600,2026-08-15T18:24:07+0700
id-n1-051,llama-3-1-8b-q4km-local,open-py2,1,0,0,1,1,7,534,0.0000000000,12,0,2026-08-15T16:31:11,600,2026-08-15T18:24:07+0700
id-n1-052,llama-3-1-8b-q4km-local,open-py2,1,0,0,2,2,5,536,0.0000000000,14,0,2026-08-15T16:31:12,600,2026-08-15T18:24:07+0700
id-n1-053,llama-3-1-8b-q4km-local,open-py2,0,0,1,1,1,7,513,0.0000000000,16,1,2026-08-15T16:31:14,600,2026-08-15T18:24:07+0700
id-n1-054,llama-3-1-8b-q4km-local,open-py2,0,0,0,0,0,7,647,0.0000000000,13,0,2026-08-15T16:31:16,600,2026-08-15T18:24:07+0700
id-n2-001,llama-3-1-8b-q4km-local,open-py2,1,0,0,5,5,8,458,0.0000000000,13,0,2026-08-15T16:31:18,600,2026-08-15T18:24:07+0700
id-n2-002,llama-3-1-8b-q4km-local,open-py2,1,0,0,3,3,7,531,0.0000000000,15,1,2026-08-15T16:31:19,600,2026-08-15T18:24:07+0700
id-n2-003,llama-3-1-8b-q4km-local,open-py2,0,0,0,2,2,9,508,0.0000000000,16,1,2026-08-15T16:31:21,600,2026-08-15T18:24:07+0700
id-n2-004,llama-3-1-8b-q4km-local,open-py2,1,0,0,6,6,6,559,0.0000000000,13,0,2026-08-15T16:31:23,600,2026-08-15T18:24:07+0700
id-n2-005,llama-3-1-8b-q4km-local,open-py2,1,0,0,6,6,6,536,0.0000000000,14,0,2026-08-15T16:31:25,600,2026-08-15T18:24:07+0700
id-n2-006,llama-3-1-8b-q4km-local,open-py2,1,0,0,1,1,7,537,0.0000000000,12,1,2026-08-15T16:31:26,600,2026-08-15T18:24:07+0700
id-n2-007,llama-3-1-8b-q4km-local,open-py2,0,0,0,2,2,7,740,0.0000000000,15,0,2026-08-15T16:31:28,600,2026-08-15T18:24:07+0700
id-n2-008,llama-3-1-8b-q4km-local,open-py2,0,0,0,0,1,7,635,0.0000000000,18,0,2026-08-15T16:31:30,600,2026-08-15T18:24:07+0700
id-n2-009,llama-3-1-8b-q4km-local,open-py2,1,0,0,3,3,7,539,0.0000000000,14,0,2026-08-15T16:31:32,600,2026-08-15T18:24:07+0700
id-n2-010,llama-3-1-8b-q4km-local,open-py2,1,0,0,4,4,6,522,0.0000000000,17,0,2026-08-15T16:31:34,600,2026-08-15T18:24:07+0700
id-n2-011,llama-3-1-8b-q4km-local,open-py2,1,0,0,7,7,7,546,0.0000000000,13,1,2026-08-15T16:31:35,600,2026-08-15T18:24:07+0700
id-n2-012,llama-3-1-8b-q4km-local,open-py2,1,0,0,3,3,6,862,0.0000000000,19,0,2026-08-15T16:31:37,600,2026-08-15T18:24:07+0700
id-n2-013,llama-3-1-8b-q4km-local,open-py2,0,0,0,0,1,8,505,0.0000000000,15,0,2026-08-15T16:31:39,600,2026-08-15T18:24:07+0700
id-n2-014,llama-3-1-8b-q4km-local,open-py2,1,0,0,3,3,6,541,0.0000000000,17,0,2026-08-15T16:31:41,600,2026-08-15T18:24:07+0700
id-n2-015,llama-3-1-8b-q4km-local,open-py2,1,0,0,2,2,5,639,0.0000000000,15,0,2026-08-15T16:31:43,600,2026-08-15T18:24:07+0700
id-n1-001,llama-3-1-8b-q4km-local,open-py3,0,0,0,1,1,8,621,0.0000000000,14,0,2026-08-15T16:31:45,600,2026-08-15T18:24:07+0700
id-n1-002,llama-3-1-8b-q4km-local,open-py3,0,0,0,1,1,8,542,0.0000000000,14,0,2026-08-15T16:31:46,600,2026-08-15T18:24:07+0700
id-n1-003,llama-3-1-8b-q4km-local,open-py3,0,1,1,1,2,8,525,0.0000000000,14,1,2026-08-15T16:31:48,600,2026-08-15T18:24:07+0700
id-n1-004,llama-3-1-8b-q4km-local,open-py3,1,2,2,1,1,6,455,0.0000000000,12,1,2026-08-15T16:31:50,600,2026-08-15T18:24:07+0700
id-n1-005,llama-3-1-8b-q4km-local,open-py3,0,0,0,0,0,6,470,0.0000000000,13,0,2026-08-15T16:31:51,600,2026-08-15T18:24:07+0700
id-n1-006,llama-3-1-8b-q4km-local,open-py3,1,0,0,2,2,7,486,0.0000000000,13,1,2026-08-15T16:31:53,600,2026-08-15T18:24:07+0700
id-n1-007,llama-3-1-8b-q4km-local,open-py3,0,1,2,2,2,7,526,0.0000000000,16,1,2026-08-15T16:31:55,600,2026-08-15T18:24:07+0700
id-n1-008,llama-3-1-8b-q4km-local,open-py3,0,1,1,0,1,7,461,0.0000000000,12,0,2026-08-15T16:31:57,600,2026-08-15T18:24:07+0700
id-n1-009,llama-3-1-8b-q4km-local,open-py3,0,0,0,1,2,8,612,0.0000000000,17,1,2026-08-15T16:31:58,600,2026-08-15T18:24:07+0700
id-n1-010,llama-3-1-8b-q4km-local,open-py3,0,0,0,1,1,8,461,0.0000000000,13,0,2026-08-15T16:32:00,600,2026-08-15T18:24:07+0700
id-n1-011,llama-3-1-8b-q4km-local,open-py3,0,1,2,1,1,6,511,0.0000000000,12,0,2026-08-15T16:32:02,600,2026-08-15T18:24:07+0700
id-n1-012,llama-3-1-8b-q4km-local,open-py3,0,3,4,0,0,8,537,0.0000000000,14,0,2026-08-15T16:32:03,600,2026-08-15T18:24:07+0700
id-n1-013,llama-3-1-8b-q4km-local,open-py3,0,1,3,0,1,8,503,0.0000000000,14,0,2026-08-15T16:32:05,600,2026-08-15T18:24:07+0700
id-n1-014,llama-3-1-8b-q4km-local,open-py3,0,0,1,2,2,9,524,0.0000000000,18,0,2026-08-15T16:32:07,600,2026-08-15T18:24:07+0700
id-n1-015,llama-3-1-8b-q4km-local,open-py3,0,0,0,0,0,6,567,0.0000000000,12,1,2026-08-15T16:32:09,600,2026-08-15T18:24:07+0700
id-n1-016,llama-3-1-8b-q4km-local,open-py3,0,1,1,1,2,7,535,0.0000000000,13,0,2026-08-15T16:32:10,600,2026-08-15T18:24:07+0700
id-n1-017,llama-3-1-8b-q4km-local,open-py3,0,2,2,0,0,7,542,0.0000000000,13,0,2026-08-15T16:32:12,600,2026-08-15T18:24:07+0700
id-n1-018,llama-3-1-8b-q4km-local,open-py3,0,0,1,2,3,7,461,0.0000000000,13,0,2026-08-15T16:32:14,600,2026-08-15T18:24:07+0700
id-n1-019,llama-3-1-8b-q4km-local,open-py3,1,0,0,1,1,7,502,0.0000000000,14,0,2026-08-15T16:32:16,600,2026-08-15T18:24:07+0700
id-n1-020,llama-3-1-8b-q4km-local,open-py3,1,2,3,3,3,7,535,0.0000000000,14,1,2026-08-15T16:32:17,600,2026-08-15T18:24:07+0700
id-n1-021,llama-3-1-8b-q4km-local,open-py3,0,0,1,1,2,7,495,0.0000000000,15,0,2026-08-15T16:32:19,600,2026-08-15T18:24:07+0700
id-n1-022,llama-3-1-8b-q4km-local,open-py3,0,1,1,1,3,7,471,0.0000000000,13,0,2026-08-15T16:32:21,600,2026-08-15T18:24:07+0700
id-n1-023,llama-3-1-8b-q4km-local,open-py3,0,0,1,1,1,5,640,0.0000000000,10,1,2026-08-15T16:32:23,600,2026-08-15T18:24:07+0700
id-n1-024,llama-3-1-8b-q4km-local,open-py3,0,0,0,2,2,7,535,0.0000000000,13,0,2026-08-15T16:32:24,600,2026-08-15T18:24:07+0700
id-n1-025,llama-3-1-8b-q4km-local,open-py3,0,1,1,2,3,8,532,0.0000000000,12,0,2026-08-15T16:32:26,600,2026-08-15T18:24:07+0700
id-n1-026,llama-3-1-8b-q4km-local,open-py3,0,0,0,1,1,8,604,0.0000000000,14,0,2026-08-15T16:32:28,600,2026-08-15T18:24:07+0700
id-n1-027,llama-3-1-8b-q4km-local,open-py3,1,0,0,2,3,7,566,0.0000000000,12,0,2026-08-15T16:32:30,600,2026-08-15T18:24:07+0700
id-n1-028,llama-3-1-8b-q4km-local,open-py3,0,1,1,1,2,10,541,0.0000000000,16,0,2026-08-15T16:32:31,600,2026-08-15T18:24:07+0700
id-n1-029,llama-3-1-8b-q4km-local,open-py3,0,0,0,1,2,5,530,0.0000000000,14,0,2026-08-15T16:32:33,600,2026-08-15T18:24:07+0700
id-n1-030,llama-3-1-8b-q4km-local,open-py3,1,1,1,0,0,7,455,0.0000000000,12,0,2026-08-15T16:32:35,600,2026-08-15T18:24:07+0700
id-n1-031,llama-3-1-8b-q4km-local,open-py3,1,1,1,1,2,8,510,0.0000000000,12,1,2026-08-15T16:32:36,600,2026-08-15T18:24:07+0700
id-n1-032,llama-3-1-8b-q4km-local,open-py3,1,0,0,0,1,6,439,0.0000000000,11,0,2026-08-15T16:32:38,600,2026-08-15T18:24:07+0700
id-n1-033,llama-3-1-8b-q4km-local,open-py3,0,0,1,1,1,6,631,0.0000000000,15,0,2026-08-15T16:32:40,600,2026-08-15T18:24:07+0700
id-n1-034,llama-3-1-8b-q4km-local,open-py3,1,0,0,2,2,7,535,0.0000000000,13,1,2026-08-15T16:32:42,600,2026-08-15T18:24:07+0700
id-n1-035,llama-3-1-8b-q4km-local,open-py3,0,0,0,0,0,7,534,0.0000000000,15,0,2026-08-15T16:32:43,600,2026-08-15T18:24:07+0700
id-n1-036,llama-3-1-8b-q4km-local,open-py3,1,0,0,0,1,7,534,0.0000000000,16,1,2026-08-15T16:32:45,600,2026-08-15T18:24:07+0700
id-n1-037,llama-3-1-8b-q4km-local,open-py3,0,1,1,0,1,9,639,0.0000000000,17,0,2026-08-15T16:32:47,600,2026-08-15T18:24:07+0700
id-n1-038,llama-3-1-8b-q4km-local,open-py3,0,0,0,0,2,6,436,0.0000000000,11,0,2026-08-15T16:32:49,600,2026-08-15T18:24:07+0700
id-n1-039,llama-3-1-8b-q4km-local,open-py3,0,1,1,0,0,8,536,0.0000000000,14,0,2026-08-15T16:32:50,600,2026-08-15T18:24:07+0700
id-n1-040,llama-3-1-8b-q4km-local,open-py3,0,1,1,0,1,7,528,0.0000000000,16,0,2026-08-15T16:32:52,600,2026-08-15T18:24:07+0700
id-n1-041,llama-3-1-8b-q4km-local,open-py3,1,0,0,2,2,7,562,0.0000000000,15,1,2026-08-15T16:32:54,600,2026-08-15T18:24:07+0700
id-n1-042,llama-3-1-8b-q4km-local,open-py3,1,1,1,2,3,7,506,0.0000000000,13,1,2026-08-15T16:32:56,600,2026-08-15T18:24:07+0700
id-n1-043,llama-3-1-8b-q4km-local,open-py3,0,1,1,0,1,7,489,0.0000000000,15,0,2026-08-15T16:32:57,600,2026-08-15T18:24:07+0700
id-n1-044,llama-3-1-8b-q4km-local,open-py3,0,0,0,2,3,7,686,0.0000000000,16,0,2026-08-15T16:32:59,600,2026-08-15T18:24:07+0700
id-n1-045,llama-3-1-8b-q4km-local,open-py3,1,1,1,2,3,8,636,0.0000000000,15,0,2026-08-15T16:33:01,600,2026-08-15T18:24:07+0700
id-n1-046,llama-3-1-8b-q4km-local,open-py3,0,0,0,1,1,5,471,0.0000000000,13,1,2026-08-15T16:33:03,600,2026-08-15T18:24:07+0700
id-n1-047,llama-3-1-8b-q4km-local,open-py3,1,0,0,3,3,7,601,0.0000000000,15,0,2026-08-15T16:33:05,600,2026-08-15T18:24:07+0700
id-n1-048,llama-3-1-8b-q4km-local,open-py3,0,0,1,0,2,5,428,0.0000000000,8,0,2026-08-15T16:33:06,600,2026-08-15T18:24:07+0700
id-n1-049,llama-3-1-8b-q4km-local,open-py3,1,1,1,0,0,7,542,0.0000000000,13,0,2026-08-15T16:33:08,600,2026-08-15T18:24:07+0700
id-n1-050,llama-3-1-8b-q4km-local,open-py3,0,0,0,0,0,6,471,0.0000000000,13,1,2026-08-15T16:33:10,600,2026-08-15T18:24:07+0700
id-n1-051,llama-3-1-8b-q4km-local,open-py3,0,0,0,0,1,9,601,0.0000000000,15,0,2026-08-15T16:33:11,600,2026-08-15T18:24:07+0700
id-n1-052,llama-3-1-8b-q4km-local,open-py3,1,0,0,1,2,6,534,0.0000000000,14,0,2026-08-15T16:33:13,600,2026-08-15T18:24:07+0700
id-n1-053,llama-3-1-8b-q4km-local,open-py3,1,1,1,0,1,8,536,0.0000000000,16,1,2026-08-15T16:33:15,600,2026-08-15T18:24:07+0700
id-n1-054,llama-3-1-8b-q4km-local,open-py3,0,0,0,0,0,8,634,0.0000000000,15,0,2026-08-15T16:33:17,600,2026-08-15T18:24:07+0700
id-n2-001,llama-3-1-8b-q4km-local,open-py3,1,0,0,4,5,9,535,0.0000000000,14,0,2026-08-15T16:33:18,600,2026-08-15T18:24:07+0700
id-n2-002,llama-3-1-8b-q4km-local,open-py3,0,0,0,3,3,8,648,0.0000000000,17,1,2026-08-15T16:33:20,600,2026-08-15T18:24:07+0700
id-n2-003,llama-3-1-8b-q4km-local,open-py3,1,0,0,1,2,8,521,0.0000000000,15,1,2026-08-15T16:33:22,600,2026-08-15T18:24:07+0700
id-n2-004,llama-3-1-8b-q4km-local,open-py3,0,0,0,5,6,6,535,0.0000000000,13,0,2026-08-15T16:33:24,600,2026-08-15T18:24:07+0700
id-n2-005,llama-3-1-8b-q4km-local,open-py3,0,0,0,0,6,7,534,0.0000000000,16,0,2026-08-15T16:33:26,600,2026-08-15T18:24:07+0700
id-n2-006,llama-3-1-8b-q4km-local,open-py3,1,0,0,1,1,7,462,0.0000000000,12,1,2026-08-15T16:33:27,600,2026-08-15T18:24:07+0700
id-n2-007,llama-3-1-8b-q4km-local,open-py3,0,0,0,1,2,6,505,0.0000000000,13,0,2026-08-15T16:33:29,600,2026-08-15T18:24:07+0700
id-n2-008,llama-3-1-8b-q4km-local,open-py3,0,0,0,0,1,8,544,0.0000000000,18,0,2026-08-15T16:33:31,600,2026-08-15T18:24:07+0700
id-n2-009,llama-3-1-8b-q4km-local,open-py3,0,0,0,2,3,7,525,0.0000000000,14,0,2026-08-15T16:33:32,600,2026-08-15T18:24:07+0700
id-n2-010,llama-3-1-8b-q4km-local,open-py3,1,0,0,3,4,7,520,0.0000000000,17,0,2026-08-15T16:33:34,600,2026-08-15T18:24:07+0700
id-n2-011,llama-3-1-8b-q4km-local,open-py3,0,0,0,5,7,8,551,0.0000000000,16,1,2026-08-15T16:33:36,600,2026-08-15T18:24:07+0700
id-n2-012,llama-3-1-8b-q4km-local,open-py3,1,0,0,2,3,7,594,0.0000000000,20,0,2026-08-15T16:33:38,600,2026-08-15T18:24:07+0700
id-n2-013,llama-3-1-8b-q4km-local,open-py3,0,0,0,0,1,5,473,0.0000000000,12,0,2026-08-15T16:33:39,600,2026-08-15T18:24:07+0700
id-n2-014,llama-3-1-8b-q4km-local,open-py3,0,0,0,1,3,7,640,0.0000000000,17,0,2026-08-15T16:33:41,600,2026-08-15T18:24:07+0700
id-n2-015,llama-3-1-8b-q4km-local,open-py3,1,0,0,2,2,5,634,0.0000000000,15,0,2026-08-15T16:33:43,600,2026-08-15T18:24:07+0700
id-n1-001,mistral-small-3-2501,open-py1,0,0,0,1,1,7,1473,0.0000078900,13,0,2026-08-13T15:00:13,600,2026-08-15T18:24:07+0700
id-n1-002,mistral-small-3-2501,open-py1,1,0,0,1,1,8,3214,0.0000082500,15,0,2026-08-13T15:00:18,600,2026-08-15T18:24:07+0700
id-n1-003,mistral-small-3-2501,open-py1,1,1,1,2,2,7,1252,0.0000078100,12,1,2026-08-13T15:00:20,600,2026-08-15T18:24:07+0700
id-n1-004,mistral-small-3-2501,open-py1,1,2,2,1,1,5,837,0.0000075000,10,1,2026-08-13T15:00:22,600,2026-08-15T18:24:07+0700
id-n1-005,mistral-small-3-2501,open-py1,1,0,0,0,0,6,1028,0.0000078400,13,0,2026-08-13T15:00:24,600,2026-08-15T18:24:07+0700
id-n1-006,mistral-small-3-2501,open-py1,0,0,0,2,2,7,1250,0.0000078400,13,1,2026-08-13T15:00:26,600,2026-08-15T18:24:07+0700
id-n1-007,mistral-small-3-2501,open-py1,1,2,2,2,2,6,805,0.0000079700,14,1,2026-08-13T15:00:28,600,2026-08-15T18:24:07+0700
id-n1-008,mistral-small-3-2501,open-py1,1,1,1,1,1,6,1895,0.0000076600,12,0,2026-08-13T15:00:31,600,2026-08-15T18:24:07+0700
id-n1-009,mistral-small-3-2501,open-py1,0,0,0,1,2,5,1144,0.0000079200,14,1,2026-08-13T15:00:33,600,2026-08-15T18:24:07+0700
id-n1-010,mistral-small-3-2501,open-py1,1,0,0,1,1,7,1433,0.0000078100,12,0,2026-08-13T15:00:35,600,2026-08-15T18:24:07+0700
id-n1-011,mistral-small-3-2501,open-py1,1,2,2,1,1,6,1054,0.0000076300,11,0,2026-08-13T15:00:37,600,2026-08-15T18:24:07+0700
id-n1-012,mistral-small-3-2501,open-py1,0,1,4,0,0,7,1129,0.0000080200,14,0,2026-08-13T15:00:39,600,2026-08-15T18:24:07+0700
id-n1-013,mistral-small-3-2501,open-py1,0,0,3,1,1,7,859,0.0000079200,14,0,2026-08-13T15:00:41,600,2026-08-15T18:24:07+0700
id-n1-014,mistral-small-3-2501,open-py1,0,0,1,2,2,8,1753,0.0000084900,18,0,2026-08-13T15:00:44,600,2026-08-15T18:24:07+0700
id-n1-015,mistral-small-3-2501,open-py1,0,0,0,0,0,6,1162,0.0000076900,13,1,2026-08-13T15:00:46,600,2026-08-15T18:24:07+0700
id-n1-016,mistral-small-3-2501,open-py1,1,1,1,2,2,6,1276,0.0000076300,11,0,2026-08-13T15:00:48,600,2026-08-15T18:24:07+0700
id-n1-017,mistral-small-3-2501,open-py1,0,2,2,0,0,6,962,0.0000076600,12,0,2026-08-13T15:00:50,600,2026-08-15T18:24:07+0700
id-n1-018,mistral-small-3-2501,open-py1,0,0,1,3,3,6,1033,0.0000077100,12,0,2026-08-13T15:00:52,600,2026-08-15T18:24:07+0700
id-n1-019,mistral-small-3-2501,open-py1,1,0,0,1,1,6,1048,0.0000079900,13,0,2026-08-13T15:00:55,600,2026-08-15T18:24:07+0700
id-n1-020,mistral-small-3-2501,open-py1,0,3,3,1,3,5,776,0.0000078900,13,1,2026-08-13T15:00:56,600,2026-08-15T18:24:07+0700
id-n1-021,mistral-small-3-2501,open-py1,0,0,1,2,2,6,960,0.0000077100,12,0,2026-08-13T15:00:58,600,2026-08-15T18:24:07+0700
id-n1-022,mistral-small-3-2501,open-py1,0,1,1,2,3,6,1783,0.0000076800,11,0,2026-08-13T15:01:01,600,2026-08-15T18:24:07+0700
id-n1-023,mistral-small-3-2501,open-py1,1,1,1,1,1,4,1864,0.0000071900,8,1,2026-08-13T15:01:04,600,2026-08-15T18:24:07+0700
id-n1-024,mistral-small-3-2501,open-py1,0,0,0,1,2,6,646,0.0000077900,13,0,2026-08-13T15:01:06,600,2026-08-15T18:24:07+0700
id-n1-025,mistral-small-3-2501,open-py1,1,1,1,3,3,7,824,0.0000077400,13,0,2026-08-13T15:01:07,600,2026-08-15T18:24:07+0700
id-n1-026,mistral-small-3-2501,open-py1,0,0,0,1,1,6,712,0.0000077400,13,0,2026-08-13T15:01:09,600,2026-08-15T18:24:07+0700
id-n1-027,mistral-small-3-2501,open-py1,0,0,0,2,3,6,756,0.0000077900,13,0,2026-08-13T15:01:11,600,2026-08-15T18:24:07+0700
id-n1-028,mistral-small-3-2501,open-py1,0,1,1,2,2,9,1109,0.0000080200,14,0,2026-08-13T15:01:13,600,2026-08-15T18:24:07+0700
id-n1-029,mistral-small-3-2501,open-py1,0,0,0,2,2,4,782,0.0000078400,13,0,2026-08-13T15:01:15,600,2026-08-15T18:24:07+0700
id-n1-030,mistral-small-3-2501,open-py1,1,1,1,0,0,6,684,0.0000077600,12,0,2026-08-13T15:01:16,600,2026-08-15T18:24:07+0700
id-n1-031,mistral-small-3-2501,open-py1,1,1,1,2,2,7,749,0.0000075300,11,1,2026-08-13T15:01:18,600,2026-08-15T18:24:07+0700
id-n1-032,mistral-small-3-2501,open-py1,1,0,0,1,1,5,1033,0.0000073200,9,0,2026-08-13T15:01:20,600,2026-08-15T18:24:07+0700
id-n1-033,mistral-small-3-2501,open-py1,0,0,1,1,1,5,1335,0.0000077400,13,0,2026-08-13T15:01:23,600,2026-08-15T18:24:07+0700
id-n1-034,mistral-small-3-2501,open-py1,0,0,0,1,2,7,1463,0.0000078900,13,1,2026-08-13T15:01:25,600,2026-08-15T18:24:07+0700
id-n1-035,mistral-small-3-2501,open-py1,1,0,0,0,0,7,1213,0.0000080800,16,0,2026-08-13T15:01:27,600,2026-08-15T18:24:07+0700
id-n1-036,mistral-small-3-2501,open-py1,1,0,0,1,1,6,1286,0.0000079200,14,1,2026-08-13T15:01:30,600,2026-08-15T18:24:07+0700
id-n1-037,mistral-small-3-2501,open-py1,0,1,1,1,1,6,696,0.0000076800,11,0,2026-08-13T15:01:31,600,2026-08-15T18:24:07+0700
id-n1-038,mistral-small-3-2501,open-py1,1,0,0,2,2,5,780,0.0000075800,11,0,2026-08-13T15:01:33,600,2026-08-15T18:24:07+0700
id-n1-039,mistral-small-3-2501,open-py1,1,1,1,0,0,6,685,0.0000076300,11,0,2026-08-13T15:01:35,600,2026-08-15T18:24:07+0700
id-n1-040,mistral-small-3-2501,open-py1,1,1,1,1,1,5,1589,0.0000075800,11,0,2026-08-13T15:01:37,600,2026-08-15T18:24:07+0700
id-n1-041,mistral-small-3-2501,open-py1,1,0,0,2,2,6,756,0.0000078400,13,1,2026-08-13T15:01:39,600,2026-08-15T18:24:07+0700
id-n1-042,mistral-small-3-2501,open-py1,1,1,1,3,3,6,997,0.0000078400,13,1,2026-08-13T15:01:41,600,2026-08-15T18:24:07+0700
id-n1-043,mistral-small-3-2501,open-py1,0,1,1,0,1,6,1005,0.0000076000,10,0,2026-08-13T15:01:43,600,2026-08-15T18:24:07+0700
id-n1-044,mistral-small-3-2501,open-py1,0,0,0,1,3,6,4590,0.0000080500,15,0,2026-08-13T15:01:49,600,2026-08-15T18:24:07+0700
id-n1-045,mistral-small-3-2501,open-py1,0,1,1,3,3,7,864,0.0000080500,15,0,2026-08-13T15:01:51,600,2026-08-15T18:24:07+0700
id-n1-046,mistral-small-3-2501,open-py1,1,0,0,1,1,5,669,0.0000075800,11,1,2026-08-13T15:01:52,600,2026-08-15T18:24:07+0700
id-n1-047,mistral-small-3-2501,open-py1,1,0,0,3,3,6,742,0.0000082300,16,0,2026-08-13T15:01:54,600,2026-08-15T18:24:07+0700
id-n1-048,mistral-small-3-2501,open-py1,0,0,1,2,2,4,729,0.0000073200,9,0,2026-08-13T15:01:56,600,2026-08-15T18:24:07+0700
id-n1-049,mistral-small-3-2501,open-py1,1,1,1,0,0,6,661,0.0000077900,13,0,2026-08-13T15:01:57,600,2026-08-15T18:24:07+0700
id-n1-050,mistral-small-3-2501,open-py1,0,0,0,0,0,5,697,0.0000076100,12,1,2026-08-13T15:01:59,600,2026-08-15T18:24:07+0700
id-n1-051,mistral-small-3-2501,open-py1,0,0,0,1,1,7,1651,0.0000076300,11,0,2026-08-13T15:02:02,600,2026-08-15T18:24:07+0700
id-n1-052,mistral-small-3-2501,open-py1,1,0,0,2,2,5,802,0.0000077100,12,0,2026-08-13T15:02:04,600,2026-08-15T18:24:07+0700
id-n1-053,mistral-small-3-2501,open-py1,1,1,1,1,1,7,783,0.0000081300,16,1,2026-08-13T15:02:05,600,2026-08-15T18:24:07+0700
id-n1-054,mistral-small-3-2501,open-py1,0,0,0,0,0,7,1238,0.0000080700,14,0,2026-08-13T15:02:08,600,2026-08-15T18:24:07+0700
id-n2-001,mistral-small-3-2501,open-py1,0,0,0,4,5,8,649,0.0000076600,12,0,2026-08-13T15:02:09,600,2026-08-15T18:24:07+0700
id-n2-002,mistral-small-3-2501,open-py1,1,0,0,3,3,7,785,0.0000079200,14,1,2026-08-13T15:02:11,600,2026-08-15T18:24:07+0700
id-n2-003,mistral-small-3-2501,open-py1,0,0,0,2,2,8,802,0.0000074800,11,1,2026-08-13T15:02:13,600,2026-08-15T18:24:07+0700
id-n2-004,mistral-small-3-2501,open-py1,1,0,0,6,6,6,800,0.0000074000,10,0,2026-08-13T15:02:15,600,2026-08-15T18:24:07+0700
id-n2-005,mistral-small-3-2501,open-py1,1,0,0,6,6,6,846,0.0000076600,12,0,2026-08-13T15:02:17,600,2026-08-15T18:24:07+0700
id-n2-006,mistral-small-3-2501,open-py1,1,0,0,1,1,7,959,0.0000076600,12,1,2026-08-13T15:02:19,600,2026-08-15T18:24:07+0700
id-n2-007,mistral-small-3-2501,open-py1,1,0,0,2,2,6,1776,0.0000076600,12,0,2026-08-13T15:02:21,600,2026-08-15T18:24:07+0700
id-n2-008,mistral-small-3-2501,open-py1,1,0,0,1,1,7,940,0.0000081800,16,0,2026-08-13T15:02:23,600,2026-08-15T18:24:07+0700
id-n2-009,mistral-small-3-2501,open-py1,1,0,0,3,3,7,1699,0.0000076600,12,0,2026-08-13T15:02:26,600,2026-08-15T18:24:07+0700
id-n2-010,mistral-small-3-2501,open-py1,1,0,0,4,4,6,1146,0.0000080500,15,0,2026-08-13T15:02:28,600,2026-08-15T18:24:07+0700
id-n2-011,mistral-small-3-2501,open-py1,1,0,0,7,7,7,1046,0.0000075300,11,1,2026-08-13T15:02:30,600,2026-08-15T18:24:07+0700
id-n2-012,mistral-small-3-2501,open-py1,1,0,0,3,3,6,754,0.0000084400,18,0,2026-08-13T15:02:32,600,2026-08-15T18:24:07+0700
id-n2-013,mistral-small-3-2501,open-py1,1,0,0,1,1,5,1765,0.0000075300,11,0,2026-08-13T15:02:35,600,2026-08-15T18:24:07+0700
id-n2-014,mistral-small-3-2501,open-py1,0,0,0,2,3,6,908,0.0000079700,14,0,2026-08-13T15:02:37,600,2026-08-15T18:24:07+0700
id-n2-015,mistral-small-3-2501,open-py1,1,0,0,2,2,5,692,0.0000076600,12,0,2026-08-13T15:02:38,600,2026-08-15T18:24:07+0700
id-n1-001,mistral-small-3-2501,open-py2,0,0,0,1,1,7,1445,0.0000093400,13,0,2026-08-13T15:56:29,600,2026-08-15T18:24:07+0700
id-n1-002,mistral-small-3-2501,open-py2,1,0,0,1,1,8,727,0.0000097000,15,0,2026-08-13T15:56:31,600,2026-08-15T18:24:07+0700
id-n1-003,mistral-small-3-2501,open-py2,0,0,1,2,2,7,731,0.0000093400,13,1,2026-08-13T15:56:33,600,2026-08-15T18:24:07+0700
id-n1-004,mistral-small-3-2501,open-py2,1,2,2,1,1,5,595,0.0000089500,10,1,2026-08-13T15:56:34,600,2026-08-15T18:24:07+0700
id-n1-005,mistral-small-3-2501,open-py2,1,0,0,0,0,6,697,0.0000092900,13,0,2026-08-13T15:56:36,600,2026-08-15T18:24:07+0700
id-n1-006,mistral-small-3-2501,open-py2,0,0,0,2,2,7,667,0.0000092900,13,1,2026-08-13T15:56:38,600,2026-08-15T18:24:07+0700
id-n1-007,mistral-small-3-2501,open-py2,1,2,2,2,2,6,1061,0.0000094200,14,1,2026-08-13T15:56:40,600,2026-08-15T18:24:07+0700
id-n1-008,mistral-small-3-2501,open-py2,0,0,1,1,1,6,564,0.0000091900,13,0,2026-08-13T15:56:41,600,2026-08-15T18:24:07+0700
id-n1-009,mistral-small-3-2501,open-py2,0,0,0,1,2,7,1009,0.0000094500,15,1,2026-08-13T15:56:43,600,2026-08-15T18:24:07+0700
id-n1-010,mistral-small-3-2501,open-py2,1,0,0,1,1,7,707,0.0000092600,12,0,2026-08-13T15:56:45,600,2026-08-15T18:24:07+0700
id-n1-011,mistral-small-3-2501,open-py2,0,1,2,1,1,6,735,0.0000090800,11,0,2026-08-13T15:56:47,600,2026-08-15T18:24:07+0700
id-n1-012,mistral-small-3-2501,open-py2,0,2,4,0,0,8,748,0.0000094700,14,0,2026-08-13T15:56:48,600,2026-08-15T18:24:07+0700
id-n1-013,mistral-small-3-2501,open-py2,0,0,3,1,1,7,937,0.0000093700,14,0,2026-08-13T15:56:50,600,2026-08-15T18:24:07+0700
id-n1-014,mistral-small-3-2501,open-py2,0,0,1,2,2,8,705,0.0000099400,18,0,2026-08-13T15:56:52,600,2026-08-15T18:24:07+0700
id-n1-015,mistral-small-3-2501,open-py2,0,0,0,0,0,6,552,0.0000091400,13,1,2026-08-13T15:56:54,600,2026-08-15T18:24:07+0700
id-n1-016,mistral-small-3-2501,open-py2,1,1,1,2,2,6,650,0.0000090800,11,0,2026-08-13T15:56:55,600,2026-08-15T18:24:07+0700
id-n1-017,mistral-small-3-2501,open-py2,0,2,2,0,0,6,978,0.0000091100,12,0,2026-08-13T15:56:57,600,2026-08-15T18:24:07+0700
id-n1-018,mistral-small-3-2501,open-py2,0,0,1,3,3,6,749,0.0000091600,12,0,2026-08-13T15:56:59,600,2026-08-15T18:24:07+0700
id-n1-019,mistral-small-3-2501,open-py2,1,0,0,1,1,6,602,0.0000094400,13,0,2026-08-13T15:57:01,600,2026-08-15T18:24:07+0700
id-n1-020,mistral-small-3-2501,open-py2,0,3,3,2,3,6,737,0.0000095000,15,1,2026-08-13T15:57:02,600,2026-08-15T18:24:07+0700
id-n1-021,mistral-small-3-2501,open-py2,0,0,1,2,2,6,721,0.0000090800,11,0,2026-08-13T15:57:04,600,2026-08-15T18:24:07+0700
id-n1-022,mistral-small-3-2501,open-py2,0,1,1,2,3,6,658,0.0000092100,12,0,2026-08-13T15:57:06,600,2026-08-15T18:24:07+0700
id-n1-023,mistral-small-3-2501,open-py2,0,0,1,1,1,4,630,0.0000087200,9,1,2026-08-13T15:57:07,600,2026-08-15T18:24:07+0700
id-n1-024,mistral-small-3-2501,open-py2,0,0,0,2,2,6,589,0.0000092400,13,0,2026-08-13T15:57:09,600,2026-08-15T18:24:07+0700
id-n1-025,mistral-small-3-2501,open-py2,1,1,1,3,3,7,2353,0.0000091900,13,0,2026-08-13T15:57:12,600,2026-08-15T18:24:07+0700
id-n1-026,mistral-small-3-2501,open-py2,0,0,0,1,1,6,1193,0.0000091900,13,0,2026-08-13T15:57:15,600,2026-08-15T18:24:07+0700
id-n1-027,mistral-small-3-2501,open-py2,1,0,0,3,3,6,602,0.0000090800,11,0,2026-08-13T15:57:16,600,2026-08-15T18:24:07+0700
id-n1-028,mistral-small-3-2501,open-py2,0,1,1,2,2,9,645,0.0000094700,14,0,2026-08-13T15:57:18,600,2026-08-15T18:24:07+0700
id-n1-029,mistral-small-3-2501,open-py2,0,0,0,2,2,4,636,0.0000092900,13,0,2026-08-13T15:57:19,600,2026-08-15T18:24:07+0700
id-n1-030,mistral-small-3-2501,open-py2,1,1,1,0,0,6,695,0.0000092100,12,0,2026-08-13T15:57:21,600,2026-08-15T18:24:07+0700
id-n1-031,mistral-small-3-2501,open-py2,1,1,1,2,2,7,628,0.0000089800,11,1,2026-08-13T15:57:23,600,2026-08-15T18:24:07+0700
id-n1-032,mistral-small-3-2501,open-py2,1,0,0,1,1,5,609,0.0000087700,9,0,2026-08-13T15:57:24,600,2026-08-15T18:24:07+0700
id-n1-033,mistral-small-3-2501,open-py2,0,0,1,1,1,5,666,0.0000091900,13,0,2026-08-13T15:57:26,600,2026-08-15T18:24:07+0700
id-n1-034,mistral-small-3-2501,open-py2,1,0,0,2,2,7,692,0.0000092600,12,1,2026-08-13T15:57:28,600,2026-08-15T18:24:07+0700
id-n1-035,mistral-small-3-2501,open-py2,1,0,0,0,0,7,719,0.0000095300,16,0,2026-08-13T15:57:30,600,2026-08-15T18:24:07+0700
id-n1-036,mistral-small-3-2501,open-py2,1,0,0,1,1,6,652,0.0000093700,14,1,2026-08-13T15:57:31,600,2026-08-15T18:24:07+0700
id-n1-037,mistral-small-3-2501,open-py2,0,0,1,1,1,7,659,0.0000093700,14,0,2026-08-13T15:57:33,600,2026-08-15T18:24:07+0700
id-n1-038,mistral-small-3-2501,open-py2,1,0,0,2,2,5,628,0.0000090300,11,0,2026-08-13T15:57:34,600,2026-08-15T18:24:07+0700
id-n1-039,mistral-small-3-2501,open-py2,1,1,1,0,0,6,613,0.0000090800,11,0,2026-08-13T15:57:36,600,2026-08-15T18:24:07+0700
id-n1-040,mistral-small-3-2501,open-py2,1,1,1,1,1,5,612,0.0000090300,11,0,2026-08-13T15:57:38,600,2026-08-15T18:24:07+0700
id-n1-041,mistral-small-3-2501,open-py2,1,0,0,2,2,6,570,0.0000092900,13,1,2026-08-13T15:57:39,600,2026-08-15T18:24:07+0700
id-n1-042,mistral-small-3-2501,open-py2,0,1,1,3,3,6,730,0.0000092100,12,1,2026-08-13T15:57:41,600,2026-08-15T18:24:07+0700
id-n1-043,mistral-small-3-2501,open-py2,0,1,1,1,1,6,600,0.0000091300,11,0,2026-08-13T15:57:43,600,2026-08-15T18:24:07+0700
id-n1-044,mistral-small-3-2501,open-py2,0,0,0,2,3,6,643,0.0000094200,14,0,2026-08-13T15:57:44,600,2026-08-15T18:24:07+0700
id-n1-045,mistral-small-3-2501,open-py2,0,1,1,3,3,8,619,0.0000093400,13,0,2026-08-13T15:57:46,600,2026-08-15T18:24:07+0700
id-n1-046,mistral-small-3-2501,open-py2,1,0,0,1,1,5,594,0.0000090300,11,1,2026-08-13T15:57:48,600,2026-08-15T18:24:07+0700
id-n1-047,mistral-small-3-2501,open-py2,1,0,0,3,3,6,580,0.0000096800,16,0,2026-08-13T15:57:49,600,2026-08-15T18:24:07+0700
id-n1-048,mistral-small-3-2501,open-py2,0,0,1,2,2,4,572,0.0000087700,9,0,2026-08-13T15:57:51,600,2026-08-15T18:24:07+0700
id-n1-049,mistral-small-3-2501,open-py2,1,1,1,0,0,6,984,0.0000092400,13,0,2026-08-13T15:57:53,600,2026-08-15T18:24:07+0700
id-n1-050,mistral-small-3-2501,open-py2,0,0,0,0,0,5,578,0.0000090600,12,1,2026-08-13T15:57:54,600,2026-08-15T18:24:07+0700
id-n1-051,mistral-small-3-2501,open-py2,0,0,0,1,1,7,1017,0.0000090800,11,0,2026-08-13T15:57:56,600,2026-08-15T18:24:07+0700
id-n1-052,mistral-small-3-2501,open-py2,1,0,0,2,2,5,562,0.0000091600,12,0,2026-08-13T15:57:58,600,2026-08-15T18:24:07+0700
id-n1-053,mistral-small-3-2501,open-py2,0,0,1,1,1,7,614,0.0000095000,15,1,2026-08-13T15:57:59,600,2026-08-15T18:24:07+0700
id-n1-054,mistral-small-3-2501,open-py2,0,0,0,0,0,7,682,0.0000095200,14,0,2026-08-13T15:58:01,600,2026-08-15T18:24:07+0700
id-n2-001,mistral-small-3-2501,open-py2,1,0,0,5,5,8,629,0.0000091100,12,0,2026-08-13T15:58:03,600,2026-08-15T18:24:07+0700
id-n2-002,mistral-small-3-2501,open-py2,1,0,0,3,3,7,629,0.0000093700,14,1,2026-08-13T15:58:04,600,2026-08-15T18:24:07+0700
id-n2-003,mistral-small-3-2501,open-py2,1,0,0,2,2,7,1089,0.0000088500,10,1,2026-08-13T15:58:07,600,2026-08-15T18:24:07+0700
id-n2-004,mistral-small-3-2501,open-py2,1,0,0,6,6,6,581,0.0000088500,10,0,2026-08-13T15:58:08,600,2026-08-15T18:24:07+0700
id-n2-005,mistral-small-3-2501,open-py2,1,0,0,6,6,6,819,0.0000091100,12,0,2026-08-13T15:58:10,600,2026-08-15T18:24:07+0700
id-n2-006,mistral-small-3-2501,open-py2,1,0,0,1,1,7,1892,0.0000091100,12,1,2026-08-13T15:58:13,600,2026-08-15T18:24:07+0700
id-n2-007,mistral-small-3-2501,open-py2,1,0,0,2,2,6,600,0.0000091100,12,0,2026-08-13T15:58:14,600,2026-08-15T18:24:07+0700
id-n2-008,mistral-small-3-2501,open-py2,1,0,0,1,1,7,597,0.0000096300,16,0,2026-08-13T15:58:16,600,2026-08-15T18:24:07+0700
id-n2-009,mistral-small-3-2501,open-py2,1,0,0,3,3,7,576,0.0000091100,12,0,2026-08-13T15:58:18,600,2026-08-15T18:24:07+0700
id-n2-010,mistral-small-3-2501,open-py2,1,0,0,4,4,6,642,0.0000095000,15,0,2026-08-13T15:58:19,600,2026-08-15T18:24:07+0700
id-n2-011,mistral-small-3-2501,open-py2,1,0,0,7,7,7,644,0.0000089800,11,1,2026-08-13T15:58:21,600,2026-08-15T18:24:07+0700
id-n2-012,mistral-small-3-2501,open-py2,1,0,0,3,3,6,702,0.0000098900,18,0,2026-08-13T15:58:23,600,2026-08-15T18:24:07+0700
id-n2-013,mistral-small-3-2501,open-py2,1,0,0,1,1,5,586,0.0000089800,11,0,2026-08-13T15:58:24,600,2026-08-15T18:24:07+0700
id-n2-014,mistral-small-3-2501,open-py2,1,0,0,3,3,6,614,0.0000095000,15,0,2026-08-13T15:58:26,600,2026-08-15T18:24:07+0700
id-n2-015,mistral-small-3-2501,open-py2,1,0,0,2,2,5,691,0.0000091100,12,0,2026-08-13T15:58:28,600,2026-08-15T18:24:07+0700
id-n1-001,mistral-small-3-2501,open-py3,0,0,0,1,1,7,1259,0.0000087400,13,0,2026-08-13T18:02:47,600,2026-08-15T18:24:07+0700
id-n1-002,mistral-small-3-2501,open-py3,1,0,0,1,1,8,837,0.0000091000,15,0,2026-08-13T18:02:48,600,2026-08-15T18:24:07+0700
id-n1-003,mistral-small-3-2501,open-py3,1,1,1,2,2,7,692,0.0000086600,12,1,2026-08-13T18:02:50,600,2026-08-15T18:24:07+0700
id-n1-004,mistral-small-3-2501,open-py3,1,2,2,1,1,5,633,0.0000083500,10,1,2026-08-13T18:02:52,600,2026-08-15T18:24:07+0700
id-n1-005,mistral-small-3-2501,open-py3,1,0,0,0,0,6,597,0.0000086900,13,0,2026-08-13T18:02:53,600,2026-08-15T18:24:07+0700
id-n1-006,mistral-small-3-2501,open-py3,0,0,0,2,2,7,636,0.0000086900,13,1,2026-08-13T18:02:55,600,2026-08-15T18:24:07+0700
id-n1-007,mistral-small-3-2501,open-py3,1,2,2,2,2,6,607,0.0000088200,14,1,2026-08-13T18:02:57,600,2026-08-15T18:24:07+0700
id-n1-008,mistral-small-3-2501,open-py3,1,1,1,1,1,6,1000,0.0000085100,12,0,2026-08-13T18:02:59,600,2026-08-15T18:24:07+0700
id-n1-009,mistral-small-3-2501,open-py3,0,0,0,1,2,5,671,0.0000086900,13,1,2026-08-13T18:03:00,600,2026-08-15T18:24:07+0700
id-n1-010,mistral-small-3-2501,open-py3,1,0,0,1,1,7,2247,0.0000086600,12,0,2026-08-13T18:03:04,600,2026-08-15T18:24:07+0700
id-n1-011,mistral-small-3-2501,open-py3,1,2,2,1,1,6,646,0.0000084800,11,0,2026-08-13T18:03:05,600,2026-08-15T18:24:07+0700
id-n1-012,mistral-small-3-2501,open-py3,0,2,4,0,0,8,621,0.0000089500,15,0,2026-08-13T18:03:07,600,2026-08-15T18:24:07+0700
id-n1-013,mistral-small-3-2501,open-py3,0,0,3,1,1,7,1088,0.0000086900,13,0,2026-08-13T18:03:09,600,2026-08-15T18:24:07+0700
id-n1-014,mistral-small-3-2501,open-py3,0,0,1,2,2,8,673,0.0000093400,18,0,2026-08-13T18:03:11,600,2026-08-15T18:24:07+0700
id-n1-015,mistral-small-3-2501,open-py3,0,0,0,0,0,6,740,0.0000085400,13,1,2026-08-13T18:03:12,600,2026-08-15T18:24:07+0700
id-n1-016,mistral-small-3-2501,open-py3,1,1,1,2,2,6,619,0.0000084800,11,0,2026-08-13T18:03:14,600,2026-08-15T18:24:07+0700
id-n1-017,mistral-small-3-2501,open-py3,0,2,2,0,0,6,687,0.0000085100,12,0,2026-08-13T18:03:16,600,2026-08-15T18:24:07+0700
id-n1-018,mistral-small-3-2501,open-py3,0,0,1,3,3,6,701,0.0000085600,12,0,2026-08-13T18:03:17,600,2026-08-15T18:24:07+0700
id-n1-019,mistral-small-3-2501,open-py3,1,0,0,1,1,6,738,0.0000088400,13,0,2026-08-13T18:03:19,600,2026-08-15T18:24:07+0700
id-n1-020,mistral-small-3-2501,open-py3,0,3,3,2,3,6,759,0.0000089800,16,1,2026-08-13T18:03:21,600,2026-08-15T18:24:07+0700
id-n1-021,mistral-small-3-2501,open-py3,0,0,1,2,2,6,1018,0.0000086400,13,0,2026-08-13T18:03:23,600,2026-08-15T18:24:07+0700
id-n1-022,mistral-small-3-2501,open-py3,0,1,1,2,3,6,563,0.0000086100,12,0,2026-08-13T18:03:24,600,2026-08-15T18:24:07+0700
id-n1-023,mistral-small-3-2501,open-py3,1,1,1,1,1,4,536,0.0000080400,8,1,2026-08-13T18:03:26,600,2026-08-15T18:24:07+0700
id-n1-024,mistral-small-3-2501,open-py3,0,0,0,2,2,6,659,0.0000086400,13,0,2026-08-13T18:03:28,600,2026-08-15T18:24:07+0700
id-n1-025,mistral-small-3-2501,open-py3,1,1,1,3,3,7,1036,0.0000085900,13,0,2026-08-13T18:03:30,600,2026-08-15T18:24:07+0700
id-n1-026,mistral-small-3-2501,open-py3,0,0,0,1,1,6,639,0.0000085900,13,0,2026-08-13T18:03:31,600,2026-08-15T18:24:07+0700
id-n1-027,mistral-small-3-2501,open-py3,0,0,0,2,3,6,632,0.0000086400,13,0,2026-08-13T18:03:33,600,2026-08-15T18:24:07+0700
id-n1-028,mistral-small-3-2501,open-py3,0,1,1,2,2,9,709,0.0000088700,14,0,2026-08-13T18:03:35,600,2026-08-15T18:24:07+0700
id-n1-029,mistral-small-3-2501,open-py3,0,0,0,2,2,4,625,0.0000086900,13,0,2026-08-13T18:03:36,600,2026-08-15T18:24:07+0700
id-n1-030,mistral-small-3-2501,open-py3,1,1,1,0,0,6,551,0.0000086100,12,0,2026-08-13T18:03:38,600,2026-08-15T18:24:07+0700
id-n1-031,mistral-small-3-2501,open-py3,1,1,1,2,2,7,608,0.0000083800,11,1,2026-08-13T18:03:39,600,2026-08-15T18:24:07+0700
id-n1-032,mistral-small-3-2501,open-py3,1,0,0,1,1,5,598,0.0000081700,9,0,2026-08-13T18:03:41,600,2026-08-15T18:24:07+0700
id-n1-033,mistral-small-3-2501,open-py3,0,0,1,1,1,5,646,0.0000085900,13,0,2026-08-13T18:03:43,600,2026-08-15T18:24:07+0700
id-n1-034,mistral-small-3-2501,open-py3,1,0,0,2,2,7,823,0.0000086600,12,1,2026-08-13T18:03:45,600,2026-08-15T18:24:07+0700
id-n1-035,mistral-small-3-2501,open-py3,1,0,0,0,0,7,619,0.0000089300,16,0,2026-08-13T18:03:46,600,2026-08-15T18:24:07+0700
id-n1-036,mistral-small-3-2501,open-py3,1,0,0,1,1,6,2753,0.0000087700,14,1,2026-08-13T18:03:50,600,2026-08-15T18:24:07+0700
id-n1-037,mistral-small-3-2501,open-py3,0,0,1,1,1,7,625,0.0000087700,14,0,2026-08-13T18:03:52,600,2026-08-15T18:24:07+0700
id-n1-038,mistral-small-3-2501,open-py3,1,0,0,2,2,5,567,0.0000084300,11,0,2026-08-13T18:03:53,600,2026-08-15T18:24:07+0700
id-n1-039,mistral-small-3-2501,open-py3,1,1,1,0,0,6,555,0.0000084800,11,0,2026-08-13T18:03:55,600,2026-08-15T18:24:07+0700
id-n1-040,mistral-small-3-2501,open-py3,1,1,1,1,1,5,676,0.0000084300,11,0,2026-08-13T18:03:56,600,2026-08-15T18:24:07+0700
id-n1-041,mistral-small-3-2501,open-py3,1,0,0,2,2,6,617,0.0000086900,13,1,2026-08-13T18:03:58,600,2026-08-15T18:24:07+0700
id-n1-042,mistral-small-3-2501,open-py3,1,1,1,3,3,6,601,0.0000086900,13,1,2026-08-13T18:04:00,600,2026-08-15T18:24:07+0700
id-n1-043,mistral-small-3-2501,open-py3,0,1,1,0,1,7,642,0.0000087700,14,0,2026-08-13T18:04:01,600,2026-08-15T18:24:07+0700
id-n1-044,mistral-small-3-2501,open-py3,0,0,0,1,3,6,689,0.0000089000,15,0,2026-08-13T18:04:03,600,2026-08-15T18:24:07+0700
id-n1-045,mistral-small-3-2501,open-py3,0,1,1,3,3,7,698,0.0000087400,13,0,2026-08-13T18:04:05,600,2026-08-15T18:24:07+0700
id-n1-046,mistral-small-3-2501,open-py3,1,0,0,1,1,5,563,0.0000084300,11,1,2026-08-13T18:04:06,600,2026-08-15T18:24:07+0700
id-n1-047,mistral-small-3-2501,open-py3,0,0,0,2,3,6,638,0.0000090000,15,0,2026-08-13T18:04:08,600,2026-08-15T18:24:07+0700
id-n1-048,mistral-small-3-2501,open-py3,0,0,1,2,2,4,583,0.0000081700,9,0,2026-08-13T18:04:09,600,2026-08-15T18:24:07+0700
id-n1-049,mistral-small-3-2501,open-py3,1,1,1,0,0,6,638,0.0000086400,13,0,2026-08-13T18:04:11,600,2026-08-15T18:24:07+0700
id-n1-050,mistral-small-3-2501,open-py3,0,0,0,0,0,5,606,0.0000083800,11,1,2026-08-13T18:04:13,600,2026-08-15T18:24:07+0700
id-n1-051,mistral-small-3-2501,open-py3,0,0,0,1,1,7,613,0.0000084000,10,0,2026-08-13T18:04:14,600,2026-08-15T18:24:07+0700
id-n1-052,mistral-small-3-2501,open-py3,0,0,0,2,2,5,750,0.0000086400,13,0,2026-08-13T18:04:16,600,2026-08-15T18:24:07+0700
id-n1-053,mistral-small-3-2501,open-py3,1,1,1,1,1,7,920,0.0000089800,16,1,2026-08-13T18:04:18,600,2026-08-15T18:24:07+0700
id-n1-054,mistral-small-3-2501,open-py3,0,0,0,0,0,7,825,0.0000089200,14,0,2026-08-13T18:04:20,600,2026-08-15T18:24:07+0700
id-n2-001,mistral-small-3-2501,open-py3,0,0,0,4,5,8,632,0.0000085100,12,0,2026-08-13T18:04:22,600,2026-08-15T18:24:07+0700
id-n2-002,mistral-small-3-2501,open-py3,1,0,0,3,3,7,708,0.0000087700,14,1,2026-08-13T18:04:23,600,2026-08-15T18:24:07+0700
id-n2-003,mistral-small-3-2501,open-py3,1,0,0,2,2,7,857,0.0000082500,10,1,2026-08-13T18:04:25,600,2026-08-15T18:24:07+0700
id-n2-004,mistral-small-3-2501,open-py3,1,0,0,6,6,6,638,0.0000082500,10,0,2026-08-13T18:04:27,600,2026-08-15T18:24:07+0700
id-n2-005,mistral-small-3-2501,open-py3,1,0,0,6,6,6,1157,0.0000085100,12,0,2026-08-13T18:04:29,600,2026-08-15T18:24:07+0700
id-n2-006,mistral-small-3-2501,open-py3,1,0,0,1,1,7,614,0.0000085100,12,1,2026-08-13T18:04:30,600,2026-08-15T18:24:07+0700
id-n2-007,mistral-small-3-2501,open-py3,1,0,0,2,2,6,680,0.0000085100,12,0,2026-08-13T18:04:32,600,2026-08-15T18:24:07+0700
id-n2-008,mistral-small-3-2501,open-py3,0,0,0,0,1,8,672,0.0000090300,16,0,2026-08-13T18:04:34,600,2026-08-15T18:24:07+0700
id-n2-009,mistral-small-3-2501,open-py3,1,0,0,3,3,7,906,0.0000085100,12,0,2026-08-13T18:04:36,600,2026-08-15T18:24:07+0700
id-n2-010,mistral-small-3-2501,open-py3,1,0,0,4,4,6,1029,0.0000089000,15,0,2026-08-13T18:04:38,600,2026-08-15T18:24:07+0700
id-n2-011,mistral-small-3-2501,open-py3,1,0,0,7,7,7,4302,0.0000083800,11,1,2026-08-13T18:04:43,600,2026-08-15T18:24:07+0700
id-n2-012,mistral-small-3-2501,open-py3,1,0,0,3,3,6,792,0.0000092900,18,0,2026-08-13T18:04:45,600,2026-08-15T18:24:07+0700
id-n2-013,mistral-small-3-2501,open-py3,0,0,0,0,1,5,4325,0.0000083800,11,0,2026-08-13T18:04:50,600,2026-08-15T18:24:07+0700
id-n2-014,mistral-small-3-2501,open-py3,1,0,0,3,3,6,660,0.0000089000,15,0,2026-08-13T18:04:52,600,2026-08-15T18:24:07+0700
id-n2-015,mistral-small-3-2501,open-py3,1,0,0,2,2,5,874,0.0000085100,12,0,2026-08-13T18:04:54,600,2026-08-15T18:24:07+0700
id-n1-001,qwen3-30b-a3b-2507,open-py1,1,0,0,1,1,7,3111,0.0000099248,13,0,2026-08-13T15:28:16,600,2026-08-15T18:24:07+0700
id-n1-002,qwen3-30b-a3b-2507,open-py1,1,0,0,1,1,8,2947,0.0000108895,17,0,2026-08-13T15:28:20,600,2026-08-15T18:24:07+0700
id-n1-003,qwen3-30b-a3b-2507,open-py1,0,1,1,2,2,7,2375,0.0000100210,13,1,2026-08-13T15:28:23,600,2026-08-15T18:24:07+0700
id-n1-004,qwen3-30b-a3b-2507,open-py1,1,2,2,1,1,5,1622,0.0000168900,11,1,2026-08-13T15:28:26,600,2026-08-15T18:24:07+0700
id-n1-005,qwen3-30b-a3b-2507,open-py1,1,0,0,0,0,6,2602,0.0000101178,14,0,2026-08-13T15:28:30,600,2026-08-15T18:24:07+0700
id-n1-006,qwen3-30b-a3b-2507,open-py1,0,0,0,2,2,7,2560,0.0000104558,16,1,2026-08-13T15:28:33,600,2026-08-15T18:24:07+0700
id-n1-007,qwen3-30b-a3b-2507,open-py1,0,1,2,2,2,6,1526,0.0000106002,16,1,2026-08-13T15:28:36,600,2026-08-15T18:24:07+0700
id-n1-008,qwen3-30b-a3b-2507,open-py1,0,1,1,1,1,6,6691,0.0000169800,11,0,2026-08-13T15:28:43,600,2026-08-15T18:24:07+0700
id-n1-009,qwen3-30b-a3b-2507,open-py1,0,0,0,1,2,5,2512,0.0000105039,16,1,2026-08-13T15:28:47,600,2026-08-15T18:24:07+0700
id-n1-010,qwen3-30b-a3b-2507,open-py1,0,0,0,0,1,6,5509,0.0000171600,11,0,2026-08-13T15:28:54,600,2026-08-15T18:24:07+0700
id-n1-011,qwen3-30b-a3b-2507,open-py1,1,2,2,1,1,6,2043,0.0000094905,11,0,2026-08-13T15:28:57,600,2026-08-15T18:24:07+0700
id-n1-012,qwen3-30b-a3b-2507,open-py1,1,4,4,0,0,8,627,0.0000202000,15,0,2026-08-13T15:28:58,600,2026-08-15T18:24:07+0700
id-n1-013,qwen3-30b-a3b-2507,open-py1,0,1,3,1,1,7,1471,0.0000101178,14,0,2026-08-13T15:29:01,600,2026-08-15T18:24:07+0700
id-n1-014,qwen3-30b-a3b-2507,open-py1,0,0,1,2,2,8,1616,0.0000190200,16,0,2026-08-13T15:29:03,600,2026-08-15T18:24:07+0700
id-n1-015,qwen3-30b-a3b-2507,open-py1,0,0,0,0,0,5,2759,0.0000095873,12,1,2026-08-13T15:29:07,600,2026-08-15T18:24:07+0700
id-n1-016,qwen3-30b-a3b-2507,open-py1,1,1,1,2,2,6,2148,0.0000096835,12,0,2026-08-13T15:29:10,600,2026-08-15T18:24:07+0700
id-n1-017,qwen3-30b-a3b-2507,open-py1,0,1,2,0,0,6,3539,0.0000166800,10,0,2026-08-13T15:29:15,600,2026-08-15T18:24:07+0700
id-n1-018,qwen3-30b-a3b-2507,open-py1,0,0,1,3,3,6,988,0.0000195000,14,0,2026-08-13T15:29:17,600,2026-08-15T18:24:07+0700
id-n1-019,qwen3-30b-a3b-2507,open-py1,1,0,0,1,1,6,632,0.0000195000,13,0,2026-08-13T15:29:18,600,2026-08-15T18:24:07+0700
id-n1-020,qwen3-30b-a3b-2507,open-py1,0,3,3,2,3,6,2729,0.0000105521,16,1,2026-08-13T15:29:22,600,2026-08-15T18:24:07+0700
id-n1-021,qwen3-30b-a3b-2507,open-py1,0,0,1,1,2,6,581,0.0000195000,14,0,2026-08-13T15:29:24,600,2026-08-15T18:24:07+0700
id-n1-022,qwen3-30b-a3b-2507,open-py1,0,1,1,2,3,6,670,0.0000193000,13,0,2026-08-13T15:29:25,600,2026-08-15T18:24:07+0700
id-n1-023,qwen3-30b-a3b-2507,open-py1,1,1,1,1,1,4,576,0.0000182000,11,1,2026-08-13T15:29:27,600,2026-08-15T18:24:07+0700
id-n1-024,qwen3-30b-a3b-2507,open-py1,1,0,0,2,2,6,2699,0.0000096354,12,0,2026-08-13T15:29:31,600,2026-08-15T18:24:07+0700
id-n1-025,qwen3-30b-a3b-2507,open-py1,1,1,1,3,3,7,641,0.0000191000,13,0,2026-08-13T15:29:32,600,2026-08-15T18:24:07+0700
id-n1-026,qwen3-30b-a3b-2507,open-py1,0,0,0,1,1,6,595,0.0000189000,12,0,2026-08-13T15:29:34,600,2026-08-15T18:24:07+0700
id-n1-027,qwen3-30b-a3b-2507,open-py1,0,0,0,2,3,6,2128,0.0000098285,13,0,2026-08-13T15:29:37,600,2026-08-15T18:24:07+0700
id-n1-028,qwen3-30b-a3b-2507,open-py1,1,1,1,2,2,9,546,0.0000275600,14,0,2026-08-13T15:29:39,600,2026-08-15T18:24:07+0700
id-n1-029,qwen3-30b-a3b-2507,open-py1,1,0,0,2,2,4,693,0.0000195000,14,0,2026-08-13T15:29:40,600,2026-08-15T18:24:07+0700
id-n1-030,qwen3-30b-a3b-2507,open-py1,1,1,1,0,0,6,833,0.0000190000,12,0,2026-08-13T15:29:42,600,2026-08-15T18:24:07+0700
id-n1-031,qwen3-30b-a3b-2507,open-py1,1,1,1,2,2,7,1833,0.0000096354,12,1,2026-08-13T15:29:45,600,2026-08-15T18:24:07+0700
id-n1-032,qwen3-30b-a3b-2507,open-py1,1,0,0,1,1,5,1629,0.0000091530,10,0,2026-08-13T15:29:48,600,2026-08-15T18:24:07+0700
id-n1-033,qwen3-30b-a3b-2507,open-py1,0,0,1,1,1,5,1127,0.0000101178,14,0,2026-08-13T15:29:50,600,2026-08-15T18:24:07+0700
id-n1-034,qwen3-30b-a3b-2507,open-py1,1,0,0,2,2,7,1780,0.0000099729,13,1,2026-08-13T15:29:53,600,2026-08-15T18:24:07+0700
id-n1-035,qwen3-30b-a3b-2507,open-py1,0,0,0,0,0,7,2752,0.0000103108,15,0,2026-08-13T15:29:56,600,2026-08-15T18:24:07+0700
id-n1-036,qwen3-30b-a3b-2507,open-py1,0,0,0,1,1,6,2812,0.0000105521,16,1,2026-08-13T15:30:00,600,2026-08-15T18:24:07+0700
id-n1-037,qwen3-30b-a3b-2507,open-py1,0,1,1,1,1,7,1736,0.0000179400,13,0,2026-08-13T15:30:03,600,2026-08-15T18:24:07+0700
id-n1-038,qwen3-30b-a3b-2507,open-py1,0,0,0,1,2,5,509,0.0000185000,11,0,2026-08-13T15:30:04,600,2026-08-15T18:24:07+0700
id-n1-039,qwen3-30b-a3b-2507,open-py1,1,1,1,0,0,6,1187,0.0000098766,13,0,2026-08-13T15:30:07,600,2026-08-15T18:24:07+0700
id-n1-040,qwen3-30b-a3b-2507,open-py1,0,1,1,1,1,6,2726,0.0000094423,11,0,2026-08-13T15:30:10,600,2026-08-15T18:24:07+0700
id-n1-041,qwen3-30b-a3b-2507,open-py1,0,0,0,2,2,6,2115,0.0000101660,14,1,2026-08-13T15:30:13,600,2026-08-15T18:24:07+0700
id-n1-042,qwen3-30b-a3b-2507,open-py1,1,1,1,3,3,6,2620,0.0000099248,13,1,2026-08-13T15:30:17,600,2026-08-15T18:24:07+0700
id-n1-043,qwen3-30b-a3b-2507,open-py1,0,1,1,0,1,7,2505,0.0000177600,13,0,2026-08-13T15:30:21,600,2026-08-15T18:24:07+0700
id-n1-044,qwen3-30b-a3b-2507,open-py1,0,0,0,1,3,6,1711,0.0000105521,16,0,2026-08-13T15:30:23,600,2026-08-15T18:24:07+0700
id-n1-045,qwen3-30b-a3b-2507,open-py1,0,1,1,3,3,7,2746,0.0000099729,13,0,2026-08-13T15:30:27,600,2026-08-15T18:24:07+0700
id-n1-046,qwen3-30b-a3b-2507,open-py1,1,0,0,1,1,5,633,0.0000191000,13,1,2026-08-13T15:30:29,600,2026-08-15T18:24:07+0700
id-n1-047,qwen3-30b-a3b-2507,open-py1,1,0,0,3,3,6,579,0.0000197000,14,0,2026-08-13T15:30:30,600,2026-08-15T18:24:07+0700
id-n1-048,qwen3-30b-a3b-2507,open-py1,0,0,1,2,2,4,702,0.0000177000,9,0,2026-08-13T15:30:32,600,2026-08-15T18:24:07+0700
id-n1-049,qwen3-30b-a3b-2507,open-py1,1,1,1,0,0,6,4285,0.0000173700,12,0,2026-08-13T15:30:37,600,2026-08-15T18:24:07+0700
id-n1-050,qwen3-30b-a3b-2507,open-py1,0,0,0,0,0,5,1081,0.0000187000,12,1,2026-08-13T15:30:39,600,2026-08-15T18:24:07+0700
id-n1-051,qwen3-30b-a3b-2507,open-py1,1,0,0,1,1,7,1741,0.0000096835,12,0,2026-08-13T15:30:42,600,2026-08-15T18:24:07+0700
id-n1-052,qwen3-30b-a3b-2507,open-py1,0,0,0,0,2,5,2996,0.0000103108,15,0,2026-08-13T15:30:46,600,2026-08-15T18:24:07+0700
id-n1-053,qwen3-30b-a3b-2507,open-py1,1,1,1,1,1,7,6473,0.0000185400,15,1,2026-08-13T15:30:54,600,2026-08-15T18:24:07+0700
id-n1-054,qwen3-30b-a3b-2507,open-py1,1,0,0,0,0,7,523,0.0000195000,13,0,2026-08-13T15:30:55,600,2026-08-15T18:24:07+0700
id-n2-001,qwen3-30b-a3b-2507,open-py1,1,0,0,5,5,8,2606,0.0000098766,13,0,2026-08-13T15:30:59,600,2026-08-15T18:24:07+0700
id-n2-002,qwen3-30b-a3b-2507,open-py1,1,0,0,3,3,7,2737,0.0000106002,16,1,2026-08-13T15:31:02,600,2026-08-15T18:24:07+0700
id-n2-003,qwen3-30b-a3b-2507,open-py1,1,0,0,2,2,7,2248,0.0000101178,14,1,2026-08-13T15:31:06,600,2026-08-15T18:24:07+0700
id-n2-004,qwen3-30b-a3b-2507,open-py1,1,0,0,6,6,6,5290,0.0000098766,13,0,2026-08-13T15:31:12,600,2026-08-15T18:24:07+0700
id-n2-005,qwen3-30b-a3b-2507,open-py1,1,0,0,6,6,6,2411,0.0000101178,14,0,2026-08-13T15:31:15,600,2026-08-15T18:24:07+0700
id-n2-006,qwen3-30b-a3b-2507,open-py1,1,0,0,1,1,7,3420,0.0000096354,12,1,2026-08-13T15:31:20,600,2026-08-15T18:24:07+0700
id-n2-007,qwen3-30b-a3b-2507,open-py1,1,0,0,2,2,6,1991,0.0000173700,12,0,2026-08-13T15:31:23,600,2026-08-15T18:24:07+0700
id-n2-008,qwen3-30b-a3b-2507,open-py1,1,0,0,1,1,7,1352,0.0000208000,17,0,2026-08-13T15:31:25,600,2026-08-15T18:24:07+0700
id-n2-009,qwen3-30b-a3b-2507,open-py1,1,0,0,3,3,7,2715,0.0000101178,14,0,2026-08-13T15:31:29,600,2026-08-15T18:24:07+0700
id-n2-010,qwen3-30b-a3b-2507,open-py1,1,0,0,4,4,6,1648,0.0000108414,17,0,2026-08-13T15:31:32,600,2026-08-15T18:24:07+0700
id-n2-011,qwen3-30b-a3b-2507,open-py1,1,0,0,7,7,7,3023,0.0000173700,12,1,2026-08-13T15:31:36,600,2026-08-15T18:24:07+0700
id-n2-012,qwen3-30b-a3b-2507,open-py1,1,0,0,3,3,6,3014,0.0000115650,20,0,2026-08-13T15:31:40,600,2026-08-15T18:24:07+0700
id-n2-013,qwen3-30b-a3b-2507,open-py1,1,0,0,1,1,5,2238,0.0000093942,11,0,2026-08-13T15:31:43,600,2026-08-15T18:24:07+0700
id-n2-014,qwen3-30b-a3b-2507,open-py1,1,0,0,3,3,6,1997,0.0000108414,17,0,2026-08-13T15:31:46,600,2026-08-15T18:24:07+0700
id-n2-015,qwen3-30b-a3b-2507,open-py1,1,0,0,2,2,5,1907,0.0000103590,15,0,2026-08-13T15:31:49,600,2026-08-15T18:24:07+0700
id-n1-001,qwen3-30b-a3b-2507,open-py2,1,0,0,1,1,7,1762,0.0000115619,13,0,2026-08-13T16:06:05,600,2026-08-15T18:24:07+0700
id-n1-002,qwen3-30b-a3b-2507,open-py2,1,0,0,1,1,8,632,0.0000243000,17,0,2026-08-13T16:06:07,600,2026-08-15T18:24:07+0700
id-n1-003,qwen3-30b-a3b-2507,open-py2,0,1,1,2,2,7,2473,0.0000116581,13,1,2026-08-13T16:06:11,600,2026-08-15T18:24:07+0700
id-n1-004,qwen3-30b-a3b-2507,open-py2,1,2,2,1,1,5,2887,0.0000112244,12,1,2026-08-13T16:06:14,600,2026-08-15T18:24:07+0700
id-n1-005,qwen3-30b-a3b-2507,open-py2,1,0,0,0,0,6,436,0.0000312000,13,0,2026-08-13T16:06:16,600,2026-08-15T18:24:07+0700
id-n1-006,qwen3-30b-a3b-2507,open-py2,1,0,0,2,2,7,1245,0.0000305500,12,1,2026-08-13T16:06:18,600,2026-08-15T18:24:07+0700
id-n1-007,qwen3-30b-a3b-2507,open-py2,0,1,2,2,2,6,1714,0.0000122373,16,1,2026-08-13T16:06:21,600,2026-08-15T18:24:07+0700
id-n1-008,qwen3-30b-a3b-2507,open-py2,0,0,1,1,1,6,670,0.0000225000,13,0,2026-08-13T16:06:23,600,2026-08-15T18:24:07+0700
id-n1-009,qwen3-30b-a3b-2507,open-py2,0,0,0,1,2,5,678,0.0000233000,15,1,2026-08-13T16:06:24,600,2026-08-15T18:24:07+0700
id-n1-010,qwen3-30b-a3b-2507,open-py2,0,0,0,0,1,6,2301,0.0000113688,12,0,2026-08-13T16:06:28,600,2026-08-15T18:24:07+0700
id-n1-011,qwen3-30b-a3b-2507,open-py2,0,1,2,1,1,6,5812,0.0000223000,12,0,2026-08-13T16:06:34,600,2026-08-15T18:24:07+0700
id-n1-012,qwen3-30b-a3b-2507,open-py2,0,0,4,0,0,8,926,0.0000242000,17,0,2026-08-13T16:06:36,600,2026-08-15T18:24:07+0700
id-n1-013,qwen3-30b-a3b-2507,open-py2,0,0,3,1,1,7,1652,0.0000211200,14,0,2026-08-13T16:06:39,600,2026-08-15T18:24:07+0700
id-n1-014,qwen3-30b-a3b-2507,open-py2,0,0,1,2,2,8,2168,0.0000125266,17,0,2026-08-13T16:06:42,600,2026-08-15T18:24:07+0700
id-n1-015,qwen3-30b-a3b-2507,open-py2,0,0,0,0,0,5,1872,0.0000112244,12,1,2026-08-13T16:06:45,600,2026-08-15T18:24:07+0700
id-n1-016,qwen3-30b-a3b-2507,open-py2,1,1,1,2,2,6,1844,0.0000113206,12,0,2026-08-13T16:06:48,600,2026-08-15T18:24:07+0700
id-n1-017,qwen3-30b-a3b-2507,open-py2,0,1,2,0,0,6,1021,0.0000110794,11,0,2026-08-13T16:06:50,600,2026-08-15T18:24:07+0700
id-n1-018,qwen3-30b-a3b-2507,open-py2,0,0,1,3,3,6,959,0.0000115137,13,0,2026-08-13T16:06:52,600,2026-08-15T18:24:07+0700
id-n1-019,qwen3-30b-a3b-2507,open-py2,1,0,0,1,1,6,2052,0.0000116581,13,0,2026-08-13T16:06:55,600,2026-08-15T18:24:07+0700
id-n1-020,qwen3-30b-a3b-2507,open-py2,0,3,3,2,3,6,790,0.0000121892,16,1,2026-08-13T16:06:57,600,2026-08-15T18:24:07+0700
id-n1-021,qwen3-30b-a3b-2507,open-py2,0,0,1,2,2,6,558,0.0000229000,14,0,2026-08-13T16:06:58,600,2026-08-15T18:24:07+0700
id-n1-022,qwen3-30b-a3b-2507,open-py2,0,1,1,2,3,6,1145,0.0000230000,14,0,2026-08-13T16:07:00,600,2026-08-15T18:24:07+0700
id-n1-023,qwen3-30b-a3b-2507,open-py2,1,1,1,1,1,4,1232,0.0000109350,11,1,2026-08-13T16:07:03,600,2026-08-15T18:24:07+0700
id-n1-024,qwen3-30b-a3b-2507,open-py2,1,0,0,2,2,6,2905,0.0000112725,12,0,2026-08-13T16:07:07,600,2026-08-15T18:24:07+0700
id-n1-025,qwen3-30b-a3b-2507,open-py2,1,1,1,3,3,7,2369,0.0000114656,13,0,2026-08-13T16:07:10,600,2026-08-15T18:24:07+0700
id-n1-026,qwen3-30b-a3b-2507,open-py2,0,0,0,1,1,6,2510,0.0000113206,12,0,2026-08-13T16:07:14,600,2026-08-15T18:24:07+0700
id-n1-027,qwen3-30b-a3b-2507,open-py2,0,0,0,2,3,6,370,0.0000304200,12,0,2026-08-13T16:07:15,600,2026-08-15T18:24:07+0700
id-n1-028,qwen3-30b-a3b-2507,open-py2,1,1,1,2,2,9,2447,0.0000120443,15,0,2026-08-13T16:07:18,600,2026-08-15T18:24:07+0700
id-n1-029,qwen3-30b-a3b-2507,open-py2,1,0,0,2,2,4,1465,0.0000117067,14,0,2026-08-13T16:07:21,600,2026-08-15T18:24:07+0700
id-n1-030,qwen3-30b-a3b-2507,open-py2,1,1,1,0,0,6,2933,0.0000113688,12,0,2026-08-13T16:07:25,600,2026-08-15T18:24:07+0700
id-n1-031,qwen3-30b-a3b-2507,open-py2,1,1,1,2,2,7,1300,0.0000112725,12,1,2026-08-13T16:07:27,600,2026-08-15T18:24:07+0700
id-n1-032,qwen3-30b-a3b-2507,open-py2,1,0,0,1,1,5,2316,0.0000107901,10,0,2026-08-13T16:07:30,600,2026-08-15T18:24:07+0700
id-n1-033,qwen3-30b-a3b-2507,open-py2,0,0,1,1,1,5,1656,0.0000117549,14,0,2026-08-13T16:07:33,600,2026-08-15T18:24:07+0700
id-n1-034,qwen3-30b-a3b-2507,open-py2,1,0,0,2,2,7,792,0.0000228000,13,1,2026-08-13T16:07:35,600,2026-08-15T18:24:07+0700
id-n1-035,qwen3-30b-a3b-2507,open-py2,0,0,0,0,0,6,2176,0.0000117549,14,0,2026-08-13T16:07:38,600,2026-08-15T18:24:07+0700
id-n1-036,qwen3-30b-a3b-2507,open-py2,1,0,0,1,1,6,1273,0.0000119961,15,1,2026-08-13T16:07:40,600,2026-08-15T18:24:07+0700
id-n1-037,qwen3-30b-a3b-2507,open-py2,0,1,1,1,1,7,804,0.0000232000,14,0,2026-08-13T16:07:42,600,2026-08-15T18:24:07+0700
id-n1-038,qwen3-30b-a3b-2507,open-py2,1,0,0,2,2,5,1015,0.0000110794,11,0,2026-08-13T16:07:44,600,2026-08-15T18:24:07+0700
id-n1-039,qwen3-30b-a3b-2507,open-py2,1,1,1,0,0,6,2738,0.0000115137,13,0,2026-08-13T16:07:48,600,2026-08-15T18:24:07+0700
id-n1-040,qwen3-30b-a3b-2507,open-py2,1,1,1,1,1,5,1508,0.0000197400,10,0,2026-08-13T16:07:50,600,2026-08-15T18:24:07+0700
id-n1-041,qwen3-30b-a3b-2507,open-py2,1,0,0,2,2,6,1323,0.0000119961,15,1,2026-08-13T16:07:53,600,2026-08-15T18:24:07+0700
id-n1-042,qwen3-30b-a3b-2507,open-py2,1,1,1,3,3,6,418,0.0000306800,12,1,2026-08-13T16:07:54,600,2026-08-15T18:24:07+0700
id-n1-043,qwen3-30b-a3b-2507,open-py2,0,1,1,0,1,6,618,0.0000233000,15,0,2026-08-13T16:07:56,600,2026-08-15T18:24:07+0700
id-n1-044,qwen3-30b-a3b-2507,open-py2,1,0,0,3,3,6,757,0.0000234000,15,0,2026-08-13T16:07:58,600,2026-08-15T18:24:07+0700
id-n1-045,qwen3-30b-a3b-2507,open-py2,1,1,1,3,3,7,1873,0.0000118031,14,0,2026-08-13T16:08:00,600,2026-08-15T18:24:07+0700
id-n1-046,qwen3-30b-a3b-2507,open-py2,1,0,0,1,1,5,2619,0.0000114656,13,1,2026-08-13T16:08:04,600,2026-08-15T18:24:07+0700
id-n1-047,qwen3-30b-a3b-2507,open-py2,1,0,0,3,3,6,2601,0.0000118031,14,0,2026-08-13T16:08:08,600,2026-08-15T18:24:07+0700
id-n1-048,qwen3-30b-a3b-2507,open-py2,0,0,1,2,2,5,2455,0.0000107901,10,0,2026-08-13T16:08:11,600,2026-08-15T18:24:07+0700
id-n1-049,qwen3-30b-a3b-2507,open-py2,1,1,1,0,0,6,2655,0.0000115137,13,0,2026-08-13T16:08:15,600,2026-08-15T18:24:07+0700
id-n1-050,qwen3-30b-a3b-2507,open-py2,0,0,0,0,0,5,2240,0.0000112244,12,1,2026-08-13T16:08:18,600,2026-08-15T18:24:07+0700
id-n1-051,qwen3-30b-a3b-2507,open-py2,0,0,0,1,1,7,457,0.0000300300,11,0,2026-08-13T16:08:20,600,2026-08-15T18:24:07+0700
id-n1-052,qwen3-30b-a3b-2507,open-py2,1,0,0,2,2,5,2913,0.0000117549,14,0,2026-08-13T16:08:23,600,2026-08-15T18:24:07+0700
id-n1-053,qwen3-30b-a3b-2507,open-py2,0,0,1,1,1,7,365,0.0000325000,15,1,2026-08-13T16:08:25,600,2026-08-15T18:24:07+0700
id-n1-054,qwen3-30b-a3b-2507,open-py2,1,0,0,0,0,7,885,0.0000229000,13,0,2026-08-13T16:08:27,600,2026-08-15T18:24:07+0700
id-n2-001,qwen3-30b-a3b-2507,open-py2,1,0,0,5,5,8,2397,0.0000115137,13,0,2026-08-13T16:08:30,600,2026-08-15T18:24:07+0700
id-n2-002,qwen3-30b-a3b-2507,open-py2,1,0,0,3,3,7,1005,0.0000238000,16,1,2026-08-13T16:08:32,600,2026-08-15T18:24:07+0700
id-n2-003,qwen3-30b-a3b-2507,open-py2,1,0,0,2,2,7,1900,0.0000117549,14,1,2026-08-13T16:08:35,600,2026-08-15T18:24:07+0700
id-n2-004,qwen3-30b-a3b-2507,open-py2,1,0,0,6,6,6,1157,0.0000115137,13,0,2026-08-13T16:08:37,600,2026-08-15T18:24:07+0700
id-n2-005,qwen3-30b-a3b-2507,open-py2,1,0,0,6,6,6,1098,0.0000230000,14,0,2026-08-13T16:08:39,600,2026-08-15T18:24:07+0700
id-n2-006,qwen3-30b-a3b-2507,open-py2,1,0,0,1,1,7,511,0.0000222000,12,1,2026-08-13T16:08:41,600,2026-08-15T18:24:07+0700
id-n2-007,qwen3-30b-a3b-2507,open-py2,1,0,0,2,2,6,2752,0.0000115137,13,0,2026-08-13T16:08:45,600,2026-08-15T18:24:07+0700
id-n2-008,qwen3-30b-a3b-2507,open-py2,1,0,0,1,1,7,5007,0.0000219900,16,0,2026-08-13T16:08:51,600,2026-08-15T18:24:07+0700
id-n2-009,qwen3-30b-a3b-2507,open-py2,1,0,0,3,3,7,2796,0.0000117549,14,0,2026-08-13T16:08:54,600,2026-08-15T18:24:07+0700
id-n2-010,qwen3-30b-a3b-2507,open-py2,1,0,0,4,4,6,2489,0.0000219900,16,0,2026-08-13T16:08:58,600,2026-08-15T18:24:07+0700
id-n2-011,qwen3-30b-a3b-2507,open-py2,1,0,0,7,7,7,592,0.0000226000,13,1,2026-08-13T16:09:00,600,2026-08-15T18:24:07+0700
id-n2-012,qwen3-30b-a3b-2507,open-py2,1,0,0,3,3,6,2459,0.0000132021,20,0,2026-08-13T16:09:03,600,2026-08-15T18:24:07+0700
id-n2-013,qwen3-30b-a3b-2507,open-py2,1,0,0,1,1,5,348,0.0000292500,10,0,2026-08-13T16:09:04,600,2026-08-15T18:24:07+0700
id-n2-014,qwen3-30b-a3b-2507,open-py2,0,0,0,2,3,6,2802,0.0000124785,17,0,2026-08-13T16:09:08,600,2026-08-15T18:24:07+0700
id-n2-015,qwen3-30b-a3b-2507,open-py2,1,0,0,2,2,5,2692,0.0000119961,15,0,2026-08-13T16:09:12,600,2026-08-15T18:24:07+0700
id-n1-001,qwen3-30b-a3b-2507,open-py3,1,0,0,1,1,7,1012,0.0000111285,13,0,2026-08-13T18:11:48,600,2026-08-15T18:24:07+0700
id-n1-002,qwen3-30b-a3b-2507,open-py3,1,0,0,1,1,8,1564,0.0000212700,16,0,2026-08-13T18:11:51,600,2026-08-15T18:24:07+0700
id-n1-003,qwen3-30b-a3b-2507,open-py3,0,1,1,2,2,7,1703,0.0000112248,13,1,2026-08-13T18:11:54,600,2026-08-15T18:24:07+0700
id-n1-004,qwen3-30b-a3b-2507,open-py3,1,2,2,1,1,5,1942,0.0000107910,12,1,2026-08-13T18:11:57,600,2026-08-15T18:24:07+0700
id-n1-005,qwen3-30b-a3b-2507,open-py3,1,0,0,0,0,6,2547,0.0000200100,13,0,2026-08-13T18:12:00,600,2026-08-15T18:24:07+0700
id-n1-006,qwen3-30b-a3b-2507,open-py3,1,0,0,2,2,7,2355,0.0000110803,13,1,2026-08-13T18:12:04,600,2026-08-15T18:24:07+0700
id-n1-007,qwen3-30b-a3b-2507,open-py3,1,2,2,2,2,6,1586,0.0000204900,14,1,2026-08-13T18:12:06,600,2026-08-15T18:24:07+0700
id-n1-008,qwen3-30b-a3b-2507,open-py3,0,1,1,1,1,6,2335,0.0000108391,12,0,2026-08-13T18:12:09,600,2026-08-15T18:24:07+0700
id-n1-009,qwen3-30b-a3b-2507,open-py3,0,0,0,1,2,5,656,0.0000115146,15,1,2026-08-13T18:12:11,600,2026-08-15T18:24:07+0700
id-n1-010,qwen3-30b-a3b-2507,open-py3,0,0,0,0,1,6,2071,0.0000109355,12,0,2026-08-13T18:12:14,600,2026-08-15T18:24:07+0700
id-n1-011,qwen3-30b-a3b-2507,open-py3,1,2,2,1,1,6,597,0.0000211000,11,0,2026-08-13T18:12:16,600,2026-08-15T18:24:07+0700
id-n1-012,qwen3-30b-a3b-2507,open-py3,1,4,4,0,0,8,1470,0.0000116590,15,0,2026-08-13T18:12:18,600,2026-08-15T18:24:07+0700
id-n1-013,qwen3-30b-a3b-2507,open-py3,0,0,3,1,1,7,762,0.0000115146,15,0,2026-08-13T18:12:20,600,2026-08-15T18:24:07+0700
id-n1-014,qwen3-30b-a3b-2507,open-py3,1,1,1,2,2,8,1872,0.0000209700,15,0,2026-08-13T18:12:23,600,2026-08-15T18:24:07+0700
id-n1-015,qwen3-30b-a3b-2507,open-py3,0,0,0,0,0,5,662,0.0000212000,12,1,2026-08-13T18:12:25,600,2026-08-15T18:24:07+0700
id-n1-016,qwen3-30b-a3b-2507,open-py3,1,1,1,2,2,6,2441,0.0000108873,12,0,2026-08-13T18:12:28,600,2026-08-15T18:24:07+0700
id-n1-017,qwen3-30b-a3b-2507,open-py3,0,1,2,0,0,6,2416,0.0000106461,11,0,2026-08-13T18:12:31,600,2026-08-15T18:24:07+0700
id-n1-018,qwen3-30b-a3b-2507,open-py3,0,0,1,3,3,6,1235,0.0000112734,14,0,2026-08-13T18:12:34,600,2026-08-15T18:24:07+0700
id-n1-019,qwen3-30b-a3b-2507,open-py3,1,0,0,1,1,6,3167,0.0000112248,13,0,2026-08-13T18:12:38,600,2026-08-15T18:24:07+0700
id-n1-020,qwen3-30b-a3b-2507,open-py3,1,3,3,3,3,6,12819,0.0000113697,14,1,2026-08-13T18:12:52,600,2026-08-15T18:24:07+0700
id-n1-021,qwen3-30b-a3b-2507,open-py3,0,0,1,1,2,6,2201,0.0000220000,14,0,2026-08-13T18:12:55,600,2026-08-15T18:24:07+0700
id-n1-022,qwen3-30b-a3b-2507,open-py3,0,1,1,2,3,6,1484,0.0000218000,13,0,2026-08-13T18:12:57,600,2026-08-15T18:24:07+0700
id-n1-023,qwen3-30b-a3b-2507,open-py3,1,1,1,1,1,4,378,0.0000278200,10,1,2026-08-13T18:12:59,600,2026-08-15T18:24:07+0700
id-n1-024,qwen3-30b-a3b-2507,open-py3,1,0,0,2,2,6,2151,0.0000192300,11,0,2026-08-13T18:13:02,600,2026-08-15T18:24:07+0700
id-n1-025,qwen3-30b-a3b-2507,open-py3,1,1,1,3,3,7,715,0.0000216000,13,0,2026-08-13T18:13:04,600,2026-08-15T18:24:07+0700
id-n1-026,qwen3-30b-a3b-2507,open-py3,0,0,0,1,1,6,2382,0.0000108873,12,0,2026-08-13T18:13:07,600,2026-08-15T18:24:07+0700
id-n1-027,qwen3-30b-a3b-2507,open-py3,0,0,0,2,3,6,989,0.0000216000,13,0,2026-08-13T18:13:09,600,2026-08-15T18:24:07+0700
id-n1-028,qwen3-30b-a3b-2507,open-py3,1,1,1,2,2,9,413,0.0000308100,14,0,2026-08-13T18:13:10,600,2026-08-15T18:24:07+0700
id-n1-029,qwen3-30b-a3b-2507,open-py3,1,0,0,2,2,4,2618,0.0000112734,14,0,2026-08-13T18:13:14,600,2026-08-15T18:24:07+0700
id-n1-030,qwen3-30b-a3b-2507,open-py3,1,1,1,0,0,6,6134,0.0000194100,11,0,2026-08-13T18:13:21,600,2026-08-15T18:24:07+0700
id-n1-031,qwen3-30b-a3b-2507,open-py3,1,1,1,2,2,7,1168,0.0000213000,12,1,2026-08-13T18:13:23,600,2026-08-15T18:24:07+0700
id-n1-032,qwen3-30b-a3b-2507,open-py3,1,0,0,1,1,5,1931,0.0000205000,10,0,2026-08-13T18:13:26,600,2026-08-15T18:24:07+0700
id-n1-033,qwen3-30b-a3b-2507,open-py3,0,0,1,1,1,5,1097,0.0000224000,15,0,2026-08-13T18:13:28,600,2026-08-15T18:24:07+0700
id-n1-034,qwen3-30b-a3b-2507,open-py3,1,0,0,2,2,7,5222,0.0000198000,12,1,2026-08-13T18:13:35,600,2026-08-15T18:24:07+0700
id-n1-035,qwen3-30b-a3b-2507,open-py3,0,0,0,0,0,7,476,0.0000305500,14,0,2026-08-13T18:13:36,600,2026-08-15T18:24:07+0700
id-n1-036,qwen3-30b-a3b-2507,open-py3,0,0,0,1,1,6,3840,0.0000228000,16,1,2026-08-13T18:13:41,600,2026-08-15T18:24:07+0700
id-n1-037,qwen3-30b-a3b-2507,open-py3,0,1,1,1,1,7,1297,0.0000114178,14,0,2026-08-13T18:13:43,600,2026-08-15T18:24:07+0700
id-n1-038,qwen3-30b-a3b-2507,open-py3,1,0,0,2,2,5,546,0.0000210000,11,0,2026-08-13T18:13:45,600,2026-08-15T18:24:07+0700
id-n1-039,qwen3-30b-a3b-2507,open-py3,1,1,1,0,0,6,724,0.0000217000,13,0,2026-08-13T18:13:47,600,2026-08-15T18:24:07+0700
id-n1-040,qwen3-30b-a3b-2507,open-py3,1,1,1,1,1,5,5464,0.0000282100,10,0,2026-08-13T18:13:53,600,2026-08-15T18:24:07+0700
id-n1-041,qwen3-30b-a3b-2507,open-py3,1,0,0,2,2,6,571,0.0000306800,14,1,2026-08-13T18:13:55,600,2026-08-15T18:24:07+0700
id-n1-042,qwen3-30b-a3b-2507,open-py3,1,1,1,3,3,6,2178,0.0000111285,13,1,2026-08-13T18:13:58,600,2026-08-15T18:24:07+0700
id-n1-043,qwen3-30b-a3b-2507,open-py3,0,1,1,0,1,6,1711,0.0000115146,15,0,2026-08-13T18:14:01,600,2026-08-15T18:24:07+0700
id-n1-044,qwen3-30b-a3b-2507,open-py3,0,0,0,2,3,6,1712,0.0000115628,15,0,2026-08-13T18:14:03,600,2026-08-15T18:24:07+0700
id-n1-045,qwen3-30b-a3b-2507,open-py3,1,1,1,3,3,7,1741,0.0000113697,14,0,2026-08-13T18:14:06,600,2026-08-15T18:24:07+0700
id-n1-046,qwen3-30b-a3b-2507,open-py3,1,0,0,1,1,5,2975,0.0000110322,13,1,2026-08-13T18:14:10,600,2026-08-15T18:24:07+0700
id-n1-047,qwen3-30b-a3b-2507,open-py3,1,0,0,3,3,6,1387,0.0000222000,14,0,2026-08-13T18:14:12,600,2026-08-15T18:24:07+0700
id-n1-048,qwen3-30b-a3b-2507,open-py3,0,0,1,2,2,4,383,0.0000269100,8,0,2026-08-13T18:14:14,600,2026-08-15T18:24:07+0700
id-n1-049,qwen3-30b-a3b-2507,open-py3,1,1,1,0,0,6,358,0.0000293800,12,0,2026-08-13T18:14:15,600,2026-08-15T18:24:07+0700
id-n1-050,qwen3-30b-a3b-2507,open-py3,0,0,0,0,0,5,1344,0.0000212000,12,1,2026-08-13T18:14:17,600,2026-08-15T18:24:07+0700
id-n1-051,qwen3-30b-a3b-2507,open-py3,0,0,0,1,1,7,2760,0.0000108873,12,0,2026-08-13T18:14:21,600,2026-08-15T18:24:07+0700
id-n1-052,qwen3-30b-a3b-2507,open-py3,0,0,0,0,2,4,2833,0.0000200100,13,0,2026-08-13T18:14:25,600,2026-08-15T18:24:07+0700
id-n1-053,qwen3-30b-a3b-2507,open-py3,1,1,1,1,1,7,770,0.0000229000,16,1,2026-08-13T18:14:27,600,2026-08-15T18:24:07+0700
id-n1-054,qwen3-30b-a3b-2507,open-py3,1,0,0,0,0,7,7110,0.0000220000,13,0,2026-08-13T18:14:35,600,2026-08-15T18:24:07+0700
id-n2-001,qwen3-30b-a3b-2507,open-py3,1,0,0,5,5,8,544,0.0000217000,13,0,2026-08-13T18:14:37,600,2026-08-15T18:24:07+0700
id-n2-002,qwen3-30b-a3b-2507,open-py3,1,0,0,3,3,7,3153,0.0000229000,16,1,2026-08-13T18:14:41,600,2026-08-15T18:24:07+0700
id-n2-003,qwen3-30b-a3b-2507,open-py3,1,0,0,2,2,7,1632,0.0000221000,14,1,2026-08-13T18:14:43,600,2026-08-15T18:24:07+0700
id-n2-004,qwen3-30b-a3b-2507,open-py3,1,0,0,6,6,6,2759,0.0000217000,13,0,2026-08-13T18:14:47,600,2026-08-15T18:24:07+0700
id-n2-005,qwen3-30b-a3b-2507,open-py3,1,0,0,6,6,6,1152,0.0000221000,14,0,2026-08-13T18:14:49,600,2026-08-15T18:24:07+0700
id-n2-006,qwen3-30b-a3b-2507,open-py3,1,0,0,1,1,7,1537,0.0000192300,11,1,2026-08-13T18:14:52,600,2026-08-15T18:24:07+0700
id-n2-007,qwen3-30b-a3b-2507,open-py3,1,0,0,2,2,6,534,0.0000217000,13,0,2026-08-13T18:14:53,600,2026-08-15T18:24:07+0700
id-n2-008,qwen3-30b-a3b-2507,open-py3,1,0,0,1,1,7,3801,0.0000211800,16,0,2026-08-13T18:14:58,600,2026-08-15T18:24:07+0700
id-n2-009,qwen3-30b-a3b-2507,open-py3,1,0,0,3,3,7,368,0.0000300300,13,0,2026-08-13T18:15:00,600,2026-08-15T18:24:07+0700
id-n2-010,qwen3-30b-a3b-2507,open-py3,1,0,0,4,4,6,1635,0.0000211800,16,0,2026-08-13T18:15:02,600,2026-08-15T18:24:07+0700
id-n2-011,qwen3-30b-a3b-2507,open-py3,1,0,0,7,7,7,1636,0.0000110803,13,1,2026-08-13T18:15:05,600,2026-08-15T18:24:07+0700
id-n2-012,qwen3-30b-a3b-2507,open-py3,1,0,0,3,3,6,5734,0.0000245000,20,0,2026-08-13T18:15:12,600,2026-08-15T18:24:07+0700
id-n2-013,qwen3-30b-a3b-2507,open-py3,1,0,0,1,1,5,3047,0.0000105980,11,0,2026-08-13T18:15:16,600,2026-08-15T18:24:07+0700
id-n2-014,qwen3-30b-a3b-2507,open-py3,0,0,0,2,3,6,1963,0.0000120451,17,0,2026-08-13T18:15:19,600,2026-08-15T18:24:07+0700
id-n2-015,qwen3-30b-a3b-2507,open-py3,1,0,0,2,2,5,1516,0.0000225000,15,0,2026-08-13T18:15:21,600,2026-08-15T18:24:07+0700
id-n1-001,sahabatai-1-llama3-q4km-local,open-py1,1,0,0,1,1,7,717,0.0000000000,13,0,2026-08-14T23:20:58,600,2026-08-15T18:24:07+0700
id-n1-002,sahabatai-1-llama3-q4km-local,open-py1,0,0,0,1,1,8,380,0.0000000000,15,0,2026-08-14T23:20:59,600,2026-08-15T18:24:07+0700
id-n1-003,sahabatai-1-llama3-q4km-local,open-py1,0,1,1,2,2,7,359,0.0000000000,13,1,2026-08-14T23:21:01,600,2026-08-15T18:24:07+0700
id-n1-004,sahabatai-1-llama3-q4km-local,open-py1,0,2,2,0,1,5,334,0.0000000000,12,1,2026-08-14T23:21:03,600,2026-08-15T18:24:07+0700
id-n1-005,sahabatai-1-llama3-q4km-local,open-py1,0,0,0,0,0,6,476,0.0000000000,14,0,2026-08-14T23:21:04,600,2026-08-15T18:24:07+0700
id-n1-006,sahabatai-1-llama3-q4km-local,open-py1,0,0,0,1,2,7,342,0.0000000000,13,1,2026-08-14T23:21:06,600,2026-08-15T18:24:07+0700
id-n1-007,sahabatai-1-llama3-q4km-local,open-py1,1,2,2,2,2,6,411,0.0000000000,15,1,2026-08-14T23:21:07,600,2026-08-15T18:24:07+0700
id-n1-008,sahabatai-1-llama3-q4km-local,open-py1,0,1,1,0,1,6,337,0.0000000000,12,0,2026-08-14T23:21:09,600,2026-08-15T18:24:07+0700
id-n1-009,sahabatai-1-llama3-q4km-local,open-py1,0,0,0,1,2,5,382,0.0000000000,15,1,2026-08-14T23:21:10,600,2026-08-15T18:24:07+0700
id-n1-010,sahabatai-1-llama3-q4km-local,open-py1,1,0,0,1,1,7,344,0.0000000000,12,0,2026-08-14T23:21:12,600,2026-08-15T18:24:07+0700
id-n1-011,sahabatai-1-llama3-q4km-local,open-py1,0,2,2,0,1,6,363,0.0000000000,11,0,2026-08-14T23:21:14,600,2026-08-15T18:24:07+0700
id-n1-012,sahabatai-1-llama3-q4km-local,open-py1,1,4,4,0,0,8,392,0.0000000000,15,0,2026-08-14T23:21:15,600,2026-08-15T18:24:07+0700
id-n1-013,sahabatai-1-llama3-q4km-local,open-py1,0,2,3,0,1,7,360,0.0000000000,13,0,2026-08-14T23:21:17,600,2026-08-15T18:24:07+0700
id-n1-014,sahabatai-1-llama3-q4km-local,open-py1,0,0,1,1,2,6,445,0.0000000000,15,0,2026-08-14T23:21:18,600,2026-08-15T18:24:07+0700
id-n1-015,sahabatai-1-llama3-q4km-local,open-py1,0,0,0,0,0,8,372,0.0000000000,14,1,2026-08-14T23:21:20,600,2026-08-15T18:24:07+0700
id-n1-016,sahabatai-1-llama3-q4km-local,open-py1,0,0,1,1,2,6,396,0.0000000000,11,0,2026-08-14T23:21:22,600,2026-08-15T18:24:07+0700
id-n1-017,sahabatai-1-llama3-q4km-local,open-py1,0,2,2,0,0,6,353,0.0000000000,13,0,2026-08-14T23:21:23,600,2026-08-15T18:24:07+0700
id-n1-018,sahabatai-1-llama3-q4km-local,open-py1,0,0,1,2,3,5,343,0.0000000000,13,0,2026-08-14T23:21:25,600,2026-08-15T18:24:07+0700
id-n1-019,sahabatai-1-llama3-q4km-local,open-py1,0,0,0,0,1,6,379,0.0000000000,14,0,2026-08-14T23:21:26,600,2026-08-15T18:24:07+0700
id-n1-020,sahabatai-1-llama3-q4km-local,open-py1,0,3,3,0,3,7,391,0.0000000000,16,1,2026-08-14T23:21:28,600,2026-08-15T18:24:07+0700
id-n1-021,sahabatai-1-llama3-q4km-local,open-py1,0,0,1,1,2,6,360,0.0000000000,14,0,2026-08-14T23:21:29,600,2026-08-15T18:24:07+0700
id-n1-022,sahabatai-1-llama3-q4km-local,open-py1,0,1,1,0,3,6,438,0.0000000000,13,0,2026-08-14T23:21:31,600,2026-08-15T18:24:07+0700
id-n1-023,sahabatai-1-llama3-q4km-local,open-py1,0,1,1,0,1,3,353,0.0000000000,11,1,2026-08-14T23:21:33,600,2026-08-15T18:24:07+0700
id-n1-024,sahabatai-1-llama3-q4km-local,open-py1,0,0,0,0,2,6,432,0.0000000000,12,0,2026-08-14T23:21:34,600,2026-08-15T18:24:07+0700
id-n1-025,sahabatai-1-llama3-q4km-local,open-py1,0,1,1,2,3,8,348,0.0000000000,13,0,2026-08-14T23:21:36,600,2026-08-15T18:24:07+0700
id-n1-026,sahabatai-1-llama3-q4km-local,open-py1,1,0,0,1,1,6,412,0.0000000000,12,0,2026-08-14T23:21:37,600,2026-08-15T18:24:07+0700
id-n1-027,sahabatai-1-llama3-q4km-local,open-py1,0,0,0,2,3,6,348,0.0000000000,13,0,2026-08-14T23:21:39,600,2026-08-15T18:24:07+0700
id-n1-028,sahabatai-1-llama3-q4km-local,open-py1,0,1,1,1,2,9,416,0.0000000000,16,0,2026-08-14T23:21:41,600,2026-08-15T18:24:07+0700
id-n1-029,sahabatai-1-llama3-q4km-local,open-py1,0,0,0,0,2,5,399,0.0000000000,16,0,2026-08-14T23:21:42,600,2026-08-15T18:24:07+0700
id-n1-030,sahabatai-1-llama3-q4km-local,open-py1,1,1,1,0,0,6,328,0.0000000000,12,0,2026-08-14T23:21:44,600,2026-08-15T18:24:07+0700
id-n1-031,sahabatai-1-llama3-q4km-local,open-py1,0,1,1,0,2,7,373,0.0000000000,14,1,2026-08-14T23:21:45,600,2026-08-15T18:24:07+0700
id-n1-032,sahabatai-1-llama3-q4km-local,open-py1,1,0,0,1,1,5,425,0.0000000000,10,0,2026-08-14T23:21:47,600,2026-08-15T18:24:07+0700
id-n1-033,sahabatai-1-llama3-q4km-local,open-py1,0,0,1,0,1,5,434,0.0000000000,15,0,2026-08-14T23:21:49,600,2026-08-15T18:24:07+0700
id-n1-034,sahabatai-1-llama3-q4km-local,open-py1,0,0,0,0,2,7,429,0.0000000000,13,1,2026-08-14T23:21:50,600,2026-08-15T18:24:07+0700
id-n1-035,sahabatai-1-llama3-q4km-local,open-py1,0,0,0,0,0,8,416,0.0000000000,18,0,2026-08-14T23:21:52,600,2026-08-15T18:24:07+0700
id-n1-036,sahabatai-1-llama3-q4km-local,open-py1,1,0,0,1,1,6,455,0.0000000000,15,1,2026-08-14T23:21:54,600,2026-08-15T18:24:07+0700
id-n1-037,sahabatai-1-llama3-q4km-local,open-py1,1,1,1,1,1,7,449,0.0000000000,14,0,2026-08-14T23:21:55,600,2026-08-15T18:24:07+0700
id-n1-038,sahabatai-1-llama3-q4km-local,open-py1,0,0,0,0,2,5,415,0.0000000000,11,0,2026-08-14T23:21:57,600,2026-08-15T18:24:07+0700
id-n1-039,sahabatai-1-llama3-q4km-local,open-py1,0,1,1,0,0,6,363,0.0000000000,14,0,2026-08-14T23:21:58,600,2026-08-15T18:24:07+0700
id-n1-040,sahabatai-1-llama3-q4km-local,open-py1,0,0,1,1,1,5,406,0.0000000000,11,0,2026-08-14T23:22:00,600,2026-08-15T18:24:07+0700
id-n1-041,sahabatai-1-llama3-q4km-local,open-py1,0,0,0,0,2,6,427,0.0000000000,17,1,2026-08-14T23:22:02,600,2026-08-15T18:24:07+0700
id-n1-042,sahabatai-1-llama3-q4km-local,open-py1,0,1,1,1,3,7,410,0.0000000000,13,1,2026-08-14T23:22:03,600,2026-08-15T18:24:07+0700
id-n1-043,sahabatai-1-llama3-q4km-local,open-py1,0,1,1,0,1,6,391,0.0000000000,15,0,2026-08-14T23:22:05,600,2026-08-15T18:24:07+0700
id-n1-044,sahabatai-1-llama3-q4km-local,open-py1,0,0,0,0,3,6,380,0.0000000000,15,0,2026-08-14T23:22:06,600,2026-08-15T18:24:07+0700
id-n1-045,sahabatai-1-llama3-q4km-local,open-py1,0,1,1,2,3,7,363,0.0000000000,14,0,2026-08-14T23:22:08,600,2026-08-15T18:24:07+0700
id-n1-046,sahabatai-1-llama3-q4km-local,open-py1,0,0,0,0,1,4,423,0.0000000000,13,1,2026-08-14T23:22:10,600,2026-08-15T18:24:07+0700
id-n1-047,sahabatai-1-llama3-q4km-local,open-py1,0,0,0,2,3,6,424,0.0000000000,13,0,2026-08-14T23:22:11,600,2026-08-15T18:24:07+0700
id-n1-048,sahabatai-1-llama3-q4km-local,open-py1,0,1,1,1,2,6,359,0.0000000000,14,0,2026-08-14T23:22:13,600,2026-08-15T18:24:07+0700
id-n1-049,sahabatai-1-llama3-q4km-local,open-py1,1,1,1,0,0,6,345,0.0000000000,13,0,2026-08-14T23:22:14,600,2026-08-15T18:24:07+0700
id-n1-050,sahabatai-1-llama3-q4km-local,open-py1,0,0,0,0,0,5,362,0.0000000000,13,1,2026-08-14T23:22:16,600,2026-08-15T18:24:07+0700
id-n1-051,sahabatai-1-llama3-q4km-local,open-py1,1,0,0,1,1,7,334,0.0000000000,12,0,2026-08-14T23:22:17,600,2026-08-15T18:24:07+0700
id-n1-052,sahabatai-1-llama3-q4km-local,open-py1,0,0,0,2,2,6,462,0.0000000000,15,0,2026-08-14T23:22:19,600,2026-08-15T18:24:07+0700
id-n1-053,sahabatai-1-llama3-q4km-local,open-py1,0,0,1,1,1,7,398,0.0000000000,16,1,2026-08-14T23:22:21,600,2026-08-15T18:24:07+0700
id-n1-054,sahabatai-1-llama3-q4km-local,open-py1,0,0,0,0,0,7,370,0.0000000000,13,0,2026-08-14T23:22:22,600,2026-08-15T18:24:07+0700
id-n2-001,sahabatai-1-llama3-q4km-local,open-py1,1,0,0,5,5,8,433,0.0000000000,13,0,2026-08-14T23:22:24,600,2026-08-15T18:24:07+0700
id-n2-002,sahabatai-1-llama3-q4km-local,open-py1,1,0,0,3,3,7,430,0.0000000000,15,1,2026-08-14T23:22:26,600,2026-08-15T18:24:07+0700
id-n2-003,sahabatai-1-llama3-q4km-local,open-py1,0,0,0,2,2,9,436,0.0000000000,16,1,2026-08-14T23:22:27,600,2026-08-15T18:24:07+0700
id-n2-004,sahabatai-1-llama3-q4km-local,open-py1,1,0,0,6,6,6,354,0.0000000000,13,0,2026-08-14T23:22:29,600,2026-08-15T18:24:07+0700
id-n2-005,sahabatai-1-llama3-q4km-local,open-py1,1,0,0,6,6,6,355,0.0000000000,14,0,2026-08-14T23:22:30,600,2026-08-15T18:24:07+0700
id-n2-006,sahabatai-1-llama3-q4km-local,open-py1,1,0,0,1,1,7,338,0.0000000000,12,1,2026-08-14T23:22:32,600,2026-08-15T18:24:07+0700
id-n2-007,sahabatai-1-llama3-q4km-local,open-py1,1,0,0,2,2,6,381,0.0000000000,13,0,2026-08-14T23:22:33,600,2026-08-15T18:24:07+0700
id-n2-008,sahabatai-1-llama3-q4km-local,open-py1,1,0,0,1,1,7,415,0.0000000000,17,0,2026-08-14T23:22:35,600,2026-08-15T18:24:07+0700
id-n2-009,sahabatai-1-llama3-q4km-local,open-py1,1,0,0,3,3,7,454,0.0000000000,14,0,2026-08-14T23:22:37,600,2026-08-15T18:24:07+0700
id-n2-010,sahabatai-1-llama3-q4km-local,open-py1,0,0,0,0,4,7,373,0.0000000000,15,0,2026-08-14T23:22:38,600,2026-08-15T18:24:07+0700
id-n2-011,sahabatai-1-llama3-q4km-local,open-py1,1,0,0,7,7,7,390,0.0000000000,13,1,2026-08-14T23:22:40,600,2026-08-15T18:24:07+0700
id-n2-012,sahabatai-1-llama3-q4km-local,open-py1,0,0,0,1,3,7,535,0.0000000000,19,0,2026-08-14T23:22:42,600,2026-08-15T18:24:07+0700
id-n2-013,sahabatai-1-llama3-q4km-local,open-py1,1,0,0,1,1,5,319,0.0000000000,11,0,2026-08-14T23:22:43,600,2026-08-15T18:24:07+0700
id-n2-014,sahabatai-1-llama3-q4km-local,open-py1,0,0,0,1,3,6,428,0.0000000000,18,0,2026-08-14T23:22:45,600,2026-08-15T18:24:07+0700
id-n2-015,sahabatai-1-llama3-q4km-local,open-py1,1,0,0,2,2,5,384,0.0000000000,15,0,2026-08-14T23:22:46,600,2026-08-15T18:24:07+0700
id-n1-001,sahabatai-1-llama3-q4km-local,open-py2,1,0,0,1,1,7,433,0.0000000000,13,0,2026-08-14T23:22:48,600,2026-08-15T18:24:07+0700
id-n1-002,sahabatai-1-llama3-q4km-local,open-py2,1,0,0,1,1,8,397,0.0000000000,16,0,2026-08-14T23:22:50,600,2026-08-15T18:24:07+0700
id-n1-003,sahabatai-1-llama3-q4km-local,open-py2,1,1,1,2,2,7,465,0.0000000000,14,1,2026-08-14T23:22:51,600,2026-08-15T18:24:07+0700
id-n1-004,sahabatai-1-llama3-q4km-local,open-py2,1,2,2,1,1,5,332,0.0000000000,12,1,2026-08-14T23:22:53,600,2026-08-15T18:24:07+0700
id-n1-005,sahabatai-1-llama3-q4km-local,open-py2,0,0,0,0,0,6,433,0.0000000000,14,0,2026-08-14T23:22:55,600,2026-08-15T18:24:07+0700
id-n1-006,sahabatai-1-llama3-q4km-local,open-py2,1,0,0,2,2,7,457,0.0000000000,13,1,2026-08-14T23:22:56,600,2026-08-15T18:24:07+0700
id-n1-007,sahabatai-1-llama3-q4km-local,open-py2,1,2,2,2,2,6,512,0.0000000000,15,1,2026-08-14T23:22:58,600,2026-08-15T18:24:07+0700
id-n1-008,sahabatai-1-llama3-q4km-local,open-py2,1,1,1,1,1,6,342,0.0000000000,12,0,2026-08-14T23:23:00,600,2026-08-15T18:24:07+0700
id-n1-009,sahabatai-1-llama3-q4km-local,open-py2,0,0,0,1,2,5,419,0.0000000000,15,1,2026-08-14T23:23:01,600,2026-08-15T18:24:07+0700
id-n1-010,sahabatai-1-llama3-q4km-local,open-py2,1,0,0,1,1,7,341,0.0000000000,12,0,2026-08-14T23:23:03,600,2026-08-15T18:24:07+0700
id-n1-011,sahabatai-1-llama3-q4km-local,open-py2,1,2,2,1,1,6,420,0.0000000000,11,0,2026-08-14T23:23:04,600,2026-08-15T18:24:07+0700
id-n1-012,sahabatai-1-llama3-q4km-local,open-py2,1,4,4,0,0,8,434,0.0000000000,15,0,2026-08-14T23:23:06,600,2026-08-15T18:24:07+0700
id-n1-013,sahabatai-1-llama3-q4km-local,open-py2,0,1,3,1,1,7,635,0.0000000000,14,0,2026-08-14T23:23:08,600,2026-08-15T18:24:07+0700
id-n1-014,sahabatai-1-llama3-q4km-local,open-py2,1,1,1,2,2,8,398,0.0000000000,16,0,2026-08-14T23:23:09,600,2026-08-15T18:24:07+0700
id-n1-015,sahabatai-1-llama3-q4km-local,open-py2,0,0,0,0,0,5,338,0.0000000000,12,1,2026-08-14T23:23:11,600,2026-08-15T18:24:07+0700
id-n1-016,sahabatai-1-llama3-q4km-local,open-py2,1,1,1,2,2,6,372,0.0000000000,12,0,2026-08-14T23:23:13,600,2026-08-15T18:24:07+0700
id-n1-017,sahabatai-1-llama3-q4km-local,open-py2,1,2,2,0,0,6,332,0.0000000000,11,0,2026-08-14T23:23:14,600,2026-08-15T18:24:07+0700
id-n1-018,sahabatai-1-llama3-q4km-local,open-py2,0,0,1,2,3,5,349,0.0000000000,13,0,2026-08-14T23:23:16,600,2026-08-15T18:24:07+0700
id-n1-019,sahabatai-1-llama3-q4km-local,open-py2,1,0,0,1,1,6,407,0.0000000000,13,0,2026-08-14T23:23:17,600,2026-08-15T18:24:07+0700
id-n1-020,sahabatai-1-llama3-q4km-local,open-py2,0,3,3,0,3,6,379,0.0000000000,15,1,2026-08-14T23:23:19,600,2026-08-15T18:24:07+0700
id-n1-021,sahabatai-1-llama3-q4km-local,open-py2,0,0,1,1,2,6,385,0.0000000000,14,0,2026-08-14T23:23:20,600,2026-08-15T18:24:07+0700
id-n1-022,sahabatai-1-llama3-q4km-local,open-py2,0,1,1,2,3,6,370,0.0000000000,14,0,2026-08-14T23:23:22,600,2026-08-15T18:24:07+0700
id-n1-023,sahabatai-1-llama3-q4km-local,open-py2,0,1,1,0,1,3,392,0.0000000000,11,1,2026-08-14T23:23:24,600,2026-08-15T18:24:07+0700
id-n1-024,sahabatai-1-llama3-q4km-local,open-py2,0,0,0,2,2,6,430,0.0000000000,12,0,2026-08-14T23:23:25,600,2026-08-15T18:24:07+0700
id-n1-025,sahabatai-1-llama3-q4km-local,open-py2,0,1,1,2,3,8,436,0.0000000000,13,0,2026-08-14T23:23:27,600,2026-08-15T18:24:07+0700
id-n1-026,sahabatai-1-llama3-q4km-local,open-py2,1,0,0,1,1,6,437,0.0000000000,12,0,2026-08-14T23:23:29,600,2026-08-15T18:24:07+0700
id-n1-027,sahabatai-1-llama3-q4km-local,open-py2,0,0,0,2,3,6,430,0.0000000000,13,0,2026-08-14T23:23:30,600,2026-08-15T18:24:07+0700
id-n1-028,sahabatai-1-llama3-q4km-local,open-py2,0,1,1,2,2,9,433,0.0000000000,16,0,2026-08-14T23:23:32,600,2026-08-15T18:24:07+0700
id-n1-029,sahabatai-1-llama3-q4km-local,open-py2,1,0,0,2,2,4,434,0.0000000000,14,0,2026-08-14T23:23:33,600,2026-08-15T18:24:07+0700
id-n1-030,sahabatai-1-llama3-q4km-local,open-py2,1,1,1,0,0,6,332,0.0000000000,12,0,2026-08-14T23:23:35,600,2026-08-15T18:24:07+0700
id-n1-031,sahabatai-1-llama3-q4km-local,open-py2,1,1,1,2,2,7,330,0.0000000000,12,1,2026-08-14T23:23:37,600,2026-08-15T18:24:07+0700
id-n1-032,sahabatai-1-llama3-q4km-local,open-py2,1,0,0,1,1,5,430,0.0000000000,10,0,2026-08-14T23:23:38,600,2026-08-15T18:24:07+0700
id-n1-033,sahabatai-1-llama3-q4km-local,open-py2,0,0,1,1,1,5,435,0.0000000000,14,0,2026-08-14T23:23:40,600,2026-08-15T18:24:07+0700
id-n1-034,sahabatai-1-llama3-q4km-local,open-py2,1,0,0,2,2,7,351,0.0000000000,13,1,2026-08-14T23:23:41,600,2026-08-15T18:24:07+0700
id-n1-035,sahabatai-1-llama3-q4km-local,open-py2,0,0,0,0,0,6,417,0.0000000000,15,0,2026-08-14T23:23:43,600,2026-08-15T18:24:07+0700
id-n1-036,sahabatai-1-llama3-q4km-local,open-py2,1,0,0,1,1,6,430,0.0000000000,15,1,2026-08-14T23:23:45,600,2026-08-15T18:24:07+0700
id-n1-037,sahabatai-1-llama3-q4km-local,open-py2,1,1,1,1,1,7,433,0.0000000000,14,0,2026-08-14T23:23:46,600,2026-08-15T18:24:07+0700
id-n1-038,sahabatai-1-llama3-q4km-local,open-py2,0,0,0,1,2,5,434,0.0000000000,11,0,2026-08-14T23:23:48,600,2026-08-15T18:24:07+0700
id-n1-039,sahabatai-1-llama3-q4km-local,open-py2,1,1,1,0,0,6,432,0.0000000000,13,0,2026-08-14T23:23:50,600,2026-08-15T18:24:07+0700
id-n1-040,sahabatai-1-llama3-q4km-local,open-py2,0,1,1,1,1,5,318,0.0000000000,11,0,2026-08-14T23:23:51,600,2026-08-15T18:24:07+0700
id-n1-041,sahabatai-1-llama3-q4km-local,open-py2,0,0,0,1,2,6,445,0.0000000000,16,1,2026-08-14T23:23:53,600,2026-08-15T18:24:07+0700
id-n1-042,sahabatai-1-llama3-q4km-local,open-py2,1,1,1,3,3,6,348,0.0000000000,13,1,2026-08-14T23:23:54,600,2026-08-15T18:24:07+0700
id-n1-043,sahabatai-1-llama3-q4km-local,open-py2,0,1,1,0,1,6,423,0.0000000000,15,0,2026-08-14T23:23:56,600,2026-08-15T18:24:07+0700
id-n1-044,sahabatai-1-llama3-q4km-local,open-py2,0,0,0,0,3,6,432,0.0000000000,15,0,2026-08-14T23:23:58,600,2026-08-15T18:24:07+0700
id-n1-045,sahabatai-1-llama3-q4km-local,open-py2,1,1,1,3,3,7,368,0.0000000000,14,0,2026-08-14T23:23:59,600,2026-08-15T18:24:07+0700
id-n1-046,sahabatai-1-llama3-q4km-local,open-py2,0,0,0,0,1,4,351,0.0000000000,13,1,2026-08-14T23:24:01,600,2026-08-15T18:24:07+0700
id-n1-047,sahabatai-1-llama3-q4km-local,open-py2,1,0,0,3,3,6,364,0.0000000000,14,0,2026-08-14T23:24:02,600,2026-08-15T18:24:07+0700
id-n1-048,sahabatai-1-llama3-q4km-local,open-py2,1,1,1,2,2,5,340,0.0000000000,11,0,2026-08-14T23:24:04,600,2026-08-15T18:24:07+0700
id-n1-049,sahabatai-1-llama3-q4km-local,open-py2,1,1,1,0,0,6,441,0.0000000000,13,0,2026-08-14T23:24:05,600,2026-08-15T18:24:07+0700
id-n1-050,sahabatai-1-llama3-q4km-local,open-py2,0,0,0,0,0,5,468,0.0000000000,13,1,2026-08-14T23:24:07,600,2026-08-15T18:24:07+0700
id-n1-051,sahabatai-1-llama3-q4km-local,open-py2,1,0,0,1,1,7,387,0.0000000000,12,0,2026-08-14T23:24:09,600,2026-08-15T18:24:07+0700
id-n1-052,sahabatai-1-llama3-q4km-local,open-py2,1,0,0,2,2,5,437,0.0000000000,14,0,2026-08-14T23:24:10,600,2026-08-15T18:24:07+0700
id-n1-053,sahabatai-1-llama3-q4km-local,open-py2,0,0,1,1,1,7,402,0.0000000000,16,1,2026-08-14T23:24:12,600,2026-08-15T18:24:07+0700
id-n1-054,sahabatai-1-llama3-q4km-local,open-py2,0,0,0,0,0,7,363,0.0000000000,13,0,2026-08-14T23:24:14,600,2026-08-15T18:24:07+0700
id-n2-001,sahabatai-1-llama3-q4km-local,open-py2,1,0,0,5,5,8,358,0.0000000000,13,0,2026-08-14T23:24:15,600,2026-08-15T18:24:07+0700
id-n2-002,sahabatai-1-llama3-q4km-local,open-py2,1,0,0,3,3,7,401,0.0000000000,15,1,2026-08-14T23:24:17,600,2026-08-15T18:24:07+0700
id-n2-003,sahabatai-1-llama3-q4km-local,open-py2,1,0,0,2,2,7,399,0.0000000000,14,1,2026-08-14T23:24:18,600,2026-08-15T18:24:07+0700
id-n2-004,sahabatai-1-llama3-q4km-local,open-py2,1,0,0,6,6,6,373,0.0000000000,13,0,2026-08-14T23:24:20,600,2026-08-15T18:24:07+0700
id-n2-005,sahabatai-1-llama3-q4km-local,open-py2,1,0,0,6,6,6,374,0.0000000000,14,0,2026-08-14T23:24:21,600,2026-08-15T18:24:07+0700
id-n2-006,sahabatai-1-llama3-q4km-local,open-py2,1,0,0,1,1,7,385,0.0000000000,12,1,2026-08-14T23:24:23,600,2026-08-15T18:24:07+0700
id-n2-007,sahabatai-1-llama3-q4km-local,open-py2,1,0,0,2,2,6,352,0.0000000000,13,0,2026-08-14T23:24:25,600,2026-08-15T18:24:07+0700
id-n2-008,sahabatai-1-llama3-q4km-local,open-py2,0,0,0,0,1,8,511,0.0000000000,18,0,2026-08-14T23:24:26,600,2026-08-15T18:24:07+0700
id-n2-009,sahabatai-1-llama3-q4km-local,open-py2,0,0,0,3,3,8,430,0.0000000000,15,0,2026-08-14T23:24:28,600,2026-08-15T18:24:07+0700
id-n2-010,sahabatai-1-llama3-q4km-local,open-py2,1,0,0,4,4,6,436,0.0000000000,17,0,2026-08-14T23:24:30,600,2026-08-15T18:24:07+0700
id-n2-011,sahabatai-1-llama3-q4km-local,open-py2,0,0,0,6,7,7,431,0.0000000000,14,1,2026-08-14T23:24:31,600,2026-08-15T18:24:07+0700
id-n2-012,sahabatai-1-llama3-q4km-local,open-py2,1,0,0,3,3,6,555,0.0000000000,19,0,2026-08-14T23:24:33,600,2026-08-15T18:24:07+0700
id-n2-013,sahabatai-1-llama3-q4km-local,open-py2,0,0,0,0,1,6,415,0.0000000000,12,0,2026-08-14T23:24:35,600,2026-08-15T18:24:07+0700
id-n2-014,sahabatai-1-llama3-q4km-local,open-py2,0,0,0,2,3,6,391,0.0000000000,16,0,2026-08-14T23:24:36,600,2026-08-15T18:24:07+0700
id-n2-015,sahabatai-1-llama3-q4km-local,open-py2,1,0,0,2,2,5,476,0.0000000000,15,0,2026-08-14T23:24:38,600,2026-08-15T18:24:07+0700
id-n1-001,sahabatai-1-llama3-q4km-local,open-py3,1,0,0,1,1,7,675,0.0000000000,13,0,2026-08-14T23:24:40,600,2026-08-15T18:24:07+0700
id-n1-002,sahabatai-1-llama3-q4km-local,open-py3,1,0,0,1,1,8,538,0.0000000000,16,0,2026-08-14T23:24:42,600,2026-08-15T18:24:07+0700
id-n1-003,sahabatai-1-llama3-q4km-local,open-py3,1,1,1,2,2,7,367,0.0000000000,14,1,2026-08-14T23:24:43,600,2026-08-15T18:24:07+0700
id-n1-004,sahabatai-1-llama3-q4km-local,open-py3,0,2,2,0,1,5,395,0.0000000000,12,1,2026-08-14T23:24:45,600,2026-08-15T18:24:07+0700
id-n1-005,sahabatai-1-llama3-q4km-local,open-py3,0,0,0,0,0,6,433,0.0000000000,14,0,2026-08-14T23:24:46,600,2026-08-15T18:24:07+0700
id-n1-006,sahabatai-1-llama3-q4km-local,open-py3,0,0,0,1,2,7,431,0.0000000000,13,1,2026-08-14T23:24:48,600,2026-08-15T18:24:07+0700
id-n1-007,sahabatai-1-llama3-q4km-local,open-py3,1,2,2,2,2,6,432,0.0000000000,15,1,2026-08-14T23:24:50,600,2026-08-15T18:24:07+0700
id-n1-008,sahabatai-1-llama3-q4km-local,open-py3,1,1,1,1,1,6,435,0.0000000000,12,0,2026-08-14T23:24:51,600,2026-08-15T18:24:07+0700
id-n1-009,sahabatai-1-llama3-q4km-local,open-py3,0,0,0,1,2,5,429,0.0000000000,15,1,2026-08-14T23:24:53,600,2026-08-15T18:24:07+0700
id-n1-010,sahabatai-1-llama3-q4km-local,open-py3,1,0,0,1,1,7,333,0.0000000000,12,0,2026-08-14T23:24:55,600,2026-08-15T18:24:07+0700
id-n1-011,sahabatai-1-llama3-q4km-local,open-py3,0,2,2,0,1,6,327,0.0000000000,11,0,2026-08-14T23:24:56,600,2026-08-15T18:24:07+0700
id-n1-012,sahabatai-1-llama3-q4km-local,open-py3,1,4,4,0,0,8,436,0.0000000000,15,0,2026-08-14T23:24:58,600,2026-08-15T18:24:07+0700
id-n1-013,sahabatai-1-llama3-q4km-local,open-py3,0,2,3,1,1,7,349,0.0000000000,13,0,2026-08-14T23:24:59,600,2026-08-15T18:24:07+0700
id-n1-014,sahabatai-1-llama3-q4km-local,open-py3,0,1,1,0,2,8,418,0.0000000000,15,0,2026-08-14T23:25:01,600,2026-08-15T18:24:07+0700
id-n1-015,sahabatai-1-llama3-q4km-local,open-py3,0,0,0,0,0,8,427,0.0000000000,14,1,2026-08-14T23:25:03,600,2026-08-15T18:24:07+0700
id-n1-016,sahabatai-1-llama3-q4km-local,open-py3,1,1,1,2,2,6,433,0.0000000000,12,0,2026-08-14T23:25:04,600,2026-08-15T18:24:07+0700
id-n1-017,sahabatai-1-llama3-q4km-local,open-py3,0,2,2,0,0,6,335,0.0000000000,12,0,2026-08-14T23:25:06,600,2026-08-15T18:24:07+0700
id-n1-018,sahabatai-1-llama3-q4km-local,open-py3,0,0,1,2,3,5,424,0.0000000000,13,0,2026-08-14T23:25:07,600,2026-08-15T18:24:07+0700
id-n1-019,sahabatai-1-llama3-q4km-local,open-py3,1,0,0,1,1,6,361,0.0000000000,13,0,2026-08-14T23:25:09,600,2026-08-15T18:24:07+0700
id-n1-020,sahabatai-1-llama3-q4km-local,open-py3,1,2,3,3,3,7,405,0.0000000000,14,1,2026-08-14T23:25:11,600,2026-08-15T18:24:07+0700
id-n1-021,sahabatai-1-llama3-q4km-local,open-py3,0,0,1,1,2,6,536,0.0000000000,14,0,2026-08-14T23:25:12,600,2026-08-15T18:24:07+0700
id-n1-022,sahabatai-1-llama3-q4km-local,open-py3,0,1,1,2,3,6,362,0.0000000000,14,0,2026-08-14T23:25:14,600,2026-08-15T18:24:07+0700
id-n1-023,sahabatai-1-llama3-q4km-local,open-py3,0,1,1,0,1,3,433,0.0000000000,11,1,2026-08-14T23:25:15,600,2026-08-15T18:24:07+0700
id-n1-024,sahabatai-1-llama3-q4km-local,open-py3,0,0,0,1,2,6,339,0.0000000000,12,0,2026-08-14T23:25:17,600,2026-08-15T18:24:07+0700
id-n1-025,sahabatai-1-llama3-q4km-local,open-py3,0,1,1,2,3,8,390,0.0000000000,13,0,2026-08-14T23:25:19,600,2026-08-15T18:24:07+0700
id-n1-026,sahabatai-1-llama3-q4km-local,open-py3,1,0,0,1,1,6,433,0.0000000000,12,0,2026-08-14T23:25:20,600,2026-08-15T18:24:07+0700
id-n1-027,sahabatai-1-llama3-q4km-local,open-py3,0,0,0,2,3,6,431,0.0000000000,13,0,2026-08-14T23:25:22,600,2026-08-15T18:24:07+0700
id-n1-028,sahabatai-1-llama3-q4km-local,open-py3,0,1,1,2,2,9,432,0.0000000000,16,0,2026-08-14T23:25:24,600,2026-08-15T18:24:07+0700
id-n1-029,sahabatai-1-llama3-q4km-local,open-py3,1,0,0,2,2,4,369,0.0000000000,14,0,2026-08-14T23:25:25,600,2026-08-15T18:24:07+0700
id-n1-030,sahabatai-1-llama3-q4km-local,open-py3,1,1,1,0,0,6,341,0.0000000000,12,0,2026-08-14T23:25:27,600,2026-08-15T18:24:07+0700
id-n1-031,sahabatai-1-llama3-q4km-local,open-py3,1,1,1,2,2,7,336,0.0000000000,12,1,2026-08-14T23:25:28,600,2026-08-15T18:24:07+0700
id-n1-032,sahabatai-1-llama3-q4km-local,open-py3,1,0,0,1,1,5,385,0.0000000000,10,0,2026-08-14T23:25:30,600,2026-08-15T18:24:07+0700
id-n1-033,sahabatai-1-llama3-q4km-local,open-py3,0,0,1,0,1,5,438,0.0000000000,14,0,2026-08-14T23:25:31,600,2026-08-15T18:24:07+0700
id-n1-034,sahabatai-1-llama3-q4km-local,open-py3,0,0,0,0,2,7,431,0.0000000000,13,1,2026-08-14T23:25:33,600,2026-08-15T18:24:07+0700
id-n1-035,sahabatai-1-llama3-q4km-local,open-py3,0,0,0,0,0,6,431,0.0000000000,15,0,2026-08-14T23:25:35,600,2026-08-15T18:24:07+0700
id-n1-036,sahabatai-1-llama3-q4km-local,open-py3,1,0,0,1,1,6,376,0.0000000000,15,1,2026-08-14T23:25:36,600,2026-08-15T18:24:07+0700
id-n1-037,sahabatai-1-llama3-q4km-local,open-py3,1,1,1,1,1,7,375,0.0000000000,14,0,2026-08-14T23:25:38,600,2026-08-15T18:24:07+0700
id-n1-038,sahabatai-1-llama3-q4km-local,open-py3,0,0,0,0,2,6,321,0.0000000000,11,0,2026-08-14T23:25:39,600,2026-08-15T18:24:07+0700
id-n1-039,sahabatai-1-llama3-q4km-local,open-py3,0,1,1,0,0,6,458,0.0000000000,14,0,2026-08-14T23:25:41,600,2026-08-15T18:24:07+0700
id-n1-040,sahabatai-1-llama3-q4km-local,open-py3,0,1,1,1,1,5,316,0.0000000000,11,0,2026-08-14T23:25:43,600,2026-08-15T18:24:07+0700
id-n1-041,sahabatai-1-llama3-q4km-local,open-py3,0,0,0,0,2,6,406,0.0000000000,17,1,2026-08-14T23:25:44,600,2026-08-15T18:24:07+0700
id-n1-042,sahabatai-1-llama3-q4km-local,open-py3,1,1,1,3,3,6,440,0.0000000000,13,1,2026-08-14T23:25:46,600,2026-08-15T18:24:07+0700
id-n1-043,sahabatai-1-llama3-q4km-local,open-py3,0,1,1,0,1,6,379,0.0000000000,15,0,2026-08-14T23:25:47,600,2026-08-15T18:24:07+0700
id-n1-044,sahabatai-1-llama3-q4km-local,open-py3,0,0,0,0,3,6,399,0.0000000000,15,0,2026-08-14T23:25:49,600,2026-08-15T18:24:07+0700
id-n1-045,sahabatai-1-llama3-q4km-local,open-py3,1,1,1,3,3,7,446,0.0000000000,14,0,2026-08-14T23:25:51,600,2026-08-15T18:24:07+0700
id-n1-046,sahabatai-1-llama3-q4km-local,open-py3,0,0,0,0,1,4,348,0.0000000000,13,1,2026-08-14T23:25:52,600,2026-08-15T18:24:07+0700
id-n1-047,sahabatai-1-llama3-q4km-local,open-py3,0,0,0,2,3,6,415,0.0000000000,13,0,2026-08-14T23:25:54,600,2026-08-15T18:24:07+0700
id-n1-048,sahabatai-1-llama3-q4km-local,open-py3,1,1,1,2,2,5,320,0.0000000000,11,0,2026-08-14T23:25:55,600,2026-08-15T18:24:07+0700
id-n1-049,sahabatai-1-llama3-q4km-local,open-py3,1,1,1,0,0,6,451,0.0000000000,13,0,2026-08-14T23:25:57,600,2026-08-15T18:24:07+0700
id-n1-050,sahabatai-1-llama3-q4km-local,open-py3,0,0,0,0,0,5,378,0.0000000000,13,1,2026-08-14T23:25:59,600,2026-08-15T18:24:07+0700
id-n1-051,sahabatai-1-llama3-q4km-local,open-py3,1,0,0,1,1,7,332,0.0000000000,12,0,2026-08-14T23:26:00,600,2026-08-15T18:24:07+0700
id-n1-052,sahabatai-1-llama3-q4km-local,open-py3,1,0,0,2,2,5,386,0.0000000000,14,0,2026-08-14T23:26:02,600,2026-08-15T18:24:07+0700
id-n1-053,sahabatai-1-llama3-q4km-local,open-py3,1,1,1,1,1,7,432,0.0000000000,16,1,2026-08-14T23:26:03,600,2026-08-15T18:24:07+0700
id-n1-054,sahabatai-1-llama3-q4km-local,open-py3,0,0,0,0,0,7,429,0.0000000000,13,0,2026-08-14T23:26:05,600,2026-08-15T18:24:07+0700
id-n2-001,sahabatai-1-llama3-q4km-local,open-py3,0,0,0,5,5,9,432,0.0000000000,15,0,2026-08-14T23:26:07,600,2026-08-15T18:24:07+0700
id-n2-002,sahabatai-1-llama3-q4km-local,open-py3,0,0,0,2,3,7,382,0.0000000000,15,1,2026-08-14T23:26:08,600,2026-08-15T18:24:07+0700
id-n2-003,sahabatai-1-llama3-q4km-local,open-py3,1,0,0,2,2,7,371,0.0000000000,14,1,2026-08-14T23:26:10,600,2026-08-15T18:24:07+0700
id-n2-004,sahabatai-1-llama3-q4km-local,open-py3,0,0,0,5,6,6,351,0.0000000000,13,0,2026-08-14T23:26:11,600,2026-08-15T18:24:07+0700
id-n2-005,sahabatai-1-llama3-q4km-local,open-py3,0,0,0,5,6,6,431,0.0000000000,14,0,2026-08-14T23:26:13,600,2026-08-15T18:24:07+0700
id-n2-006,sahabatai-1-llama3-q4km-local,open-py3,1,0,0,1,1,7,433,0.0000000000,12,1,2026-08-14T23:26:15,600,2026-08-15T18:24:07+0700
id-n2-007,sahabatai-1-llama3-q4km-local,open-py3,0,0,0,1,2,6,355,0.0000000000,13,0,2026-08-14T23:26:16,600,2026-08-15T18:24:07+0700
id-n2-008,sahabatai-1-llama3-q4km-local,open-py3,0,0,0,0,1,8,513,0.0000000000,18,0,2026-08-14T23:26:18,600,2026-08-15T18:24:07+0700
id-n2-009,sahabatai-1-llama3-q4km-local,open-py3,0,0,0,2,3,7,432,0.0000000000,14,0,2026-08-14T23:26:20,600,2026-08-15T18:24:07+0700
id-n2-010,sahabatai-1-llama3-q4km-local,open-py3,1,0,0,4,4,6,537,0.0000000000,17,0,2026-08-14T23:26:21,600,2026-08-15T18:24:07+0700
id-n2-011,sahabatai-1-llama3-q4km-local,open-py3,0,0,0,6,7,7,429,0.0000000000,14,1,2026-08-14T23:26:23,600,2026-08-15T18:24:07+0700
id-n2-012,sahabatai-1-llama3-q4km-local,open-py3,1,0,0,3,3,6,441,0.0000000000,19,0,2026-08-14T23:26:25,600,2026-08-15T18:24:07+0700
id-n2-013,sahabatai-1-llama3-q4km-local,open-py3,0,0,0,0,1,6,424,0.0000000000,12,0,2026-08-14T23:26:26,600,2026-08-15T18:24:07+0700
id-n2-014,sahabatai-1-llama3-q4km-local,open-py3,0,0,0,1,3,6,408,0.0000000000,17,0,2026-08-14T23:26:28,600,2026-08-15T18:24:07+0700
id-n2-015,sahabatai-1-llama3-q4km-local,open-py3,1,0,0,2,2,5,375,0.0000000000,15,0,2026-08-14T23:26:29,600,2026-08-15T18:24:07+0700
id-n1-001,sea-lion-v4-5-e2b-q4km-local,open-py1,1,0,0,1,1,7,905,0.0000000000,12,0,2026-08-15T16:42:18,600,2026-08-15T18:24:07+0700
id-n1-002,sea-lion-v4-5-e2b-q4km-local,open-py1,0,0,0,1,1,7,844,0.0000000000,12,0,2026-08-15T16:42:21,600,2026-08-15T18:24:07+0700
id-n1-003,sea-lion-v4-5-e2b-q4km-local,open-py1,1,1,1,2,2,7,740,0.0000000000,9,1,2026-08-15T16:42:22,600,2026-08-15T18:24:07+0700
id-n1-004,sea-lion-v4-5-e2b-q4km-local,open-py1,1,2,2,1,1,5,958,0.0000000000,8,1,2026-08-15T16:42:25,600,2026-08-15T18:24:07+0700
id-n1-005,sea-lion-v4-5-e2b-q4km-local,open-py1,1,0,0,0,0,6,890,0.0000000000,9,0,2026-08-15T16:42:27,600,2026-08-15T18:24:07+0700
id-n1-006,sea-lion-v4-5-e2b-q4km-local,open-py1,0,0,0,2,2,7,951,0.0000000000,10,1,2026-08-15T16:42:29,600,2026-08-15T18:24:07+0700
id-n1-007,sea-lion-v4-5-e2b-q4km-local,open-py1,1,2,2,2,2,6,935,0.0000000000,11,1,2026-08-15T16:42:31,600,2026-08-15T18:24:07+0700
id-n1-008,sea-lion-v4-5-e2b-q4km-local,open-py1,1,1,1,1,1,6,938,0.0000000000,8,0,2026-08-15T16:42:33,600,2026-08-15T18:24:07+0700
id-n1-009,sea-lion-v4-5-e2b-q4km-local,open-py1,0,0,0,1,2,5,917,0.0000000000,11,1,2026-08-15T16:42:35,600,2026-08-15T18:24:07+0700
id-n1-010,sea-lion-v4-5-e2b-q4km-local,open-py1,0,0,0,0,1,8,754,0.0000000000,12,0,2026-08-15T16:42:37,600,2026-08-15T18:24:07+0700
id-n1-011,sea-lion-v4-5-e2b-q4km-local,open-py1,0,2,2,0,1,6,837,0.0000000000,8,0,2026-08-15T16:42:39,600,2026-08-15T18:24:07+0700
id-n1-012,sea-lion-v4-5-e2b-q4km-local,open-py1,0,3,4,0,0,8,1045,0.0000000000,12,0,2026-08-15T16:42:42,600,2026-08-15T18:24:07+0700
id-n1-013,sea-lion-v4-5-e2b-q4km-local,open-py1,0,2,3,0,1,7,944,0.0000000000,11,0,2026-08-15T16:42:44,600,2026-08-15T18:24:07+0700
id-n1-014,sea-lion-v4-5-e2b-q4km-local,open-py1,0,0,1,1,2,6,887,0.0000000000,12,0,2026-08-15T16:42:46,600,2026-08-15T18:24:07+0700
id-n1-015,sea-lion-v4-5-e2b-q4km-local,open-py1,0,0,0,0,0,5,891,0.0000000000,9,1,2026-08-15T16:42:48,600,2026-08-15T18:24:07+0700
id-n1-016,sea-lion-v4-5-e2b-q4km-local,open-py1,1,1,1,2,2,6,846,0.0000000000,8,0,2026-08-15T16:42:50,600,2026-08-15T18:24:07+0700
id-n1-017,sea-lion-v4-5-e2b-q4km-local,open-py1,0,2,2,0,0,5,940,0.0000000000,11,0,2026-08-15T16:42:52,600,2026-08-15T18:24:07+0700
id-n1-018,sea-lion-v4-5-e2b-q4km-local,open-py1,0,0,1,2,3,6,938,0.0000000000,11,0,2026-08-15T16:42:54,600,2026-08-15T18:24:07+0700
id-n1-019,sea-lion-v4-5-e2b-q4km-local,open-py1,1,0,0,1,1,6,940,0.0000000000,11,0,2026-08-15T16:42:56,600,2026-08-15T18:24:07+0700
id-n1-020,sea-lion-v4-5-e2b-q4km-local,open-py1,0,3,3,2,3,6,1056,0.0000000000,11,1,2026-08-15T16:42:59,600,2026-08-15T18:24:07+0700
id-n1-021,sea-lion-v4-5-e2b-q4km-local,open-py1,0,0,1,1,2,6,935,0.0000000000,11,0,2026-08-15T16:43:01,600,2026-08-15T18:24:07+0700
id-n1-022,sea-lion-v4-5-e2b-q4km-local,open-py1,0,1,1,2,3,6,812,0.0000000000,8,0,2026-08-15T16:43:03,600,2026-08-15T18:24:07+0700
id-n1-023,sea-lion-v4-5-e2b-q4km-local,open-py1,1,1,1,1,1,4,791,0.0000000000,7,1,2026-08-15T16:43:05,600,2026-08-15T18:24:07+0700
id-n1-024,sea-lion-v4-5-e2b-q4km-local,open-py1,1,0,0,2,2,6,1022,0.0000000000,8,0,2026-08-15T16:43:07,600,2026-08-15T18:24:07+0700
id-n1-025,sea-lion-v4-5-e2b-q4km-local,open-py1,1,1,1,3,3,7,836,0.0000000000,9,0,2026-08-15T16:43:09,600,2026-08-15T18:24:07+0700
id-n1-026,sea-lion-v4-5-e2b-q4km-local,open-py1,0,0,0,1,1,6,851,0.0000000000,9,0,2026-08-15T16:43:11,600,2026-08-15T18:24:07+0700
id-n1-027,sea-lion-v4-5-e2b-q4km-local,open-py1,0,0,0,2,3,6,932,0.0000000000,9,0,2026-08-15T16:43:13,600,2026-08-15T18:24:07+0700
id-n1-028,sea-lion-v4-5-e2b-q4km-local,open-py1,0,1,1,1,2,9,942,0.0000000000,11,0,2026-08-15T16:43:15,600,2026-08-15T18:24:07+0700
id-n1-029,sea-lion-v4-5-e2b-q4km-local,open-py1,1,0,0,2,2,4,1080,0.0000000000,11,0,2026-08-15T16:43:18,600,2026-08-15T18:24:07+0700
id-n1-030,sea-lion-v4-5-e2b-q4km-local,open-py1,1,1,1,0,0,6,879,0.0000000000,9,0,2026-08-15T16:43:20,600,2026-08-15T18:24:07+0700
id-n1-031,sea-lion-v4-5-e2b-q4km-local,open-py1,0,1,1,1,2,7,828,0.0000000000,9,1,2026-08-15T16:43:22,600,2026-08-15T18:24:07+0700
id-n1-032,sea-lion-v4-5-e2b-q4km-local,open-py1,1,0,0,1,1,5,961,0.0000000000,7,0,2026-08-15T16:43:24,600,2026-08-15T18:24:07+0700
id-n1-033,sea-lion-v4-5-e2b-q4km-local,open-py1,0,0,1,1,1,5,846,0.0000000000,12,0,2026-08-15T16:43:26,600,2026-08-15T18:24:07+0700
id-n1-034,sea-lion-v4-5-e2b-q4km-local,open-py1,1,0,0,2,2,7,840,0.0000000000,10,1,2026-08-15T16:43:28,600,2026-08-15T18:24:07+0700
id-n1-035,sea-lion-v4-5-e2b-q4km-local,open-py1,0,0,0,0,0,7,939,0.0000000000,10,0,2026-08-15T16:43:30,600,2026-08-15T18:24:07+0700
id-n1-036,sea-lion-v4-5-e2b-q4km-local,open-py1,0,0,0,1,1,6,954,0.0000000000,12,1,2026-08-15T16:43:32,600,2026-08-15T18:24:07+0700
id-n1-037,sea-lion-v4-5-e2b-q4km-local,open-py1,0,1,1,1,1,7,849,0.0000000000,10,0,2026-08-15T16:43:35,600,2026-08-15T18:24:07+0700
id-n1-038,sea-lion-v4-5-e2b-q4km-local,open-py1,0,0,0,0,2,5,816,0.0000000000,8,0,2026-08-15T16:43:37,600,2026-08-15T18:24:07+0700
id-n1-039,sea-lion-v4-5-e2b-q4km-local,open-py1,0,1,1,0,0,6,942,0.0000000000,11,0,2026-08-15T16:43:39,600,2026-08-15T18:24:07+0700
id-n1-040,sea-lion-v4-5-e2b-q4km-local,open-py1,1,1,1,1,1,5,1041,0.0000000000,9,0,2026-08-15T16:43:41,600,2026-08-15T18:24:07+0700
id-n1-041,sea-lion-v4-5-e2b-q4km-local,open-py1,1,0,0,2,2,6,859,0.0000000000,12,1,2026-08-15T16:43:43,600,2026-08-15T18:24:07+0700
id-n1-042,sea-lion-v4-5-e2b-q4km-local,open-py1,0,1,1,2,3,6,815,0.0000000000,9,1,2026-08-15T16:43:45,600,2026-08-15T18:24:07+0700
id-n1-043,sea-lion-v4-5-e2b-q4km-local,open-py1,0,1,1,0,1,6,837,0.0000000000,9,0,2026-08-15T16:43:47,600,2026-08-15T18:24:07+0700
id-n1-044,sea-lion-v4-5-e2b-q4km-local,open-py1,0,0,0,2,3,6,965,0.0000000000,13,0,2026-08-15T16:43:49,600,2026-08-15T18:24:07+0700
id-n1-045,sea-lion-v4-5-e2b-q4km-local,open-py1,0,1,1,3,3,7,682,0.0000000000,9,0,2026-08-15T16:43:51,600,2026-08-15T18:24:07+0700
id-n1-046,sea-lion-v4-5-e2b-q4km-local,open-py1,1,0,0,1,1,5,876,0.0000000000,8,1,2026-08-15T16:43:53,600,2026-08-15T18:24:07+0700
id-n1-047,sea-lion-v4-5-e2b-q4km-local,open-py1,0,0,0,2,3,5,937,0.0000000000,9,0,2026-08-15T16:43:55,600,2026-08-15T18:24:07+0700
id-n1-048,sea-lion-v4-5-e2b-q4km-local,open-py1,1,1,1,2,2,5,838,0.0000000000,8,0,2026-08-15T16:43:57,600,2026-08-15T18:24:07+0700
id-n1-049,sea-lion-v4-5-e2b-q4km-local,open-py1,1,1,1,0,0,6,932,0.0000000000,10,0,2026-08-15T16:44:00,600,2026-08-15T18:24:07+0700
id-n1-050,sea-lion-v4-5-e2b-q4km-local,open-py1,0,0,0,0,0,5,956,0.0000000000,9,1,2026-08-15T16:44:02,600,2026-08-15T18:24:07+0700
id-n1-051,sea-lion-v4-5-e2b-q4km-local,open-py1,0,0,0,1,1,7,947,0.0000000000,9,0,2026-08-15T16:44:04,600,2026-08-15T18:24:07+0700
id-n1-052,sea-lion-v4-5-e2b-q4km-local,open-py1,0,0,0,2,2,5,944,0.0000000000,9,0,2026-08-15T16:44:06,600,2026-08-15T18:24:07+0700
id-n1-053,sea-lion-v4-5-e2b-q4km-local,open-py1,1,1,1,1,1,7,935,0.0000000000,11,1,2026-08-15T16:44:08,600,2026-08-15T18:24:07+0700
id-n1-054,sea-lion-v4-5-e2b-q4km-local,open-py1,1,0,0,0,0,7,871,0.0000000000,11,0,2026-08-15T16:44:10,600,2026-08-15T18:24:07+0700
id-n2-001,sea-lion-v4-5-e2b-q4km-local,open-py1,1,0,0,5,5,8,813,0.0000000000,12,0,2026-08-15T16:44:12,600,2026-08-15T18:24:07+0700
id-n2-002,sea-lion-v4-5-e2b-q4km-local,open-py1,1,0,0,3,3,7,1044,0.0000000000,12,1,2026-08-15T16:44:15,600,2026-08-15T18:24:07+0700
id-n2-003,sea-lion-v4-5-e2b-q4km-local,open-py1,1,0,0,2,2,7,819,0.0000000000,9,1,2026-08-15T16:44:17,600,2026-08-15T18:24:07+0700
id-n2-004,sea-lion-v4-5-e2b-q4km-local,open-py1,1,0,0,6,6,6,859,0.0000000000,9,0,2026-08-15T16:44:19,600,2026-08-15T18:24:07+0700
id-n2-005,sea-lion-v4-5-e2b-q4km-local,open-py1,1,0,0,6,6,6,837,0.0000000000,9,0,2026-08-15T16:44:21,600,2026-08-15T18:24:07+0700
id-n2-006,sea-lion-v4-5-e2b-q4km-local,open-py1,1,0,0,1,1,7,914,0.0000000000,10,1,2026-08-15T16:44:23,600,2026-08-15T18:24:07+0700
id-n2-007,sea-lion-v4-5-e2b-q4km-local,open-py1,1,0,0,2,2,6,862,0.0000000000,9,0,2026-08-15T16:44:25,600,2026-08-15T18:24:07+0700
id-n2-008,sea-lion-v4-5-e2b-q4km-local,open-py1,1,0,0,1,1,7,935,0.0000000000,10,0,2026-08-15T16:44:27,600,2026-08-15T18:24:07+0700
id-n2-009,sea-lion-v4-5-e2b-q4km-local,open-py1,0,0,0,2,3,6,821,0.0000000000,9,0,2026-08-15T16:44:29,600,2026-08-15T18:24:07+0700
id-n2-010,sea-lion-v4-5-e2b-q4km-local,open-py1,1,0,0,4,4,6,860,0.0000000000,12,0,2026-08-15T16:44:31,600,2026-08-15T18:24:07+0700
id-n2-011,sea-lion-v4-5-e2b-q4km-local,open-py1,1,0,0,7,7,7,746,0.0000000000,9,1,2026-08-15T16:44:33,600,2026-08-15T18:24:07+0700
id-n2-012,sea-lion-v4-5-e2b-q4km-local,open-py1,1,0,0,3,3,6,807,0.0000000000,13,0,2026-08-15T16:44:35,600,2026-08-15T18:24:07+0700
id-n2-013,sea-lion-v4-5-e2b-q4km-local,open-py1,1,0,0,1,1,5,864,0.0000000000,8,0,2026-08-15T16:44:37,600,2026-08-15T18:24:07+0700
id-n2-014,sea-lion-v4-5-e2b-q4km-local,open-py1,0,0,0,2,3,6,891,0.0000000000,14,0,2026-08-15T16:44:39,600,2026-08-15T18:24:07+0700
id-n2-015,sea-lion-v4-5-e2b-q4km-local,open-py1,1,0,0,2,2,5,704,0.0000000000,10,0,2026-08-15T16:44:41,600,2026-08-15T18:24:07+0700
id-n1-001,sea-lion-v4-5-e2b-q4km-local,open-py2,1,0,0,1,1,7,851,0.0000000000,12,0,2026-08-15T16:44:43,600,2026-08-15T18:24:07+0700
id-n1-002,sea-lion-v4-5-e2b-q4km-local,open-py2,1,0,0,1,1,8,861,0.0000000000,13,0,2026-08-15T16:44:45,600,2026-08-15T18:24:07+0700
id-n1-003,sea-lion-v4-5-e2b-q4km-local,open-py2,1,1,1,2,2,7,758,0.0000000000,9,1,2026-08-15T16:44:47,600,2026-08-15T18:24:07+0700
id-n1-004,sea-lion-v4-5-e2b-q4km-local,open-py2,1,2,2,1,1,5,834,0.0000000000,8,1,2026-08-15T16:44:49,600,2026-08-15T18:24:07+0700
id-n1-005,sea-lion-v4-5-e2b-q4km-local,open-py2,1,0,0,0,0,6,845,0.0000000000,9,0,2026-08-15T16:44:52,600,2026-08-15T18:24:07+0700
id-n1-006,sea-lion-v4-5-e2b-q4km-local,open-py2,0,0,0,2,2,7,846,0.0000000000,10,1,2026-08-15T16:44:54,600,2026-08-15T18:24:07+0700
id-n1-007,sea-lion-v4-5-e2b-q4km-local,open-py2,1,2,2,2,2,6,945,0.0000000000,11,1,2026-08-15T16:44:56,600,2026-08-15T18:24:07+0700
id-n1-008,sea-lion-v4-5-e2b-q4km-local,open-py2,1,1,1,1,1,6,937,0.0000000000,8,0,2026-08-15T16:44:58,600,2026-08-15T18:24:07+0700
id-n1-009,sea-lion-v4-5-e2b-q4km-local,open-py2,0,0,0,1,2,5,951,0.0000000000,11,1,2026-08-15T16:45:00,600,2026-08-15T18:24:07+0700
id-n1-010,sea-lion-v4-5-e2b-q4km-local,open-py2,1,0,0,1,1,7,847,0.0000000000,10,0,2026-08-15T16:45:02,600,2026-08-15T18:24:07+0700
id-n1-011,sea-lion-v4-5-e2b-q4km-local,open-py2,1,2,2,1,1,6,924,0.0000000000,8,0,2026-08-15T16:45:04,600,2026-08-15T18:24:07+0700
id-n1-012,sea-lion-v4-5-e2b-q4km-local,open-py2,1,4,4,0,0,8,959,0.0000000000,11,0,2026-08-15T16:45:06,600,2026-08-15T18:24:07+0700
id-n1-013,sea-lion-v4-5-e2b-q4km-local,open-py2,0,1,3,1,1,7,925,0.0000000000,11,0,2026-08-15T16:45:09,600,2026-08-15T18:24:07+0700
id-n1-014,sea-lion-v4-5-e2b-q4km-local,open-py2,0,0,1,2,2,8,947,0.0000000000,13,0,2026-08-15T16:45:11,600,2026-08-15T18:24:07+0700
id-n1-015,sea-lion-v4-5-e2b-q4km-local,open-py2,0,0,0,0,0,5,1061,0.0000000000,9,1,2026-08-15T16:45:13,600,2026-08-15T18:24:07+0700
id-n1-016,sea-lion-v4-5-e2b-q4km-local,open-py2,1,1,1,2,2,6,1031,0.0000000000,8,0,2026-08-15T16:45:15,600,2026-08-15T18:24:07+0700
id-n1-017,sea-lion-v4-5-e2b-q4km-local,open-py2,1,2,2,0,0,6,940,0.0000000000,9,0,2026-08-15T16:45:17,600,2026-08-15T18:24:07+0700
id-n1-018,sea-lion-v4-5-e2b-q4km-local,open-py2,0,0,1,3,3,6,948,0.0000000000,10,0,2026-08-15T16:45:19,600,2026-08-15T18:24:07+0700
id-n1-019,sea-lion-v4-5-e2b-q4km-local,open-py2,1,0,0,1,1,6,929,0.0000000000,11,0,2026-08-15T16:45:22,600,2026-08-15T18:24:07+0700
id-n1-020,sea-lion-v4-5-e2b-q4km-local,open-py2,1,3,3,3,3,6,940,0.0000000000,11,1,2026-08-15T16:45:24,600,2026-08-15T18:24:07+0700
id-n1-021,sea-lion-v4-5-e2b-q4km-local,open-py2,0,0,1,2,2,6,852,0.0000000000,11,0,2026-08-15T16:45:26,600,2026-08-15T18:24:07+0700
id-n1-022,sea-lion-v4-5-e2b-q4km-local,open-py2,1,1,1,3,3,6,727,0.0000000000,9,0,2026-08-15T16:45:28,600,2026-08-15T18:24:07+0700
id-n1-023,sea-lion-v4-5-e2b-q4km-local,open-py2,1,1,1,1,1,4,804,0.0000000000,7,1,2026-08-15T16:45:30,600,2026-08-15T18:24:07+0700
id-n1-024,sea-lion-v4-5-e2b-q4km-local,open-py2,1,0,0,2,2,6,820,0.0000000000,8,0,2026-08-15T16:45:32,600,2026-08-15T18:24:07+0700
id-n1-025,sea-lion-v4-5-e2b-q4km-local,open-py2,1,1,1,3,3,7,921,0.0000000000,9,0,2026-08-15T16:45:34,600,2026-08-15T18:24:07+0700
id-n1-026,sea-lion-v4-5-e2b-q4km-local,open-py2,0,0,0,1,1,6,817,0.0000000000,9,0,2026-08-15T16:45:36,600,2026-08-15T18:24:07+0700
id-n1-027,sea-lion-v4-5-e2b-q4km-local,open-py2,1,0,0,3,3,6,825,0.0000000000,9,0,2026-08-15T16:45:38,600,2026-08-15T18:24:07+0700
id-n1-028,sea-lion-v4-5-e2b-q4km-local,open-py2,0,1,1,2,2,9,1146,0.0000000000,11,0,2026-08-15T16:45:40,600,2026-08-15T18:24:07+0700
id-n1-029,sea-lion-v4-5-e2b-q4km-local,open-py2,1,0,0,2,2,4,839,0.0000000000,11,0,2026-08-15T16:45:42,600,2026-08-15T18:24:07+0700
id-n1-030,sea-lion-v4-5-e2b-q4km-local,open-py2,1,1,1,0,0,6,949,0.0000000000,9,0,2026-08-15T16:45:45,600,2026-08-15T18:24:07+0700
id-n1-031,sea-lion-v4-5-e2b-q4km-local,open-py2,1,1,1,2,2,7,1028,0.0000000000,9,1,2026-08-15T16:45:47,600,2026-08-15T18:24:07+0700
id-n1-032,sea-lion-v4-5-e2b-q4km-local,open-py2,1,0,0,1,1,5,823,0.0000000000,7,0,2026-08-15T16:45:49,600,2026-08-15T18:24:07+0700
id-n1-033,sea-lion-v4-5-e2b-q4km-local,open-py2,0,0,1,1,1,5,983,0.0000000000,12,0,2026-08-15T16:45:51,600,2026-08-15T18:24:07+0700
id-n1-034,sea-lion-v4-5-e2b-q4km-local,open-py2,1,0,0,2,2,7,826,0.0000000000,10,1,2026-08-15T16:45:53,600,2026-08-15T18:24:07+0700
id-n1-035,sea-lion-v4-5-e2b-q4km-local,open-py2,0,0,0,0,0,6,743,0.0000000000,10,0,2026-08-15T16:45:55,600,2026-08-15T18:24:07+0700
id-n1-036,sea-lion-v4-5-e2b-q4km-local,open-py2,1,0,0,1,1,6,942,0.0000000000,12,1,2026-08-15T16:45:57,600,2026-08-15T18:24:07+0700
id-n1-037,sea-lion-v4-5-e2b-q4km-local,open-py2,1,1,1,1,1,7,947,0.0000000000,10,0,2026-08-15T16:45:59,600,2026-08-15T18:24:07+0700
id-n1-038,sea-lion-v4-5-e2b-q4km-local,open-py2,1,0,0,2,2,5,800,0.0000000000,8,0,2026-08-15T16:46:01,600,2026-08-15T18:24:07+0700
id-n1-039,sea-lion-v4-5-e2b-q4km-local,open-py2,1,1,1,0,0,6,778,0.0000000000,11,0,2026-08-15T16:46:03,600,2026-08-15T18:24:07+0700
id-n1-040,sea-lion-v4-5-e2b-q4km-local,open-py2,1,1,1,1,1,5,762,0.0000000000,9,0,2026-08-15T16:46:05,600,2026-08-15T18:24:07+0700
id-n1-041,sea-lion-v4-5-e2b-q4km-local,open-py2,1,0,0,2,2,6,822,0.0000000000,12,1,2026-08-15T16:46:07,600,2026-08-15T18:24:07+0700
id-n1-042,sea-lion-v4-5-e2b-q4km-local,open-py2,1,1,1,3,3,6,838,0.0000000000,9,1,2026-08-15T16:46:09,600,2026-08-15T18:24:07+0700
id-n1-043,sea-lion-v4-5-e2b-q4km-local,open-py2,1,1,1,1,1,6,1067,0.0000000000,9,0,2026-08-15T16:46:12,600,2026-08-15T18:24:07+0700
id-n1-044,sea-lion-v4-5-e2b-q4km-local,open-py2,0,0,0,2,3,6,895,0.0000000000,13,0,2026-08-15T16:46:14,600,2026-08-15T18:24:07+0700
id-n1-045,sea-lion-v4-5-e2b-q4km-local,open-py2,0,1,1,3,3,7,863,0.0000000000,8,0,2026-08-15T16:46:16,600,2026-08-15T18:24:07+0700
id-n1-046,sea-lion-v4-5-e2b-q4km-local,open-py2,1,0,0,1,1,5,824,0.0000000000,8,1,2026-08-15T16:46:18,600,2026-08-15T18:24:07+0700
id-n1-047,sea-lion-v4-5-e2b-q4km-local,open-py2,1,0,0,3,3,6,848,0.0000000000,10,0,2026-08-15T16:46:20,600,2026-08-15T18:24:07+0700
id-n1-048,sea-lion-v4-5-e2b-q4km-local,open-py2,1,1,1,2,2,5,734,0.0000000000,8,0,2026-08-15T16:46:22,600,2026-08-15T18:24:07+0700
id-n1-049,sea-lion-v4-5-e2b-q4km-local,open-py2,1,1,1,0,0,6,837,0.0000000000,10,0,2026-08-15T16:46:24,600,2026-08-15T18:24:07+0700
id-n1-050,sea-lion-v4-5-e2b-q4km-local,open-py2,0,0,0,0,0,5,953,0.0000000000,9,1,2026-08-15T16:46:26,600,2026-08-15T18:24:07+0700
id-n1-051,sea-lion-v4-5-e2b-q4km-local,open-py2,0,0,0,1,1,7,1036,0.0000000000,9,0,2026-08-15T16:46:28,600,2026-08-15T18:24:07+0700
id-n1-052,sea-lion-v4-5-e2b-q4km-local,open-py2,0,0,0,2,2,5,945,0.0000000000,9,0,2026-08-15T16:46:30,600,2026-08-15T18:24:07+0700
id-n1-053,sea-lion-v4-5-e2b-q4km-local,open-py2,0,0,1,1,1,7,936,0.0000000000,11,1,2026-08-15T16:46:33,600,2026-08-15T18:24:07+0700
id-n1-054,sea-lion-v4-5-e2b-q4km-local,open-py2,0,0,0,0,0,7,878,0.0000000000,11,0,2026-08-15T16:46:35,600,2026-08-15T18:24:07+0700
id-n2-001,sea-lion-v4-5-e2b-q4km-local,open-py2,1,0,0,5,5,8,750,0.0000000000,12,0,2026-08-15T16:46:37,600,2026-08-15T18:24:07+0700
id-n2-002,sea-lion-v4-5-e2b-q4km-local,open-py2,1,0,0,3,3,7,740,0.0000000000,12,1,2026-08-15T16:46:39,600,2026-08-15T18:24:07+0700
id-n2-003,sea-lion-v4-5-e2b-q4km-local,open-py2,1,0,0,2,2,7,851,0.0000000000,9,1,2026-08-15T16:46:41,600,2026-08-15T18:24:07+0700
id-n2-004,sea-lion-v4-5-e2b-q4km-local,open-py2,1,0,0,6,6,6,778,0.0000000000,9,0,2026-08-15T16:46:43,600,2026-08-15T18:24:07+0700
id-n2-005,sea-lion-v4-5-e2b-q4km-local,open-py2,1,0,0,6,6,6,834,0.0000000000,9,0,2026-08-15T16:46:45,600,2026-08-15T18:24:07+0700
id-n2-006,sea-lion-v4-5-e2b-q4km-local,open-py2,1,0,0,1,1,7,882,0.0000000000,10,1,2026-08-15T16:46:47,600,2026-08-15T18:24:07+0700
id-n2-007,sea-lion-v4-5-e2b-q4km-local,open-py2,1,0,0,2,2,6,893,0.0000000000,9,0,2026-08-15T16:46:49,600,2026-08-15T18:24:07+0700
id-n2-008,sea-lion-v4-5-e2b-q4km-local,open-py2,1,0,0,1,1,7,842,0.0000000000,10,0,2026-08-15T16:46:51,600,2026-08-15T18:24:07+0700
id-n2-009,sea-lion-v4-5-e2b-q4km-local,open-py2,1,0,0,3,3,7,843,0.0000000000,10,0,2026-08-15T16:46:53,600,2026-08-15T18:24:07+0700
id-n2-010,sea-lion-v4-5-e2b-q4km-local,open-py2,1,0,0,4,4,6,1048,0.0000000000,12,0,2026-08-15T16:46:55,600,2026-08-15T18:24:07+0700
id-n2-011,sea-lion-v4-5-e2b-q4km-local,open-py2,1,0,0,7,7,7,840,0.0000000000,9,1,2026-08-15T16:46:57,600,2026-08-15T18:24:07+0700
id-n2-012,sea-lion-v4-5-e2b-q4km-local,open-py2,1,0,0,3,3,6,939,0.0000000000,13,0,2026-08-15T16:46:59,600,2026-08-15T18:24:07+0700
id-n2-013,sea-lion-v4-5-e2b-q4km-local,open-py2,1,0,0,1,1,5,958,0.0000000000,8,0,2026-08-15T16:47:02,600,2026-08-15T18:24:07+0700
id-n2-014,sea-lion-v4-5-e2b-q4km-local,open-py2,1,0,0,3,3,6,930,0.0000000000,13,0,2026-08-15T16:47:04,600,2026-08-15T18:24:07+0700
id-n2-015,sea-lion-v4-5-e2b-q4km-local,open-py2,1,0,0,2,2,5,939,0.0000000000,10,0,2026-08-15T16:47:06,600,2026-08-15T18:24:07+0700
id-n1-001,sea-lion-v4-5-e2b-q4km-local,open-py3,1,0,0,1,1,7,1014,0.0000000000,12,0,2026-08-15T16:47:08,600,2026-08-15T18:24:07+0700
id-n1-002,sea-lion-v4-5-e2b-q4km-local,open-py3,1,0,0,1,1,8,948,0.0000000000,13,0,2026-08-15T16:47:10,600,2026-08-15T18:24:07+0700
id-n1-003,sea-lion-v4-5-e2b-q4km-local,open-py3,1,1,1,2,2,7,833,0.0000000000,9,1,2026-08-15T16:47:12,600,2026-08-15T18:24:07+0700
id-n1-004,sea-lion-v4-5-e2b-q4km-local,open-py3,1,2,2,1,1,5,851,0.0000000000,8,1,2026-08-15T16:47:14,600,2026-08-15T18:24:07+0700
id-n1-005,sea-lion-v4-5-e2b-q4km-local,open-py3,1,0,0,0,0,6,1033,0.0000000000,9,0,2026-08-15T16:47:17,600,2026-08-15T18:24:07+0700
id-n1-006,sea-lion-v4-5-e2b-q4km-local,open-py3,0,0,0,2,2,7,843,0.0000000000,10,1,2026-08-15T16:47:19,600,2026-08-15T18:24:07+0700
id-n1-007,sea-lion-v4-5-e2b-q4km-local,open-py3,1,2,2,2,2,6,940,0.0000000000,11,1,2026-08-15T16:47:21,600,2026-08-15T18:24:07+0700
id-n1-008,sea-lion-v4-5-e2b-q4km-local,open-py3,1,1,1,1,1,6,938,0.0000000000,8,0,2026-08-15T16:47:23,600,2026-08-15T18:24:07+0700
id-n1-009,sea-lion-v4-5-e2b-q4km-local,open-py3,0,0,0,1,2,5,939,0.0000000000,11,1,2026-08-15T16:47:25,600,2026-08-15T18:24:07+0700
id-n1-010,sea-lion-v4-5-e2b-q4km-local,open-py3,1,0,0,1,1,7,949,0.0000000000,10,0,2026-08-15T16:47:27,600,2026-08-15T18:24:07+0700
id-n1-011,sea-lion-v4-5-e2b-q4km-local,open-py3,1,2,2,1,1,6,930,0.0000000000,8,0,2026-08-15T16:47:30,600,2026-08-15T18:24:07+0700
id-n1-012,sea-lion-v4-5-e2b-q4km-local,open-py3,1,4,4,0,0,8,1146,0.0000000000,11,0,2026-08-15T16:47:32,600,2026-08-15T18:24:07+0700
id-n1-013,sea-lion-v4-5-e2b-q4km-local,open-py3,0,1,3,1,1,7,939,0.0000000000,11,0,2026-08-15T16:47:34,600,2026-08-15T18:24:07+0700
id-n1-014,sea-lion-v4-5-e2b-q4km-local,open-py3,1,1,1,2,2,8,919,0.0000000000,13,0,2026-08-15T16:47:36,600,2026-08-15T18:24:07+0700
id-n1-015,sea-lion-v4-5-e2b-q4km-local,open-py3,0,0,0,0,0,5,866,0.0000000000,9,1,2026-08-15T16:47:38,600,2026-08-15T18:24:07+0700
id-n1-016,sea-lion-v4-5-e2b-q4km-local,open-py3,1,1,1,2,2,6,844,0.0000000000,8,0,2026-08-15T16:47:40,600,2026-08-15T18:24:07+0700
id-n1-017,sea-lion-v4-5-e2b-q4km-local,open-py3,1,2,2,0,0,6,936,0.0000000000,9,0,2026-08-15T16:47:42,600,2026-08-15T18:24:07+0700
id-n1-018,sea-lion-v4-5-e2b-q4km-local,open-py3,0,0,1,3,3,6,937,0.0000000000,11,0,2026-08-15T16:47:45,600,2026-08-15T18:24:07+0700
id-n1-019,sea-lion-v4-5-e2b-q4km-local,open-py3,1,0,0,1,1,6,935,0.0000000000,11,0,2026-08-15T16:47:47,600,2026-08-15T18:24:07+0700
id-n1-020,sea-lion-v4-5-e2b-q4km-local,open-py3,1,3,3,3,3,6,947,0.0000000000,11,1,2026-08-15T16:47:49,600,2026-08-15T18:24:07+0700
id-n1-021,sea-lion-v4-5-e2b-q4km-local,open-py3,0,0,1,2,2,6,841,0.0000000000,11,0,2026-08-15T16:47:51,600,2026-08-15T18:24:07+0700
id-n1-022,sea-lion-v4-5-e2b-q4km-local,open-py3,1,1,1,3,3,6,851,0.0000000000,9,0,2026-08-15T16:47:53,600,2026-08-15T18:24:07+0700
id-n1-023,sea-lion-v4-5-e2b-q4km-local,open-py3,1,1,1,1,1,4,793,0.0000000000,7,1,2026-08-15T16:47:55,600,2026-08-15T18:24:07+0700
id-n1-024,sea-lion-v4-5-e2b-q4km-local,open-py3,1,0,0,2,2,6,983,0.0000000000,8,0,2026-08-15T16:47:57,600,2026-08-15T18:24:07+0700
id-n1-025,sea-lion-v4-5-e2b-q4km-local,open-py3,1,1,1,3,3,7,1036,0.0000000000,9,0,2026-08-15T16:47:59,600,2026-08-15T18:24:07+0700
id-n1-026,sea-lion-v4-5-e2b-q4km-local,open-py3,0,0,0,1,1,6,938,0.0000000000,9,0,2026-08-15T16:48:02,600,2026-08-15T18:24:07+0700
id-n1-027,sea-lion-v4-5-e2b-q4km-local,open-py3,0,0,0,2,3,6,1041,0.0000000000,9,0,2026-08-15T16:48:04,600,2026-08-15T18:24:07+0700
id-n1-028,sea-lion-v4-5-e2b-q4km-local,open-py3,0,1,1,2,2,9,942,0.0000000000,11,0,2026-08-15T16:48:06,600,2026-08-15T18:24:07+0700
id-n1-029,sea-lion-v4-5-e2b-q4km-local,open-py3,1,0,0,2,2,4,938,0.0000000000,11,0,2026-08-15T16:48:08,600,2026-08-15T18:24:07+0700
id-n1-030,sea-lion-v4-5-e2b-q4km-local,open-py3,1,1,1,0,0,6,840,0.0000000000,9,0,2026-08-15T16:48:10,600,2026-08-15T18:24:07+0700
id-n1-031,sea-lion-v4-5-e2b-q4km-local,open-py3,1,1,1,2,2,7,941,0.0000000000,9,1,2026-08-15T16:48:12,600,2026-08-15T18:24:07+0700
id-n1-032,sea-lion-v4-5-e2b-q4km-local,open-py3,1,0,0,1,1,5,938,0.0000000000,7,0,2026-08-15T16:48:14,600,2026-08-15T18:24:07+0700
id-n1-033,sea-lion-v4-5-e2b-q4km-local,open-py3,0,0,1,1,1,5,771,0.0000000000,12,0,2026-08-15T16:48:16,600,2026-08-15T18:24:07+0700
id-n1-034,sea-lion-v4-5-e2b-q4km-local,open-py3,1,0,0,2,2,7,805,0.0000000000,10,1,2026-08-15T16:48:18,600,2026-08-15T18:24:07+0700
id-n1-035,sea-lion-v4-5-e2b-q4km-local,open-py3,0,0,0,0,0,6,937,0.0000000000,10,0,2026-08-15T16:48:21,600,2026-08-15T18:24:07+0700
id-n1-036,sea-lion-v4-5-e2b-q4km-local,open-py3,0,0,0,1,1,6,915,0.0000000000,12,1,2026-08-15T16:48:23,600,2026-08-15T18:24:07+0700
id-n1-037,sea-lion-v4-5-e2b-q4km-local,open-py3,1,1,1,1,1,7,841,0.0000000000,10,0,2026-08-15T16:48:25,600,2026-08-15T18:24:07+0700
id-n1-038,sea-lion-v4-5-e2b-q4km-local,open-py3,1,0,0,2,2,5,712,0.0000000000,8,0,2026-08-15T16:48:27,600,2026-08-15T18:24:07+0700
id-n1-039,sea-lion-v4-5-e2b-q4km-local,open-py3,1,1,1,0,0,6,898,0.0000000000,11,0,2026-08-15T16:48:29,600,2026-08-15T18:24:07+0700
id-n1-040,sea-lion-v4-5-e2b-q4km-local,open-py3,1,1,1,1,1,5,748,0.0000000000,9,0,2026-08-15T16:48:31,600,2026-08-15T18:24:07+0700
id-n1-041,sea-lion-v4-5-e2b-q4km-local,open-py3,1,0,0,2,2,6,1042,0.0000000000,12,1,2026-08-15T16:48:33,600,2026-08-15T18:24:07+0700
id-n1-042,sea-lion-v4-5-e2b-q4km-local,open-py3,1,1,1,3,3,6,864,0.0000000000,9,1,2026-08-15T16:48:35,600,2026-08-15T18:24:07+0700
id-n1-043,sea-lion-v4-5-e2b-q4km-local,open-py3,1,1,1,1,1,6,819,0.0000000000,9,0,2026-08-15T16:48:37,600,2026-08-15T18:24:07+0700
id-n1-044,sea-lion-v4-5-e2b-q4km-local,open-py3,0,0,0,2,3,6,940,0.0000000000,13,0,2026-08-15T16:48:39,600,2026-08-15T18:24:07+0700
id-n1-045,sea-lion-v4-5-e2b-q4km-local,open-py3,0,1,1,3,3,7,843,0.0000000000,9,0,2026-08-15T16:48:41,600,2026-08-15T18:24:07+0700
id-n1-046,sea-lion-v4-5-e2b-q4km-local,open-py3,1,0,0,1,1,5,849,0.0000000000,8,1,2026-08-15T16:48:43,600,2026-08-15T18:24:07+0700
id-n1-047,sea-lion-v4-5-e2b-q4km-local,open-py3,1,0,0,3,3,6,831,0.0000000000,10,0,2026-08-15T16:48:45,600,2026-08-15T18:24:07+0700
id-n1-048,sea-lion-v4-5-e2b-q4km-local,open-py3,1,1,1,2,2,5,739,0.0000000000,8,0,2026-08-15T16:48:47,600,2026-08-15T18:24:07+0700
id-n1-049,sea-lion-v4-5-e2b-q4km-local,open-py3,1,1,1,0,0,6,840,0.0000000000,10,0,2026-08-15T16:48:49,600,2026-08-15T18:24:07+0700
id-n1-050,sea-lion-v4-5-e2b-q4km-local,open-py3,0,0,0,0,0,5,1042,0.0000000000,9,1,2026-08-15T16:48:52,600,2026-08-15T18:24:07+0700
id-n1-051,sea-lion-v4-5-e2b-q4km-local,open-py3,0,0,0,1,1,7,940,0.0000000000,9,0,2026-08-15T16:48:54,600,2026-08-15T18:24:07+0700
id-n1-052,sea-lion-v4-5-e2b-q4km-local,open-py3,0,0,0,2,2,5,938,0.0000000000,9,0,2026-08-15T16:48:56,600,2026-08-15T18:24:07+0700
id-n1-053,sea-lion-v4-5-e2b-q4km-local,open-py3,1,1,1,1,1,7,949,0.0000000000,11,1,2026-08-15T16:48:58,600,2026-08-15T18:24:07+0700
id-n1-054,sea-lion-v4-5-e2b-q4km-local,open-py3,0,0,0,0,0,7,935,0.0000000000,11,0,2026-08-15T16:49:00,600,2026-08-15T18:24:07+0700
id-n2-001,sea-lion-v4-5-e2b-q4km-local,open-py3,1,0,0,5,5,8,839,0.0000000000,12,0,2026-08-15T16:49:02,600,2026-08-15T18:24:07+0700
id-n2-002,sea-lion-v4-5-e2b-q4km-local,open-py3,1,0,0,3,3,7,940,0.0000000000,12,1,2026-08-15T16:49:04,600,2026-08-15T18:24:07+0700
id-n2-003,sea-lion-v4-5-e2b-q4km-local,open-py3,1,0,0,2,2,7,833,0.0000000000,9,1,2026-08-15T16:49:06,600,2026-08-15T18:24:07+0700
id-n2-004,sea-lion-v4-5-e2b-q4km-local,open-py3,1,0,0,6,6,6,949,0.0000000000,9,0,2026-08-15T16:49:09,600,2026-08-15T18:24:07+0700
id-n2-005,sea-lion-v4-5-e2b-q4km-local,open-py3,1,0,0,6,6,6,1049,0.0000000000,9,0,2026-08-15T16:49:11,600,2026-08-15T18:24:07+0700
id-n2-006,sea-lion-v4-5-e2b-q4km-local,open-py3,1,0,0,1,1,7,839,0.0000000000,10,1,2026-08-15T16:49:13,600,2026-08-15T18:24:07+0700
id-n2-007,sea-lion-v4-5-e2b-q4km-local,open-py3,1,0,0,2,2,6,853,0.0000000000,9,0,2026-08-15T16:49:15,600,2026-08-15T18:24:07+0700
id-n2-008,sea-lion-v4-5-e2b-q4km-local,open-py3,1,0,0,1,1,7,835,0.0000000000,10,0,2026-08-15T16:49:17,600,2026-08-15T18:24:07+0700
id-n2-009,sea-lion-v4-5-e2b-q4km-local,open-py3,1,0,0,3,3,7,944,0.0000000000,10,0,2026-08-15T16:49:19,600,2026-08-15T18:24:07+0700
id-n2-010,sea-lion-v4-5-e2b-q4km-local,open-py3,1,0,0,4,4,6,745,0.0000000000,12,0,2026-08-15T16:49:21,600,2026-08-15T18:24:07+0700
id-n2-011,sea-lion-v4-5-e2b-q4km-local,open-py3,1,0,0,7,7,7,833,0.0000000000,9,1,2026-08-15T16:49:23,600,2026-08-15T18:24:07+0700
id-n2-012,sea-lion-v4-5-e2b-q4km-local,open-py3,1,0,0,3,3,6,1045,0.0000000000,13,0,2026-08-15T16:49:25,600,2026-08-15T18:24:07+0700
id-n2-013,sea-lion-v4-5-e2b-q4km-local,open-py3,1,0,0,1,1,5,835,0.0000000000,8,0,2026-08-15T16:49:27,600,2026-08-15T18:24:07+0700
id-n2-014,sea-lion-v4-5-e2b-q4km-local,open-py3,0,0,0,2,3,6,880,0.0000000000,14,0,2026-08-15T16:49:30,600,2026-08-15T18:24:07+0700
id-n2-015,sea-lion-v4-5-e2b-q4km-local,open-py3,1,0,0,2,2,5,794,0.0000000000,10,0,2026-08-15T16:49:32,600,2026-08-15T18:24:07+0700
id-n1-001,solar-pro4,open-py1,0,0,0,1,1,7,2283,0.0000069000,12,0,2026-08-14T09:39:38,600,2026-08-15T18:24:07+0700
id-n1-002,solar-pro4,open-py1,0,0,0,1,1,8,1944,0.0000075300,16,0,2026-08-14T09:39:41,600,2026-08-15T18:24:07+0700
id-n1-003,solar-pro4,open-py1,0,1,1,2,2,7,19249,0.0000069300,12,1,2026-08-14T09:40:02,600,2026-08-15T18:24:07+0700
id-n1-004,solar-pro4,open-py1,1,2,2,1,1,5,4002,0.0000064500,9,1,2026-08-14T09:40:07,600,2026-08-15T18:24:07+0700
id-n1-005,solar-pro4,open-py1,0,0,0,0,0,6,21654,0.0000069000,12,0,2026-08-14T09:40:30,600,2026-08-15T18:24:07+0700
id-n1-006,solar-pro4,open-py1,0,0,0,1,2,7,28035,0.0000068400,12,1,2026-08-14T09:40:59,600,2026-08-15T18:24:07+0700
id-n1-007,solar-pro4,open-py1,1,2,2,2,2,6,2239,0.0000071700,14,1,2026-08-14T09:41:03,600,2026-08-15T18:24:07+0700
id-n1-008,solar-pro4,open-py1,0,1,1,1,1,6,1964,0.0000068400,12,0,2026-08-14T09:41:06,600,2026-08-15T18:24:07+0700
id-n1-009,solar-pro4,open-py1,0,0,0,1,2,6,53423,0.0000073800,16,1,2026-08-14T09:42:00,600,2026-08-15T18:24:07+0700
id-n1-010,solar-pro4,open-py1,1,0,0,1,1,7,55037,0.0000067800,11,0,2026-08-14T09:42:57,600,2026-08-15T18:24:07+0700
id-n1-011,solar-pro4,open-py1,0,2,2,0,1,7,861,0.0000068700,12,0,2026-08-14T09:42:59,600,2026-08-15T18:24:07+0700
id-n1-012,solar-pro4,open-py1,0,3,4,0,0,8,13893,0.0000072000,14,0,2026-08-14T09:43:14,600,2026-08-15T18:24:07+0700
id-n1-013,solar-pro4,open-py1,0,1,3,1,1,7,38471,0.0000070500,13,0,2026-08-14T09:43:54,600,2026-08-15T18:24:07+0700
id-n1-014,solar-pro4,open-py1,0,1,1,2,2,8,2642,0.0000076200,17,0,2026-08-14T09:43:57,600,2026-08-15T18:24:07+0700
id-n1-015,solar-pro4,open-py1,0,0,0,0,0,5,68312,0.0000068100,12,1,2026-08-14T09:45:07,600,2026-08-15T18:24:07+0700
id-n1-016,solar-pro4,open-py1,1,1,1,2,2,6,41481,0.0000068700,12,0,2026-08-14T09:45:50,600,2026-08-15T18:24:07+0700
id-n1-017,solar-pro4,open-py1,0,2,2,0,0,6,11792,0.0000068400,12,0,2026-08-14T09:46:03,600,2026-08-15T18:24:07+0700
id-n1-018,solar-pro4,open-py1,0,0,1,2,3,6,1736,0.0000071100,14,0,2026-08-14T09:46:06,600,2026-08-15T18:24:07+0700
id-n1-019,solar-pro4,open-py1,1,0,0,1,1,6,2480,0.0000071100,13,0,2026-08-14T09:46:09,600,2026-08-15T18:24:07+0700
id-n1-020,solar-pro4,open-py1,0,3,3,0,3,4,1495,0.0000066900,10,1,2026-08-14T09:46:12,600,2026-08-15T18:24:07+0700
id-n1-021,solar-pro4,open-py1,0,0,1,1,2,6,2238,0.0000071400,14,0,2026-08-14T09:46:15,600,2026-08-15T18:24:07+0700
id-n1-022,solar-pro4,open-py1,0,1,1,2,3,6,1338,0.0000069000,12,0,2026-08-14T09:46:18,600,2026-08-15T18:24:07+0700
id-n1-023,solar-pro4,open-py1,1,1,1,1,1,4,33029,0.0000063900,9,1,2026-08-14T09:46:52,600,2026-08-15T18:24:07+0700
id-n1-024,solar-pro4,open-py1,0,0,0,1,2,6,1711,0.0000068400,12,0,2026-08-14T09:46:55,600,2026-08-15T18:24:07+0700
id-n1-025,solar-pro4,open-py1,0,1,1,2,3,7,2328,0.0000067200,11,0,2026-08-14T09:46:59,600,2026-08-15T18:24:07+0700
id-n1-026,solar-pro4,open-py1,0,0,0,1,1,6,11565,0.0000070800,14,0,2026-08-14T09:47:11,600,2026-08-15T18:24:07+0700
id-n1-027,solar-pro4,open-py1,0,0,0,2,3,6,892,0.0000067200,11,0,2026-08-14T09:47:14,600,2026-08-15T18:24:07+0700
id-n1-028,solar-pro4,open-py1,0,1,1,2,2,9,2120,0.0000070800,13,0,2026-08-14T09:47:17,600,2026-08-15T18:24:07+0700
id-n1-029,solar-pro4,open-py1,0,0,0,2,2,4,5604,0.0000068400,12,0,2026-08-14T09:47:24,600,2026-08-15T18:24:07+0700
id-n1-030,solar-pro4,open-py1,0,1,1,0,0,6,64368,0.0000071400,14,0,2026-08-14T09:48:29,600,2026-08-15T18:24:07+0700
id-n1-031,solar-pro4,open-py1,1,1,1,2,2,7,10051,0.0000066900,11,1,2026-08-14T09:48:40,600,2026-08-15T18:24:07+0700
id-n1-032,solar-pro4,open-py1,1,0,0,1,1,5,1348,0.0000061500,7,0,2026-08-14T09:48:43,600,2026-08-15T18:24:07+0700
id-n1-033,solar-pro4,open-py1,0,0,1,1,1,5,53433,0.0000069000,12,0,2026-08-14T09:49:38,600,2026-08-15T18:24:07+0700
id-n1-034,solar-pro4,open-py1,0,0,0,1,2,7,31398,0.0000069300,12,1,2026-08-14T09:50:10,600,2026-08-15T18:24:07+0700
id-n1-035,solar-pro4,open-py1,0,0,0,0,0,7,2720,0.0000071400,14,0,2026-08-14T09:50:14,600,2026-08-15T18:24:07+0700
id-n1-036,solar-pro4,open-py1,0,0,0,1,1,6,2228,0.0000072600,15,1,2026-08-14T09:50:18,600,2026-08-15T18:24:07+0700
id-n1-037,solar-pro4,open-py1,1,1,1,1,1,7,1503,0.0000069000,12,0,2026-08-14T09:50:20,600,2026-08-15T18:24:07+0700
id-n1-038,solar-pro4,open-py1,0,0,0,1,2,5,6156,0.0000067200,11,0,2026-08-14T09:50:28,600,2026-08-15T18:24:07+0700
id-n1-039,solar-pro4,open-py1,0,1,1,0,0,6,22197,0.0000068700,12,0,2026-08-14T09:50:51,600,2026-08-15T18:24:07+0700
id-n1-040,solar-pro4,open-py1,0,1,1,1,1,5,1564,0.0000064500,9,0,2026-08-14T09:50:54,600,2026-08-15T18:24:07+0700
id-n1-041,solar-pro4,open-py1,0,0,0,2,2,6,71705,0.0000069000,12,1,2026-08-14T09:52:07,600,2026-08-15T18:24:07+0700
id-n1-042,solar-pro4,open-py1,1,1,1,3,3,6,1867,0.0000067500,11,1,2026-08-14T09:52:10,600,2026-08-15T18:24:07+0700
id-n1-043,solar-pro4,open-py1,0,1,1,0,1,6,1633,0.0000069000,12,0,2026-08-14T09:52:13,600,2026-08-15T18:24:07+0700
id-n1-044,solar-pro4,open-py1,0,0,0,1,3,6,1819,0.0000071400,14,0,2026-08-14T09:52:16,600,2026-08-15T18:24:07+0700
id-n1-045,solar-pro4,open-py1,0,1,1,3,3,7,93670,0.0000069300,12,0,2026-08-14T09:53:51,600,2026-08-15T18:24:07+0700
id-n1-046,solar-pro4,open-py1,1,0,0,1,1,5,1709,0.0000067200,11,1,2026-08-14T09:53:54,600,2026-08-15T18:24:07+0700
id-n1-047,solar-pro4,open-py1,1,0,0,3,3,6,2259,0.0000071700,14,0,2026-08-14T09:53:57,600,2026-08-15T18:24:07+0700
id-n1-048,solar-pro4,open-py1,0,0,1,2,2,4,52951,0.0000064200,9,0,2026-08-14T09:54:51,600,2026-08-15T18:24:07+0700
id-n1-049,solar-pro4,open-py1,1,1,1,0,0,6,4939,0.0000071100,14,0,2026-08-14T09:54:57,600,2026-08-15T18:24:07+0700
id-n1-050,solar-pro4,open-py1,0,0,0,0,0,5,5678,0.0000068100,12,1,2026-08-14T09:55:04,600,2026-08-15T18:24:07+0700
id-n1-051,solar-pro4,open-py1,1,0,0,1,1,7,35589,0.0000067500,11,0,2026-08-14T09:55:41,600,2026-08-15T18:24:07+0700
id-n1-052,solar-pro4,open-py1,0,0,0,0,2,4,1892,0.0000066000,10,0,2026-08-14T09:55:44,600,2026-08-15T18:24:07+0700
id-n1-053,solar-pro4,open-py1,1,1,1,1,1,7,2003,0.0000074400,16,1,2026-08-14T09:55:47,600,2026-08-15T18:24:07+0700
id-n1-054,solar-pro4,open-py1,1,0,0,0,0,7,19442,0.0000069600,12,0,2026-08-14T09:56:08,600,2026-08-15T18:24:07+0700
id-n2-001,solar-pro4,open-py1,0,0,0,2,5,8,1490,0.0000069600,13,0,2026-08-14T09:56:11,600,2026-08-15T18:24:07+0700
id-n2-002,solar-pro4,open-py1,0,0,0,2,3,7,1689,0.0000072900,15,1,2026-08-14T09:56:14,600,2026-08-15T18:24:07+0700
id-n2-003,solar-pro4,open-py1,0,0,0,2,2,9,5473,0.0000069000,13,1,2026-08-14T09:56:20,600,2026-08-15T18:24:07+0700
id-n2-004,solar-pro4,open-py1,1,0,0,6,6,6,1361,0.0000063900,9,0,2026-08-14T09:56:23,600,2026-08-15T18:24:07+0700
id-n2-005,solar-pro4,open-py1,1,0,0,6,6,6,1572,0.0000068400,12,0,2026-08-14T09:56:26,600,2026-08-15T18:24:07+0700
id-n2-006,solar-pro4,open-py1,1,0,0,1,1,7,36040,0.0000066900,11,1,2026-08-14T09:57:03,600,2026-08-15T18:24:07+0700
id-n2-007,solar-pro4,open-py1,1,0,0,2,2,6,1382,0.0000068400,12,0,2026-08-14T09:57:06,600,2026-08-15T18:24:07+0700
id-n2-008,solar-pro4,open-py1,1,0,0,1,1,7,2737,0.0000074100,16,0,2026-08-14T09:57:09,600,2026-08-15T18:24:07+0700
id-n2-009,solar-pro4,open-py1,1,0,0,3,3,7,1648,0.0000069900,13,0,2026-08-14T09:57:12,600,2026-08-15T18:24:07+0700
id-n2-010,solar-pro4,open-py1,1,0,0,4,4,6,1867,0.0000071400,14,0,2026-08-14T09:57:15,600,2026-08-15T18:24:07+0700
id-n2-011,solar-pro4,open-py1,1,0,0,7,7,7,1383,0.0000063900,9,1,2026-08-14T09:57:18,600,2026-08-15T18:24:07+0700
id-n2-012,solar-pro4,open-py1,1,0,0,3,3,6,2684,0.0000075600,17,0,2026-08-14T09:57:22,600,2026-08-15T18:24:07+0700
id-n2-013,solar-pro4,open-py1,1,0,0,1,1,5,22365,0.0000065400,10,0,2026-08-14T09:57:45,600,2026-08-15T18:24:07+0700
id-n2-014,solar-pro4,open-py1,1,0,0,3,3,6,37582,0.0000071400,14,0,2026-08-14T09:58:24,600,2026-08-15T18:24:07+0700
id-n2-015,solar-pro4,open-py1,1,0,0,2,2,5,42041,0.0000069600,13,0,2026-08-14T09:59:08,600,2026-08-15T18:24:07+0700
id-n1-001,solar-pro4,open-py2,1,0,0,1,1,7,32074,0.0000078900,13,0,2026-08-14T09:59:49,600,2026-08-15T18:24:07+0700
id-n1-002,solar-pro4,open-py2,1,0,0,1,1,8,7185,0.0000084000,16,0,2026-08-14T09:59:58,600,2026-08-15T18:24:07+0700
id-n1-003,solar-pro4,open-py2,0,1,1,2,2,7,40241,0.0000076800,11,1,2026-08-14T10:00:39,600,2026-08-15T18:24:07+0700
id-n1-004,solar-pro4,open-py2,1,2,2,1,1,5,41356,0.0000073200,9,1,2026-08-14T10:01:22,600,2026-08-15T18:24:07+0700
id-n1-005,solar-pro4,open-py2,0,0,0,0,0,6,1817,0.0000077700,12,0,2026-08-14T10:01:25,600,2026-08-15T18:24:07+0700
id-n1-006,solar-pro4,open-py2,1,0,0,2,2,7,29116,0.0000075900,11,1,2026-08-14T10:01:55,600,2026-08-15T18:24:07+0700
id-n1-007,solar-pro4,open-py2,1,2,2,2,2,6,1680,0.0000080400,14,1,2026-08-14T10:01:58,600,2026-08-15T18:24:07+0700
id-n1-008,solar-pro4,open-py2,0,0,1,1,1,6,16599,0.0000077100,12,0,2026-08-14T10:02:16,600,2026-08-15T18:24:07+0700
id-n1-009,solar-pro4,open-py2,0,0,0,1,2,6,34275,0.0000080100,14,1,2026-08-14T10:02:51,600,2026-08-15T18:24:07+0700
id-n1-010,solar-pro4,open-py2,1,0,0,1,1,7,22084,0.0000076500,11,0,2026-08-14T10:03:15,600,2026-08-15T18:24:07+0700
id-n1-011,solar-pro4,open-py2,0,1,2,1,1,6,34670,0.0000076200,11,0,2026-08-14T10:03:50,600,2026-08-15T18:24:07+0700
id-n1-012,solar-pro4,open-py2,1,4,4,0,0,8,60502,0.0000080700,14,0,2026-08-14T10:04:52,600,2026-08-15T18:24:07+0700
id-n1-013,solar-pro4,open-py2,0,0,3,1,1,7,80586,0.0000081600,15,0,2026-08-14T10:06:14,600,2026-08-15T18:24:07+0700
id-n1-014,solar-pro4,open-py2,0,0,1,2,2,8,37684,0.0000084900,17,0,2026-08-14T10:06:53,600,2026-08-15T18:24:07+0700
id-n1-015,solar-pro4,open-py2,0,0,0,0,0,6,1850,0.0000075600,11,1,2026-08-14T10:06:56,600,2026-08-15T18:24:07+0700
id-n1-016,solar-pro4,open-py2,1,1,1,2,2,6,2101,0.0000077400,12,0,2026-08-14T10:06:59,600,2026-08-15T18:24:07+0700
id-n1-017,solar-pro4,open-py2,1,2,2,0,0,6,1691,0.0000075900,11,0,2026-08-14T10:07:02,600,2026-08-15T18:24:07+0700
id-n1-018,solar-pro4,open-py2,0,0,1,3,3,6,48241,0.0000077400,12,0,2026-08-14T10:07:52,600,2026-08-15T18:24:07+0700
id-n1-019,solar-pro4,open-py2,1,0,0,1,1,6,1802,0.0000079800,13,0,2026-08-14T10:07:55,600,2026-08-15T18:24:07+0700
id-n1-020,solar-pro4,open-py2,0,3,3,2,3,6,1242,0.0000076800,11,1,2026-08-14T10:07:57,600,2026-08-15T18:24:07+0700
id-n1-021,solar-pro4,open-py2,0,0,1,2,2,6,2634,0.0000078900,13,0,2026-08-14T10:08:01,600,2026-08-15T18:24:07+0700
id-n1-022,solar-pro4,open-py2,0,1,1,3,3,6,24162,0.0000076500,11,0,2026-08-14T10:08:26,600,2026-08-15T18:24:07+0700
id-n1-023,solar-pro4,open-py2,0,0,1,1,1,4,3533,0.0000073800,10,1,2026-08-14T10:08:31,600,2026-08-15T18:24:07+0700
id-n1-024,solar-pro4,open-py2,0,0,0,2,2,6,1429,0.0000077100,12,0,2026-08-14T10:08:34,600,2026-08-15T18:24:07+0700
id-n1-025,solar-pro4,open-py2,1,1,1,3,3,7,36149,0.0000077100,12,0,2026-08-14T10:09:11,600,2026-08-15T18:24:07+0700
id-n1-026,solar-pro4,open-py2,1,0,0,1,1,6,44129,0.0000078300,13,0,2026-08-14T10:09:56,600,2026-08-15T18:24:07+0700
id-n1-027,solar-pro4,open-py2,1,0,0,3,3,6,1783,0.0000074700,10,0,2026-08-14T10:09:59,600,2026-08-15T18:24:07+0700
id-n1-028,solar-pro4,open-py2,0,0,1,2,2,9,1484,0.0000080700,14,0,2026-08-14T10:10:02,600,2026-08-15T18:24:07+0700
id-n1-029,solar-pro4,open-py2,0,0,0,2,2,4,19349,0.0000077100,12,0,2026-08-14T10:10:23,600,2026-08-15T18:24:07+0700
id-n1-030,solar-pro4,open-py2,1,1,1,0,0,6,8571,0.0000077700,12,0,2026-08-14T10:10:32,600,2026-08-15T18:24:07+0700
id-n1-031,solar-pro4,open-py2,1,1,1,2,2,7,15271,0.0000074400,10,1,2026-08-14T10:10:49,600,2026-08-15T18:24:07+0700
id-n1-032,solar-pro4,open-py2,1,0,0,1,1,5,5339,0.0000070200,7,0,2026-08-14T10:10:55,600,2026-08-15T18:24:07+0700
id-n1-033,solar-pro4,open-py2,0,0,1,1,1,5,77090,0.0000080100,14,0,2026-08-14T10:12:14,600,2026-08-15T18:24:07+0700
id-n1-034,solar-pro4,open-py2,1,0,0,2,2,7,19239,0.0000078000,12,1,2026-08-14T10:12:34,600,2026-08-15T18:24:07+0700
id-n1-035,solar-pro4,open-py2,0,0,0,0,0,7,2184,0.0000081300,15,0,2026-08-14T10:12:38,600,2026-08-15T18:24:07+0700
id-n1-036,solar-pro4,open-py2,1,0,0,1,1,6,5268,0.0000081300,15,1,2026-08-14T10:12:44,600,2026-08-15T18:24:07+0700
id-n1-037,solar-pro4,open-py2,0,0,1,1,1,7,3230,0.0000078900,13,0,2026-08-14T10:12:48,600,2026-08-15T18:24:07+0700
id-n1-038,solar-pro4,open-py2,0,0,0,2,2,5,30111,0.0000077100,12,0,2026-08-14T10:13:27,600,2026-08-15T18:24:07+0700
id-n1-039,solar-pro4,open-py2,0,1,1,0,0,6,2354,0.0000076200,11,0,2026-08-14T10:13:31,600,2026-08-15T18:24:07+0700
id-n1-040,solar-pro4,open-py2,1,1,1,1,1,5,1527,0.0000074400,10,0,2026-08-14T10:13:34,600,2026-08-15T18:24:07+0700
id-n1-041,solar-pro4,open-py2,1,0,0,2,2,6,34397,0.0000077700,12,1,2026-08-14T10:14:09,600,2026-08-15T18:24:07+0700
id-n1-042,solar-pro4,open-py2,1,1,1,3,3,6,1653,0.0000076200,11,1,2026-08-14T10:14:12,600,2026-08-15T18:24:07+0700
id-n1-043,solar-pro4,open-py2,0,0,1,1,1,6,20096,0.0000080100,14,0,2026-08-14T10:14:34,600,2026-08-15T18:24:07+0700
id-n1-044,solar-pro4,open-py2,0,0,0,3,3,6,3695,0.0000080100,14,0,2026-08-14T10:14:38,600,2026-08-15T18:24:07+0700
id-n1-045,solar-pro4,open-py2,1,1,1,3,3,7,26534,0.0000079200,13,0,2026-08-14T10:15:06,600,2026-08-15T18:24:07+0700
id-n1-046,solar-pro4,open-py2,1,0,0,1,1,5,1403,0.0000074700,10,1,2026-08-14T10:15:09,600,2026-08-15T18:24:07+0700
id-n1-047,solar-pro4,open-py2,1,0,0,3,3,6,1344,0.0000079200,13,0,2026-08-14T10:15:11,600,2026-08-15T18:24:07+0700
id-n1-048,solar-pro4,open-py2,0,0,1,2,2,5,2250,0.0000074100,10,0,2026-08-14T10:15:15,600,2026-08-15T18:24:07+0700
id-n1-049,solar-pro4,open-py2,0,0,1,0,0,6,746,0.0000079800,14,0,2026-08-14T10:15:17,600,2026-08-15T18:24:07+0700
id-n1-050,solar-pro4,open-py2,0,0,0,0,0,5,1385,0.0000076800,12,1,2026-08-14T10:15:19,600,2026-08-15T18:24:07+0700
id-n1-051,solar-pro4,open-py2,1,0,0,1,1,7,76101,0.0000076200,11,0,2026-08-14T10:16:37,600,2026-08-15T18:24:07+0700
id-n1-052,solar-pro4,open-py2,0,0,0,2,2,5,1763,0.0000074700,10,0,2026-08-14T10:16:40,600,2026-08-15T18:24:07+0700
id-n1-053,solar-pro4,open-py2,0,0,1,1,1,7,24476,0.0000083100,16,1,2026-08-14T10:17:05,600,2026-08-15T18:24:07+0700
id-n1-054,solar-pro4,open-py2,1,0,0,0,0,7,4503,0.0000078300,12,0,2026-08-14T10:17:11,600,2026-08-15T18:24:07+0700
id-n2-001,solar-pro4,open-py2,1,0,0,5,5,8,1470,0.0000077100,12,0,2026-08-14T10:17:14,600,2026-08-15T18:24:07+0700
id-n2-002,solar-pro4,open-py2,1,0,0,3,3,7,3811,0.0000081600,15,1,2026-08-14T10:17:19,600,2026-08-15T18:24:07+0700
id-n2-003,solar-pro4,open-py2,1,0,0,2,2,7,2316,0.0000075300,11,1,2026-08-14T10:17:22,600,2026-08-15T18:24:07+0700
id-n2-004,solar-pro4,open-py2,1,0,0,6,6,6,28490,0.0000072600,9,0,2026-08-14T10:17:52,600,2026-08-15T18:24:07+0700
id-n2-005,solar-pro4,open-py2,1,0,0,6,6,6,1736,0.0000078300,13,0,2026-08-14T10:17:55,600,2026-08-15T18:24:07+0700
id-n2-006,solar-pro4,open-py2,1,0,0,1,1,7,1984,0.0000075600,11,1,2026-08-14T10:17:58,600,2026-08-15T18:24:07+0700
id-n2-007,solar-pro4,open-py2,1,0,0,2,2,6,13888,0.0000077100,12,0,2026-08-14T10:18:13,600,2026-08-15T18:24:07+0700
id-n2-008,solar-pro4,open-py2,1,0,0,1,1,7,14771,0.0000082800,16,0,2026-08-14T10:18:29,600,2026-08-15T18:24:07+0700
id-n2-009,solar-pro4,open-py2,1,0,0,3,3,7,70380,0.0000078600,13,0,2026-08-14T10:19:41,600,2026-08-15T18:24:07+0700
id-n2-010,solar-pro4,open-py2,1,0,0,4,4,6,35129,0.0000080100,14,0,2026-08-14T10:20:17,600,2026-08-15T18:24:07+0700
id-n2-011,solar-pro4,open-py2,1,0,0,7,7,7,1604,0.0000072600,9,1,2026-08-14T10:20:20,600,2026-08-15T18:24:07+0700
id-n2-012,solar-pro4,open-py2,1,0,0,3,3,6,9725,0.0000083100,16,0,2026-08-14T10:20:31,600,2026-08-15T18:24:07+0700
id-n2-013,solar-pro4,open-py2,1,0,0,1,1,5,1942,0.0000075300,11,0,2026-08-14T10:20:34,600,2026-08-15T18:24:07+0700
id-n2-014,solar-pro4,open-py2,1,0,0,3,3,6,11997,0.0000081300,15,0,2026-08-14T10:20:47,600,2026-08-15T18:24:07+0700
id-n2-015,solar-pro4,open-py2,1,0,0,2,2,5,2571,0.0000077100,12,0,2026-08-14T10:20:51,600,2026-08-15T18:24:07+0700
id-n1-001,solar-pro4,open-py3,1,0,0,1,1,7,1714,0.0000075900,13,0,2026-08-14T10:21:09,600,2026-08-15T18:24:07+0700
id-n1-002,solar-pro4,open-py3,1,0,0,1,1,8,19784,0.0000081000,16,0,2026-08-14T10:21:30,600,2026-08-15T18:24:07+0700
id-n1-003,solar-pro4,open-py3,0,1,1,2,2,7,70431,0.0000075000,12,1,2026-08-14T10:22:42,600,2026-08-15T18:24:07+0700
id-n1-004,solar-pro4,open-py3,1,2,2,1,1,5,1495,0.0000070200,9,1,2026-08-14T10:22:45,600,2026-08-15T18:24:07+0700
id-n1-005,solar-pro4,open-py3,0,0,0,0,0,6,1459,0.0000074700,12,0,2026-08-14T10:22:47,600,2026-08-15T18:24:07+0700
id-n1-006,solar-pro4,open-py3,1,0,0,2,2,7,1434,0.0000072900,11,1,2026-08-14T10:22:50,600,2026-08-15T18:24:07+0700
id-n1-007,solar-pro4,open-py3,1,2,2,2,2,6,1666,0.0000077400,14,1,2026-08-14T10:22:53,600,2026-08-15T18:24:07+0700
id-n1-008,solar-pro4,open-py3,1,1,1,1,1,6,1292,0.0000072900,11,0,2026-08-14T10:22:56,600,2026-08-15T18:24:07+0700
id-n1-009,solar-pro4,open-py3,0,0,0,1,2,6,38585,0.0000077100,14,1,2026-08-14T10:23:35,600,2026-08-15T18:24:07+0700
id-n1-010,solar-pro4,open-py3,1,0,0,1,1,7,22990,0.0000074700,12,0,2026-08-14T10:24:00,600,2026-08-15T18:24:07+0700
id-n1-011,solar-pro4,open-py3,0,0,2,1,1,6,1796,0.0000076800,14,0,2026-08-14T10:24:03,600,2026-08-15T18:24:07+0700
id-n1-012,solar-pro4,open-py3,1,4,4,0,0,8,2180,0.0000077700,14,0,2026-08-14T10:24:06,600,2026-08-15T18:24:07+0700
id-n1-013,solar-pro4,open-py3,0,1,3,1,1,7,1872,0.0000077400,14,0,2026-08-14T10:24:09,600,2026-08-15T18:24:07+0700
id-n1-014,solar-pro4,open-py3,0,1,1,2,2,8,31905,0.0000081900,17,0,2026-08-14T10:24:42,600,2026-08-15T18:24:07+0700
id-n1-015,solar-pro4,open-py3,0,0,0,0,0,5,51286,0.0000071400,10,1,2026-08-14T10:25:35,600,2026-08-15T18:24:07+0700
id-n1-016,solar-pro4,open-py3,1,1,1,2,2,6,1646,0.0000073200,11,0,2026-08-14T10:25:37,600,2026-08-15T18:24:07+0700
id-n1-017,solar-pro4,open-py3,1,2,2,0,0,6,1486,0.0000072900,11,0,2026-08-14T10:25:40,600,2026-08-15T18:24:07+0700
id-n1-018,solar-pro4,open-py3,0,0,1,3,3,6,55581,0.0000076800,14,0,2026-08-14T10:26:37,600,2026-08-15T18:24:07+0700
id-n1-019,solar-pro4,open-py3,1,0,0,1,1,6,2288,0.0000076800,13,0,2026-08-14T10:26:40,600,2026-08-15T18:24:07+0700
id-n1-020,solar-pro4,open-py3,0,3,3,2,3,6,4722,0.0000073800,11,1,2026-08-14T10:26:46,600,2026-08-15T18:24:07+0700
id-n1-021,solar-pro4,open-py3,0,0,1,2,2,6,1600,0.0000077100,14,0,2026-08-14T10:26:49,600,2026-08-15T18:24:07+0700
id-n1-022,solar-pro4,open-py3,0,1,1,2,3,7,37541,0.0000075900,13,0,2026-08-14T10:27:28,600,2026-08-15T18:24:07+0700
id-n1-023,solar-pro4,open-py3,0,0,1,1,1,4,10174,0.0000070800,10,1,2026-08-14T10:27:39,600,2026-08-15T18:24:07+0700
id-n1-024,solar-pro4,open-py3,0,0,0,2,2,6,1833,0.0000074100,12,0,2026-08-14T10:27:42,600,2026-08-15T18:24:07+0700
id-n1-025,solar-pro4,open-py3,1,1,1,3,3,7,18012,0.0000072900,11,0,2026-08-14T10:28:02,600,2026-08-15T18:24:07+0700
id-n1-026,solar-pro4,open-py3,1,0,0,1,1,6,8746,0.0000075300,13,0,2026-08-14T10:28:12,600,2026-08-15T18:24:07+0700
id-n1-027,solar-pro4,open-py3,1,0,0,3,3,6,1376,0.0000071700,10,0,2026-08-14T10:28:14,600,2026-08-15T18:24:07+0700
id-n1-028,solar-pro4,open-py3,0,0,1,2,2,9,33072,0.0000077700,14,0,2026-08-14T10:28:48,600,2026-08-15T18:24:07+0700
id-n1-029,solar-pro4,open-py3,0,0,0,2,2,4,1486,0.0000074100,12,0,2026-08-14T10:28:51,600,2026-08-15T18:24:07+0700
id-n1-030,solar-pro4,open-py3,1,1,1,0,0,6,1589,0.0000074700,12,0,2026-08-14T10:28:54,600,2026-08-15T18:24:07+0700
id-n1-031,solar-pro4,open-py3,1,1,1,2,2,7,1457,0.0000072600,11,1,2026-08-14T10:28:57,600,2026-08-15T18:24:07+0700
id-n1-032,solar-pro4,open-py3,1,0,0,1,1,5,1307,0.0000068400,8,0,2026-08-14T10:28:59,600,2026-08-15T18:24:07+0700
id-n1-033,solar-pro4,open-py3,0,0,1,1,1,5,40238,0.0000077100,14,0,2026-08-14T10:29:41,600,2026-08-15T18:24:07+0700
id-n1-034,solar-pro4,open-py3,1,0,0,2,2,7,1762,0.0000075000,12,1,2026-08-14T10:29:44,600,2026-08-15T18:24:07+0700
id-n1-035,solar-pro4,open-py3,0,0,0,0,0,7,1887,0.0000078300,15,0,2026-08-14T10:29:47,600,2026-08-15T18:24:07+0700
id-n1-036,solar-pro4,open-py3,1,0,0,1,1,6,2052,0.0000078300,15,1,2026-08-14T10:29:50,600,2026-08-15T18:24:07+0700
id-n1-037,solar-pro4,open-py3,0,0,1,1,1,7,26866,0.0000075900,13,0,2026-08-14T10:30:18,600,2026-08-15T18:24:07+0700
id-n1-038,solar-pro4,open-py3,0,0,0,1,2,5,1737,0.0000072900,11,0,2026-08-14T10:30:21,600,2026-08-15T18:24:07+0700
id-n1-039,solar-pro4,open-py3,0,1,1,0,0,6,2031,0.0000074400,12,0,2026-08-14T10:30:24,600,2026-08-15T18:24:07+0700
id-n1-040,solar-pro4,open-py3,1,1,1,1,1,5,1683,0.0000072600,11,0,2026-08-14T10:30:27,600,2026-08-15T18:24:07+0700
id-n1-041,solar-pro4,open-py3,1,0,0,2,2,6,27666,0.0000074700,12,1,2026-08-14T10:30:56,600,2026-08-15T18:24:07+0700
id-n1-042,solar-pro4,open-py3,1,1,1,3,3,6,41595,0.0000074400,12,1,2026-08-14T10:31:39,600,2026-08-15T18:24:07+0700
id-n1-043,solar-pro4,open-py3,0,0,1,1,1,6,2275,0.0000078300,15,0,2026-08-14T10:31:42,600,2026-08-15T18:24:07+0700
id-n1-044,solar-pro4,open-py3,1,0,0,3,3,6,10306,0.0000075900,13,0,2026-08-14T10:31:54,600,2026-08-15T18:24:07+0700
id-n1-045,solar-pro4,open-py3,0,0,1,3,3,7,1767,0.0000079800,16,0,2026-08-14T10:31:57,600,2026-08-15T18:24:07+0700
id-n1-046,solar-pro4,open-py3,1,0,0,1,1,5,23880,0.0000071700,10,1,2026-08-14T10:32:22,600,2026-08-15T18:24:07+0700
id-n1-047,solar-pro4,open-py3,1,0,0,3,3,6,4382,0.0000076200,13,0,2026-08-14T10:32:27,600,2026-08-15T18:24:07+0700
id-n1-048,solar-pro4,open-py3,0,0,1,2,2,5,15758,0.0000071100,10,0,2026-08-14T10:32:44,600,2026-08-15T18:24:07+0700
id-n1-049,solar-pro4,open-py3,1,1,1,0,0,6,25691,0.0000076800,14,0,2026-08-14T10:33:11,600,2026-08-15T18:24:07+0700
id-n1-050,solar-pro4,open-py3,0,0,0,0,0,6,18068,0.0000073800,12,1,2026-08-14T10:33:31,600,2026-08-15T18:24:07+0700
id-n1-051,solar-pro4,open-py3,1,0,0,1,1,7,1436,0.0000073200,11,0,2026-08-14T10:33:33,600,2026-08-15T18:24:07+0700
id-n1-052,solar-pro4,open-py3,0,0,0,2,2,5,1257,0.0000071700,10,0,2026-08-14T10:33:36,600,2026-08-15T18:24:07+0700
id-n1-053,solar-pro4,open-py3,0,0,1,1,1,7,2104,0.0000080100,16,1,2026-08-14T10:33:39,600,2026-08-15T18:24:07+0700
id-n1-054,solar-pro4,open-py3,1,0,0,0,0,7,37185,0.0000075300,12,0,2026-08-14T10:34:17,600,2026-08-15T18:24:07+0700
id-n2-001,solar-pro4,open-py3,1,0,0,5,5,8,49919,0.0000074100,12,0,2026-08-14T10:35:08,600,2026-08-15T18:24:07+0700
id-n2-002,solar-pro4,open-py3,1,0,0,3,3,7,2002,0.0000078600,15,1,2026-08-14T10:35:12,600,2026-08-15T18:24:07+0700
id-n2-003,solar-pro4,open-py3,1,0,0,2,2,7,11813,0.0000072300,11,1,2026-08-14T10:35:25,600,2026-08-15T18:24:07+0700
id-n2-004,solar-pro4,open-py3,1,0,0,6,6,6,44660,0.0000069600,9,0,2026-08-14T10:36:11,600,2026-08-15T18:24:07+0700
id-n2-005,solar-pro4,open-py3,1,0,0,6,6,6,15582,0.0000074100,12,0,2026-08-14T10:36:27,600,2026-08-15T18:24:07+0700
id-n2-006,solar-pro4,open-py3,1,0,0,1,1,7,1653,0.0000072600,11,1,2026-08-14T10:36:30,600,2026-08-15T18:24:07+0700
id-n2-007,solar-pro4,open-py3,1,0,0,2,2,6,1526,0.0000074100,12,0,2026-08-14T10:36:33,600,2026-08-15T18:24:07+0700
id-n2-008,solar-pro4,open-py3,1,0,0,1,1,7,15999,0.0000079800,16,0,2026-08-14T10:36:50,600,2026-08-15T18:24:07+0700
id-n2-009,solar-pro4,open-py3,1,0,0,3,3,7,10599,0.0000075600,13,0,2026-08-14T10:37:02,600,2026-08-15T18:24:07+0700
id-n2-010,solar-pro4,open-py3,1,0,0,4,4,6,1758,0.0000077100,14,0,2026-08-14T10:37:05,600,2026-08-15T18:24:07+0700
id-n2-011,solar-pro4,open-py3,1,0,0,7,7,7,39269,0.0000069600,9,1,2026-08-14T10:37:45,600,2026-08-15T18:24:07+0700
id-n2-012,solar-pro4,open-py3,1,0,0,3,3,6,5559,0.0000080100,16,0,2026-08-14T10:37:52,600,2026-08-15T18:24:07+0700
id-n2-013,solar-pro4,open-py3,1,0,0,1,1,5,4491,0.0000072300,11,0,2026-08-14T10:37:58,600,2026-08-15T18:24:07+0700
id-n2-014,solar-pro4,open-py3,1,0,0,3,3,6,2161,0.0000078300,15,0,2026-08-14T10:38:01,600,2026-08-15T18:24:07+0700
id-n2-015,solar-pro4,open-py3,1,0,0,2,2,5,2271,0.0000074100,12,0,2026-08-14T10:38:05,600,2026-08-15T18:24:07+0700
